Time (UTC),12/26/25,12/27/25,12/28/25,12/29/25,12/30/25,12/31/25,01/01/26,01/02/26,01/03/26,01/04/26,01/05/26,01/06/26,01/07/26,01/08/26,01/09/26,01/10/26,01/11/26,01/12/26,01/13/26,01/14/26,01/15/26,01/16/26,01/17/26,01/18/26,01/19/26,01/20/26,01/21/26,01/22/26,01/23/26,01/24/26,01/25/26,01/26/26,01/27/26,01/28/26,01/29/26,01/30/26,01/31/26,02/01/26,02/02/26,02/03/26,02/04/26,02/05/26,02/06/26,02/07/26,02/08/26,02/09/26,02/10/26,02/11/26,02/12/26,02/13/26,02/14/26,02/15/26,02/16/26,02/17/26,02/18/26,02/19/26,02/20/26,02/21/26,02/22/26,02/23/26,02/24/26,02/25/26,02/26/26,02/27/26,02/28/26,03/01/26,03/02/26,03/03/26,03/04/26,03/05/26,03/06/26,03/07/26,03/08/26,03/09/26,03/10/26,03/11/26,03/12/26,03/13/26,03/14/26,03/15/26,03/16/26,03/17/26,03/18/26,03/19/26,03/20/26,03/21/26,03/22/26,03/23/26,03/24/26,03/25/26,03/26/26,03/27/26,03/28/26,03/29/26,03/30/26,03/31/26,04/01/26,04/02/26,04/03/26,04/04/26,04/05/26,04/06/26,04/07/26,04/08/26,04/09/26,04/10/26,04/11/26,04/12/26,04/13/26,04/14/26,04/15/26,04/16/26,04/17/26,04/18/26,04/19/26,04/20/26,04/21/26,04/22/26,04/23/26,04/24/26,04/25/26,04/26/26,04/27/26,04/28/26,04/29/26,04/30/26,05/01/26,05/02/26,05/03/26,05/04/26,05/05/26,05/06/26,05/07/26,05/08/26,05/09/26,05/10/26,05/11/26,05/12/26,05/13/26,05/14/26,05/15/26,05/16/26,05/17/26,05/18/26,05/19/26,05/20/26,05/21/26,05/22/26,05/23/26,05/24/26,05/25/26,05/26/26,05/27/26,05/28/26,05/29/26,05/30/26,05/31/26,06/01/26,06/02/26,06/03/26,06/04/26,06/05/26,06/06/26,06/07/26,06/08/26,06/09/26,06/10/26,06/11/26,06/12/26,06/13/26,06/14/26,06/15/26,06/16/26,06/17/26,06/18/26,06/19/26,06/20/26,06/21/26,06/22/26,06/23/26,06/24/26,06/25/26,06/26/26,06/27/26,06/28/26,06/29/26,06/30/26,07/01/26,07/02/26,07/03/26,07/04/26,07/05/26,07/06/26,07/07/26,07/08/26,07/09/26,07/10/26,07/11/26,07/12/26,07/13/26,07/14/26,07/15/26,07/16/26,07/17/26,07/18/26,07/19/26,07/20/26,07/21/26,07/22/26,07/23/26,07/24/26,07/25/26,07/26/26,07/27/26,07/28/26,07/29/26,07/30/26,07/31/26,08/01/26,08/02/26,08/03/26,08/04/26,08/05/26,08/06/26,08/07/26,08/08/26,08/09/26,08/10/26,08/11/26,08/12/26,08/13/26
00:00,,0.0,0.0,0.0,0.0,0.0,0.0,0.0,0.0,0.0,0.0,0.0,0.0,0.0,0.13333333333333333,0.0,0.0,0.0,0.0,0.0,0.0,0.0,0.0,0.0,0.0,0.0,0.0,0.0,0.0,0.0,0.0,0.0,0.0,0.0,0.0,,0.0,0.0,0.0,0.0,0.0,0.0,0.0,0.0,0.0,0.0,0.0,0.06666666666666667,0.0,0.0,0.0,0.0,0.0,0.0,0.0,0.0,0.0,0.0,0.0,0.0,0.0,0.0,0.0,0.0,0.0,0.06666666666666667,0.06666666666666667,0.0,0.0,0.0,0.06666666666666667,0.0,0.0,0.0,0.0,0.0,0.0,0.0,0.0,0.0,0.0,0.0,0.0,0.0,0.0,0.0,0.06666666666666667,0.0,0.0,0.0,0.0,0.0,0.0,0.0,0.0,0.0,0.0,0.0,0.0,0.0,0.0,0.13333333333333333,0.0,0.0,0.0,0.0,0.06666666666666667,0.0,0.06666666666666667,0.06666666666666667,0.06666666666666667,0.0,0.0,0.0,0.06666666666666667,0.13333333333333333,0.0,0.0,0.0,0.0,0.0,0.06666666666666667,0.0,0.0,0.0,0.19999999999999998,0.0,0.06666666666666667,0.0,0.13333333333333333,,,,,,,,,,,,,,,0.0,0.0,0.0,0.0,0.0,0.0,0.06666666666666667,0.0,0.0,0.0,0.0,0.0,0.0,,0.06666666666666667,0.0,0.0,0.0,0.0,0.0,0.0,,,0.0,0.06666666666666667,0.06666666666666667,0.0,0.0,0.06666666666666667,0.0,0.06666666666666667,0.06666666666666667,0.0,0.06666666666666667,0.06666666666666667,0.06666666666666667,0.06666666666666667,0.0,0.06666666666666667,0.06666666666666667,0.0,0.0,0.13333333333333333,0.0,0.26666666666666666,0.13333333333333333,0.20000000000000004,0.4000000000000001,0.0,0.06666666666666667,0.0,0.0,0.20000000000000004,0.20000000000000004,0.0,0.0,0.0,0.0,0.06666666666666667,0.06666666666666667,0.0,0.13333333333333333,0.3333333333333333,0.0,0.0,0.0,,0.06666666666666667,0.06666666666666667,0.0,0.0,0.20000000000000004,0.06666666666666667,0.0,0.0,0.0,0.0,0.0,0.06666666666666667,0.06666666666666667,0.0,0.0,0.06666666666666667,0.0,0.0,0.0,0.06666666666666667
00:30,,0.0,0.0,0.0,0.0,0.0,0.0,0.06666666666666667,0.0,0.0,0.0,0.0,0.0,0.0,0.0,0.0,0.0,0.0,0.0,0.0,0.0,0.0,0.0,0.0,0.0,0.0,0.06666666666666667,0.0,0.0,0.0,0.0,0.0,0.0,0.0,0.0,,0.0,0.0,0.0,0.0,0.0,0.0,0.0,0.06666666666666667,0.0,0.0,0.0,0.0,0.0,0.0,0.0,0.13333333333333333,0.0,0.0,0.0,0.06666666666666667,0.0,0.0,0.0,0.0,0.0,0.0,0.0,0.0,0.0,0.0,0.0,0.0,0.0,0.0,0.0,0.0,0.0,0.0,0.0,0.0,0.0,0.0,0.0,0.0,0.0,0.0,0.0,0.0,0.0,0.0,0.0,0.0,0.0,0.0,0.0,0.0,0.0,0.0,0.0,0.0,0.0,0.0,0.0,0.0,0.13333333333333333,0.19999999999999998,0.06666666666666667,0.0,0.0,0.0,0.0,0.0,0.0,0.0,0.13333333333333333,0.0,0.0,0.0,0.0,0.0,0.0,0.0,0.06666666666666667,0.0,0.0,0.0,0.0,0.06666666666666667,0.0,0.0,0.0,0.0,0.0,0.0,,,,,,,,,,,,,,,0.0,0.0,0.0,0.0,0.0,0.0,0.06666666666666667,0.0,0.06666666666666667,0.0,0.13333333333333333,0.0,0.0,,0.06666666666666667,0.0,0.0,0.0,0.0,0.0,0.0,,,0.0,0.0,0.0,0.06666666666666667,0.06666666666666667,0.0,0.0,0.0,0.06666666666666667,0.06666666666666667,0.06666666666666667,0.13333333333333333,0.06666666666666667,0.0,0.06666666666666667,0.20000000000000004,0.0,0.0,0.13333333333333333,0.06666666666666667,0.06666666666666667,0.13333333333333333,0.13333333333333333,0.20000000000000004,0.20000000000000004,0.13333333333333333,0.13333333333333333,0.19999999999999998,0.0,0.20000000000000004,0.0,0.0,0.0,0.0,0.0,0.06666666666666667,0.06666666666666667,0.0,0.06666666666666667,0.06666666666666667,0.0,0.19999999999999998,0.0,,0.06666666666666667,0.0,0.0,0.06666666666666667,0.0,0.0,0.0,0.0,0.0,0.0,0.0,0.0,0.0,0.13333333333333333,0.06666666666666667,0.13333333333333333,0.06666666666666667,0.0,0.0,0.0
01:00,,0.0,0.0,0.0,0.0,0.0,0.0,0.0,0.0,0.0,0.0,0.0,0.0,0.0,0.0,0.0,0.0,0.0,0.0,0.0,0.0,0.0,0.0,0.0,0.0,0.0,0.06666666666666667,0.0,0.0,0.0,0.0,0.0,0.0,0.0,0.0,,0.0,0.0,0.0,0.06666666666666667,0.0,0.0,0.0,0.0,0.0,0.0,0.0,0.0,0.13333333333333333,0.06666666666666667,0.0,0.0,0.0,0.0,0.0,0.0,0.0,0.0,0.0,0.0,0.06666666666666667,0.0,0.0,0.06666666666666667,0.0,0.0,0.0,0.0,0.0,0.0,0.0,0.0,0.0,0.0,0.06666666666666667,0.0,0.0,0.0,0.0,0.0,0.0,0.0,0.0,0.0,0.0,0.0,0.06666666666666667,0.0,0.0,0.06666666666666667,0.0,0.0,0.0,0.0,0.0,0.0,0.0,0.06666666666666667,0.0,0.0,0.0,0.0,0.06666666666666667,0.0,0.06666666666666667,0.0,0.0,0.0,0.0,0.0,0.0,0.0,0.0,0.0,0.0,0.0,0.0,0.0,0.0,0.0,0.06666666666666667,0.06666666666666667,0.0,0.0,0.0,0.0,0.0,0.06666666666666667,0.0,0.06666666666666667,,,,,,,,,,,,,,,0.0,0.0,0.0,0.0,0.26666666666666666,0.0,0.0,0.0,0.0,0.0,0.13333333333333333,0.0,0.0,,0.13333333333333333,0.0,0.0,0.06666666666666667,0.0,0.0,0.0,,,0.0,0.0,0.0,0.0,0.0,0.06666666666666667,0.13333333333333333,0.06666666666666667,0.13333333333333333,0.06666666666666667,0.0,0.06666666666666667,0.13333333333333333,0.06666666666666667,0.06666666666666667,0.13333333333333333,0.0,0.0,0.0,0.06666666666666667,0.06666666666666667,0.13333333333333333,0.06666666666666667,0.13333333333333333,0.3333333333333333,0.0,0.13333333333333333,0.20000000000000004,0.0,0.13333333333333333,0.06666666666666667,0.13333333333333333,0.13333333333333333,0.06666666666666667,0.0,0.13333333333333333,0.20000000000000004,0.06666666666666667,0.20000000000000004,0.06666666666666667,0.0,0.20000000000000004,0.0,,0.06666666666666667,0.06666666666666667,0.0,0.0,0.0,0.0,0.06666666666666667,0.0,0.0,0.0,0.0,0.06666666666666667,0.06666666666666667,0.06666666666666667,0.0,0.0,0.0,0.0,0.0,0.06666666666666667
01:30,,0.0,0.0,0.0,0.0,0.06666666666666667,0.0,0.0,0.0,0.0,0.0,0.0,0.0,0.0,0.0,0.0,0.0,0.0,0.0,0.0,0.0,0.0,0.0,0.0,0.0,0.0,0.0,0.0,0.0,0.0,0.0,0.0,0.0,0.0,0.0,,0.0,0.0,0.0,0.0,0.0,0.0,0.0,0.0,0.0,0.0,0.0,0.0,0.0,0.0,0.0,0.0,0.4666666666666666,0.06666666666666667,0.06666666666666667,0.06666666666666667,0.3333333333333333,0.0,0.0,0.06666666666666667,0.0,0.0,0.0,0.0,0.0,0.0,0.06666666666666667,0.0,0.0,0.0,0.0,0.0,0.0,0.0,0.0,0.06666666666666667,0.0,0.0,0.0,0.0,0.06666666666666667,0.0,0.0,0.0,0.0,0.0,0.0,0.0,0.20000000000000004,0.0,0.0,0.0,0.0,0.0,0.0,0.0,0.06666666666666667,0.0,0.0,0.0,0.0,0.0,0.06666666666666667,0.0,0.0,0.3333333333333333,0.0,0.0,0.06666666666666667,0.0,0.0,0.0,0.0,0.0,0.0,0.0,0.06666666666666667,0.0,0.0,0.0,0.06666666666666667,0.06666666666666667,0.06666666666666667,0.0,0.0,0.0,0.0,0.0,0.0,0.0,,,,,,,,,,,,,,,0.0,0.0,0.0,0.0,0.0,0.0,0.06666666666666667,0.06666666666666667,0.06666666666666667,0.0,0.0,0.0,0.0,,0.06666666666666667,0.0,0.0,0.0,0.0,0.0,0.0,,,0.0,0.0,0.13333333333333333,0.0,0.0,0.0,0.0,0.19999999999999998,0.0,0.06666666666666667,0.0,0.0,0.0,0.0,0.06666666666666667,0.06666666666666667,0.0,0.0,0.0,0.0,0.06666666666666667,0.06666666666666667,0.06666666666666667,0.3333333333333333,0.19999999999999998,0.06666666666666667,0.06666666666666667,0.0,0.0,0.20000000000000004,0.06666666666666667,0.0,0.06666666666666667,0.0,0.0,0.0,0.0,0.5333333333333333,0.3333333333333333,0.06666666666666667,0.0,0.20000000000000004,0.0,,0.20000000000000004,0.0,0.06666666666666667,0.06666666666666667,0.0,0.0,0.0,0.0,0.0,0.19999999999999998,0.0,0.06666666666666667,0.0,0.0,0.0,0.0,0.06666666666666667,0.06666666666666667,0.06666666666666667,0.0
02:00,,0.0,0.0,0.0,0.0,0.0,0.0,0.0,0.0,0.0,0.0,0.0,0.0,0.0,0.0,0.0,0.0,0.0,0.0,0.0,0.0,0.0,0.0,0.0,0.0,0.0,0.0,0.0,0.0,0.0,0.0,0.0,0.0,0.0,0.0,,0.0,0.0,0.0,0.0,0.06666666666666667,0.0,0.0,0.0,0.0,0.0,0.0,0.0,0.0,0.0,0.0,0.0,0.0,0.06666666666666667,0.0,0.0,0.0,0.0,0.06666666666666667,0.0,0.0,0.06666666666666667,0.0,0.0,0.0,0.0,0.0,0.0,0.0,0.0,0.0,0.0,0.0,0.0,0.0,0.0,0.06666666666666667,0.0,0.0,0.0,0.13333333333333333,0.0,0.0,0.0,0.0,0.0,0.0,0.0,0.0,0.0,0.0,0.0,0.0,0.0,0.0,0.0,0.0,0.06666666666666667,0.0,0.0,0.0,0.0,0.06666666666666667,0.0,0.0,0.0,0.0,0.0,0.5333333333333333,0.0,0.0,0.0,0.0,0.0,0.0,0.0,0.0,0.06666666666666667,0.0,0.0,0.0,0.0,0.0,0.0,0.0,0.0,0.0,0.0,0.13333333333333333,0.0,,,,,,,,,,,,,,,0.0,0.0,0.06666666666666667,0.0,0.0,0.0,0.13333333333333333,0.0,0.13333333333333333,0.0,0.0,0.0,0.0,,0.06666666666666667,0.0,0.0,0.0,0.0,0.06666666666666667,0.0,,,0.0,0.06666666666666667,0.0,0.0,0.0,0.0,0.0,0.06666666666666667,0.06666666666666667,0.0,0.0,0.0,0.0,0.06666666666666667,0.0,0.0,0.0,0.06666666666666667,0.0,0.06666666666666667,0.0,0.19999999999999998,0.0,0.39999999999999997,0.26666666666666666,0.19999999999999998,0.13333333333333333,0.06666666666666667,0.0,0.20000000000000004,0.06666666666666667,0.06666666666666667,0.0,0.0,0.0,0.13333333333333333,0.0,0.19999999999999998,0.26666666666666666,0.06666666666666667,0.06666666666666667,0.19999999999999998,0.0,,0.20000000000000004,0.0,0.0,0.0,0.0,0.0,0.0,0.06666666666666667,0.0,0.06666666666666667,0.0,0.0,0.0,0.13333333333333333,0.0,0.0,0.06666666666666667,0.0,0.0,0.0
02:30,,0.0,0.0,0.0,0.0,0.0,0.0,0.0,0.0,0.0,0.0,0.0,0.0,0.0,0.0,0.0,0.0,0.0,0.0,0.0,0.0,0.0,0.0,0.0,0.0,0.0,0.0,0.06666666666666667,0.0,0.0,0.0,0.0,0.0,0.0,0.0,,0.0,0.0,0.0,0.0,0.0,0.0,0.0,0.0,0.0,0.0,0.0,0.0,0.06666666666666667,0.0,0.0,0.0,0.0,0.0,0.0,0.0,0.0,0.0,0.0,0.0,0.0,0.0,0.06666666666666667,0.0,0.0,0.0,5.866666666666666,3.533333333333333,1.7333333333333334,0.0,0.0,0.0,0.0,0.0,0.0,0.0,0.06666666666666667,0.0,0.0,0.0,0.0,9.933333333333334,0.0,0.13333333333333333,0.0,0.0,0.0,0.0,0.0,0.0,0.0,0.0,0.0,0.0,0.0,0.0,0.06666666666666667,0.0,0.0,0.0,0.0,0.0,0.0,0.0,0.39999999999999997,0.0,0.0,0.0,0.0,0.0,0.0,0.0,0.0,0.0,0.0,0.06666666666666667,0.0,0.0,0.0,0.0,0.0,0.0,0.0,0.0,0.0,0.0,0.0,0.0,0.0,0.0,,,,,,,,,,,,,,,0.0,0.0,0.0,0.0,0.13333333333333333,0.0,0.0,0.0,0.0,0.06666666666666667,0.06666666666666667,0.0,0.06666666666666667,,0.06666666666666667,0.06666666666666667,0.0,0.06666666666666667,0.0,0.0,0.0,,,0.0,0.0,0.0,0.0,0.0,0.0,0.06666666666666667,0.06666666666666667,0.0,0.06666666666666667,0.0,0.0,0.06666666666666667,0.06666666666666667,0.0,0.13333333333333333,0.0,0.06666666666666667,0.0,0.06666666666666667,0.0,0.26666666666666666,0.06666666666666667,0.3333333333333333,0.13333333333333333,0.0,0.13333333333333333,0.0,0.0,0.06666666666666667,0.13333333333333333,0.06666666666666667,0.13333333333333333,0.0,0.0,0.13333333333333333,0.06666666666666667,0.06666666666666667,0.13333333333333333,0.06666666666666667,0.0,0.06666666666666667,0.06666666666666667,,0.0,0.06666666666666667,0.0,0.0,0.0,0.06666666666666667,0.0,0.0,0.0,0.13333333333333333,0.0,0.0,0.06666666666666667,0.06666666666666667,0.0,0.13333333333333333,0.06666666666666667,0.0,0.06666666666666667,0.06666666666666667
03:00,,0.0,0.0,0.0,0.0,0.0,0.0,0.0,0.0,0.0,0.0,0.0,0.0,0.0,0.0,0.0,0.0,0.0,0.0,0.0,0.0,0.0,0.0,0.0,0.0,0.0,0.0,0.0,0.0,0.0,0.0,10.666666666666666,0.0,0.0,0.0,,0.0,0.0,0.0,0.0,0.0,0.0,0.0,0.0,0.0,0.0,0.0,0.0,0.06666666666666667,0.0,0.0,0.0,0.06666666666666667,0.0,0.0,0.13333333333333333,0.0,0.0,0.0,0.0,0.0,0.0,0.0,0.0,0.0,0.0,10.066666666666666,5.8,3.8000000000000003,0.0,0.0,0.0,0.0,0.0,0.0,0.0,0.06666666666666667,0.0,0.0,0.0,0.0,13.933333333333332,0.0,0.0,0.7999999999999999,1.2,4.866666666666666,0.0,0.06666666666666667,0.0,0.13333333333333333,9.6,3.6,3.266666666666667,0.0,1.0666666666666667,14.199999999999998,0.0,1.4666666666666668,30.133333333333336,16.533333333333335,32.266666666666666,24.866666666666664,0.0,0.0,7.199999999999999,0.0,0.0,1.4666666666666668,0.0,0.0,0.0,0.0,0.0,0.13333333333333333,0.0,0.0,0.0,0.06666666666666667,0.0,0.0,0.0,0.0,0.0,0.0,0.0,0.0,0.0,0.0,0.0,,,,,,,,,,,,,,,0.06666666666666667,0.0,0.0,0.0,0.06666666666666667,0.0,0.0,0.0,0.06666666666666667,0.06666666666666667,0.19999999999999998,0.0,0.0,,0.0,0.0,0.0,0.0,0.0,0.0,,,,0.0,0.0,0.0,0.0,0.0,0.0,0.0,0.0,0.06666666666666667,0.13333333333333333,0.0,0.0,0.0,0.06666666666666667,0.06666666666666667,0.06666666666666667,0.0,0.19999999999999998,0.13333333333333333,0.06666666666666667,0.06666666666666667,0.0,0.0,0.13333333333333333,0.39999999999999997,0.06666666666666667,0.0,0.0,0.06666666666666667,0.3333333333333333,0.06666666666666667,0.0,0.06666666666666667,0.0,0.0,0.13333333333333333,0.06666666666666667,0.13333333333333333,0.06666666666666667,0.06666666666666667,0.0,0.0,0.0,,0.13333333333333333,0.0,0.0,0.0,0.0,0.0,0.3333333333333333,0.13333333333333333,0.0,0.0,0.0,0.0,0.06666666666666667,0.0,0.0,0.0,0.0,0.0,0.0,0.06666666666666667
03:30,,0.0,0.0,0.0,0.0,0.0,0.0,0.0,0.0,0.0,0.0,0.0,0.0,0.0,0.0,0.0,0.0,0.0,0.0,0.0,0.0,0.0,0.0,0.0,0.0,0.0,0.0,0.0,0.0,0.0,0.0,0.0,0.0,0.0,0.0,,0.0,0.0,0.0,0.0,0.0,2.733333333333333,0.0,0.0,0.0,0.0,0.0,0.0,0.06666666666666667,0.0,0.0,0.0,0.06666666666666667,0.0,0.0,0.0,0.0,0.0,0.0,0.0,0.0,0.0,0.0,0.0,0.0,0.0,0.0,0.0,0.0,0.0,0.0,0.06666666666666667,0.0,0.0,0.06666666666666667,0.0,0.0,0.0,0.0,0.0,0.06666666666666667,0.0,0.0,4.2,0.0,9.933333333333334,2.466666666666667,1.2,0.0,0.06666666666666667,0.0,5.333333333333333,1.5333333333333334,2.6666666666666665,0.0,0.4666666666666666,16.0,0.0,7.2,48.4,15.200000000000001,84.46666666666667,39.199999999999996,11.666666666666666,6.3999999999999995,1.8,27.933333333333334,4.0,0.0,9.533333333333333,0.0,0.0,6.133333333333333,6.8,89.73333333333333,19.2,46.06666666666667,15.200000000000001,0.0,0.0,1.5333333333333332,3.7999999999999994,0.0,0.0,0.0,9.6,2.2666666666666666,32.06666666666667,0.0,0.0,,,,,,,,,,,,,,,0.0,0.0,0.0,0.0,0.06666666666666667,0.7999999999999999,0.0,0.06666666666666667,0.0,0.0,0.0,0.0,0.0,,0.06666666666666667,0.0,0.0,0.0,0.0,0.0,0.0,,,0.0,0.06666666666666667,0.0,0.06666666666666667,0.0,0.0,0.13333333333333333,0.0,0.13333333333333333,0.13333333333333333,0.0,0.06666666666666667,0.0,0.06666666666666667,0.0,0.0,0.13333333333333333,0.0,0.13333333333333333,0.13333333333333333,0.13333333333333333,0.0,0.06666666666666667,0.20000000000000004,0.0,0.06666666666666667,0.06666666666666667,0.0,0.13333333333333333,0.13333333333333333,0.13333333333333333,0.06666666666666667,0.0,0.0,0.0,0.13333333333333333,0.0,0.06666666666666667,0.0,0.06666666666666667,0.0,0.0,0.0,,0.13333333333333333,0.0,0.0,0.0,0.0,0.0,0.0,0.06666666666666667,0.0,0.0,0.0,0.06666666666666667,0.06666666666666667,0.0,0.0,0.0,0.0,0.06666666666666667,0.0,0.0
04:00,,0.06666666666666667,0.0,0.0,0.0,0.0,0.0,0.0,0.0,0.0,0.0,0.0,0.0,0.0,0.0,0.0,0.0,0.0,0.0,0.0,0.0,0.0,0.0,0.0,0.0,0.0,0.0,0.0,0.0,0.0,0.0,0.0,0.0,0.0,0.06666666666666667,,0.0,0.0,0.0,0.0,0.0,0.0,0.0,0.0,0.0,0.0,0.0,0.0,0.0,0.0,0.0,0.0,0.0,0.0,0.06666666666666667,0.0,0.0,0.0,0.0,0.0,0.0,0.0,0.0,0.0,0.0,0.0,0.06666666666666667,0.13333333333333333,0.0,0.0,0.0,0.13333333333333333,0.0,0.0,0.0,0.0,0.06666666666666667,0.0,0.0,0.0,0.0,3.8000000000000003,0.0,0.0,9.6,0.0,2.9333333333333336,0.0,0.0,0.0,0.0,4.6000000000000005,3.0666666666666664,5.6000000000000005,0.0,0.0,39.266666666666666,0.3333333333333333,0.6,7.0,7.0,15.466666666666667,2.8666666666666667,0.0,0.26666666666666666,0.19999999999999998,1.6666666666666667,0.13333333333333333,0.7333333333333334,0.0,0.0,0.0,3.9333333333333336,22.2,76.13333333333334,18.8,127.8,8.333333333333334,1.1333333333333333,0.0,0.0,57.666666666666664,0.0,18.333333333333332,1.2,14.200000000000001,181.53333333333333,98.59999999999998,83.0,65.66666666666667,,,,,,,,,,,,,,,47.6,10.666666666666666,6.3999999999999995,0.0,0.0,16.866666666666667,2.7999999999999994,0.0,0.06666666666666667,0.06666666666666667,0.06666666666666667,0.0,0.0,,0.06666666666666667,0.0,0.0,0.0,0.0,0.1,0.06666666666666667,,,0.0,0.06666666666666667,0.0,0.0,0.13333333333333333,0.0,0.0,0.0,0.0,0.0,0.0,0.0,0.0,0.0,0.0,0.0,0.20000000000000004,0.0,0.06666666666666667,0.0,0.0,0.06666666666666667,0.0,0.06666666666666667,0.0,0.20000000000000004,0.06666666666666667,0.0,0.13333333333333333,0.0,0.0,0.0,0.0,0.0,0.06666666666666667,0.0,0.0,0.0,0.20000000000000004,0.06666666666666667,0.0,0.0,0.0,,0.0,0.06666666666666667,2.2666666666666666,0.13333333333333333,0.13333333333333333,0.0,0.0,0.0,0.13333333333333333,0.0,0.0,0.0,2.8666666666666667,0.0,0.06666666666666667,1.4000000000000001,0.06666666666666667,25.266666666666666,11.266666666666666,0.6666666666666666
04:30,,0.0,0.0,0.0,0.0,0.0,0.0,0.06666666666666667,0.0,0.0,0.0,0.0,0.0,0.0,0.0,0.0,0.0,0.0,0.0,0.0,0.0,0.0,0.0,0.0,0.0,0.0,0.0,0.0,0.0,0.0,0.0,0.0,0.0,0.0,0.0,,0.0,0.0,0.0,0.0,0.0,0.0,0.0,0.0,0.06666666666666667,0.0,0.0,0.0,0.0,0.0,0.0,0.0,0.06666666666666667,0.0,0.0,0.0,0.0,0.0,0.0,0.0,0.0,0.06666666666666667,0.0,0.0,0.0,0.0,0.0,0.0,0.0,0.0,0.0,0.0,0.0,0.0,0.0,0.0,0.0,0.0,0.0,0.0,0.0,0.5333333333333333,0.0,0.0,0.0,0.0,0.9333333333333332,0.0,0.06666666666666667,0.0,0.06666666666666667,3.733333333333333,4.733333333333333,0.0,0.0,0.0,22.2,0.0,0.0,5.266666666666667,2.466666666666667,5.0,4.133333333333334,0.06666666666666667,0.0,6.466666666666666,1.5999999999999999,0.0,2.066666666666667,0.0,0.0,0.0,0.7333333333333334,1.2666666666666666,21.599999999999998,33.6,25.400000000000002,5.466666666666666,0.0,0.6666666666666666,8.133333333333333,141.46666666666667,48.06666666666667,13.4,0.0,7.3999999999999995,217.79999999999998,41.0,28.333333333333332,189.86666666666667,,,,,,,,,,,,,,,54.26666666666667,47.53333333333333,119.26666666666665,330.0,221.6,41.46666666666667,194.33333333333334,17.333333333333332,23.0,163.73333333333332,32.333333333333336,0.06666666666666667,0.13333333333333333,,45.666666666666664,20.533333333333335,68.93333333333334,7.666666666666667,3.466666666666667,7.266666666666666,0.5333333333333333,,,0.0,0.0,0.0,0.3333333333333333,0.5333333333333333,0.0,0.0,0.0,0.0,0.06666666666666667,0.0,0.0,0.0,0.0,0.0,2.066666666666667,0.0,0.06666666666666667,0.06666666666666667,0.0,0.06666666666666667,0.06666666666666667,0.3333333333333333,0.13333333333333333,0.0,0.19999999999999998,0.0,0.0,0.0,0.06666666666666667,0.13333333333333333,0.0,0.13333333333333333,0.0,0.0,1.4666666666666668,1.8,0.26666666666666666,0.7333333333333334,0.0,15.199999999999998,0.06666666666666667,,,0.0,0.7333333333333334,2.8000000000000003,6.6000000000000005,0.0,0.0,4.2,4.333333333333333,0.0,4.666666666666667,5.6000000000000005,1.6666666666666667,11.933333333333332,0.26666666666666666,6.533333333333334,7.133333333333333,0.26666666666666666,7.133333333333333,8.4,6.6000000000000005
05:00,,0.0,0.0,0.0,0.0,0.0,0.0,0.0,0.0,0.0,0.0,0.0,0.0,0.0,0.0,0.0,0.0,0.0,0.0,0.0,0.0,0.0,0.0,0.0,0.0,0.0,0.0,0.0,0.0,0.0,0.0,0.0,0.0,0.0,0.0,,0.0,0.0,0.0,0.0,0.0,0.0,0.0,0.0,0.0,0.0,0.0,0.0,0.0,0.0,0.0,0.0,0.0,0.0,0.0,0.0,0.0,0.0,0.0,0.0,0.0,0.0,0.0,0.0,0.0,0.06666666666666667,0.0,0.0,0.0,0.0,0.0,0.06666666666666667,0.0,0.0,0.0,0.0,0.0,0.0,0.0,0.0,0.0,0.06666666666666667,0.0,0.0,0.0,0.0,0.0,0.0,0.0,0.0,0.0,0.0,4.2,0.0,0.0,0.0,0.0,0.13333333333333333,0.0,0.0,5.733333333333333,7.466666666666666,3.4,0.0,0.0,0.0,5.733333333333333,2.2666666666666666,0.06666666666666667,0.0,0.06666666666666667,0.0,0.0,0.0,9.866666666666667,24.53333333333333,17.53333333333333,4.2,0.0,0.0,32.93333333333333,40.26666666666667,6.733333333333333,8.666666666666666,0.0,100.53333333333335,198.4666666666667,12.466666666666667,0.6,171.73333333333335,,,,,,,,,,,,,,,12.866666666666667,19.066666666666666,25.13333333333333,150.53333333333333,109.33333333333333,6.3999999999999995,151.4,37.13333333333333,35.93333333333334,179.39999999999998,25.8,2.466666666666667,8.0,,155.8,63.93333333333334,153.20000000000002,4.933333333333334,21.399999999999995,63.666666666666664,,,,6.466666666666666,1.9333333333333336,6.066666666666666,0.0,19.8,4.333333333333333,0.7999999999999999,0.6666666666666666,4.3999999999999995,19.133333333333333,6.3999999999999995,4.3999999999999995,1.8666666666666665,3.0,0.0,4.333333333333333,5.6000000000000005,0.0,0.0,0.0,0.0,0.7333333333333334,0.0,2.066666666666667,0.0,0.20000000000000004,0.0,0.7333333333333334,2.4,0.0,0.0,0.06666666666666667,0.0,0.06666666666666667,6.6000000000000005,4.066666666666666,8.733333333333333,2.4,0.0,35.800000000000004,9.466666666666667,5.2,,,4.266666666666667,14.733333333333334,8.533333333333333,10.4,4.133333333333334,7.266666666666667,14.666666666666666,3.6666666666666665,6.3999999999999995,4.066666666666666,11.266666666666666,15.466666666666667,14.4,3.4,1.3333333333333333,2.733333333333333,6.8,0.3333333333333333,1.1333333333333333,
05:30,,0.0,0.0,0.0,0.0,0.0,0.0,0.0,0.0,0.0,0.0,0.0,0.0,0.0,0.0,0.0,0.0,0.0,0.0,0.0,0.0,0.0,0.0,0.0,0.0,0.0,0.0,0.0,0.0,0.0,0.0,0.0,0.0,0.0,0.0,,0.0,0.0,0.0,0.0,0.0,0.0,0.0,0.0,0.0,0.0,0.0,0.0,0.0,0.0,0.06666666666666667,0.0,0.0,0.06666666666666667,0.0,0.0,0.0,0.0,0.0,0.0,0.0,0.0,0.0,0.0,0.0,0.0,0.0,0.0,0.0,0.0,0.0,0.0,0.0,0.0,0.0,0.0,0.0,0.0,0.0,0.0,0.0,0.0,0.0,0.0,0.0,0.0,0.0,0.0,0.06666666666666667,0.0,0.0,0.0,0.26666666666666666,0.0,0.0,0.0,0.06666666666666667,0.0,0.0,0.0,0.0,6.0,1.6666666666666667,0.0,0.0,0.0,5.466666666666666,0.0,0.0,0.06666666666666667,1.5333333333333332,0.19999999999999998,0.0,0.19999999999999998,3.1999999999999997,4.533333333333333,4.6000000000000005,0.0,0.0,0.0,6.533333333333332,36.199999999999996,43.666666666666664,3.3333333333333335,0.0,95.66666666666667,98.46666666666665,7.533333333333334,31.53333333333333,101.60000000000001,,,,,,,,,,,,,,,12.666666666666666,1.1333333333333333,23.8,112.13333333333333,55.73333333333333,8.799999999999999,152.46666666666667,37.0,0.6,27.46666666666667,110.93333333333334,0.0,0.0,,73.39999999999999,35.266666666666666,69.4,3.1999999999999997,10.0,15.266666666666666,,,,30.666666666666668,0.13333333333333333,3.0666666666666664,6.8,9.466666666666667,19.333333333333332,2.9333333333333336,6.466666666666666,0.0,12.666666666666666,16.666666666666668,7.333333333333333,7.3999999999999995,6.6000000000000005,9.733333333333334,2.6666666666666665,2.066666666666667,17.866666666666667,0.06666666666666667,0.0,3.6666666666666665,0.13333333333333333,3.6,0.0,1.8666666666666665,1.3333333333333333,1.2666666666666666,3.066666666666667,2.0,15.266666666666666,8.399999999999999,14.066666666666668,0.3333333333333333,6.466666666666666,8.066666666666666,5.666666666666667,41.666666666666664,11.866666666666665,7.866666666666667,5.933333333333334,19.933333333333334,41.13333333333333,,,3.6,13.799999999999999,17.066666666666666,7.866666666666667,0.9333333333333332,6.333333333333333,3.733333333333333,15.933333333333335,3.5999999999999996,1.5999999999999999,2.066666666666667,17.6,7.2,2.0,8.866666666666667,1.4000000000000001,5.0,0.8666666666666667,0.5333333333333333,
06:00,,0.0,0.0,0.0,0.0,0.0,0.0,0.0,0.0,0.0,0.0,0.0,0.0,0.0,0.0,0.0,0.0,0.0,0.0,0.0,0.0,0.0,0.0,0.06666666666666667,0.0,0.0,0.0,0.0,0.0,0.0,0.0,0.0,0.0,0.0,0.0,,0.0,0.0,0.0,0.0,0.0,0.0,0.0,0.0,0.0,0.0,0.0,0.0,0.0,0.0,0.06666666666666667,0.0,0.06666666666666667,0.0,0.0,0.0,0.06666666666666667,0.0,0.0,0.0,0.0,0.0,0.0,0.0,0.0,0.0,0.06666666666666667,0.0,0.0,0.0,0.0,0.0,0.0,0.0,0.0,0.0,0.06666666666666667,0.0,0.0,0.0,0.0,0.0,0.0,0.06666666666666667,0.0,0.0,0.0,0.0,0.13333333333333333,0.0,0.0,0.0,0.13333333333333333,0.0,0.0,0.0,0.0,0.0,0.0,0.0,0.39999999999999997,0.06666666666666667,3.133333333333333,0.0,0.0,0.0,12.199999999999998,0.0,0.0,0.0,0.7999999999999999,0.0,0.0,0.0,3.733333333333333,140.26666666666665,0.6666666666666666,0.0,12.333333333333334,2.2666666666666666,2.066666666666667,7.266666666666667,106.06666666666666,0.0,0.06666666666666667,174.6,176.53333333333333,0.0,21.133333333333333,169.33333333333334,,,,,,,,,,,,,,,7.2,1.4000000000000001,117.53333333333335,85.13333333333334,33.800000000000004,1.5333333333333332,86.06666666666668,21.333333333333332,0.06666666666666667,19.066666666666666,139.93333333333334,0.0,0.0,,73.2,5.266666666666667,23.733333333333334,0.0,0.19999999999999998,0.0,,,,1.6666666666666667,0.0,11.066666666666668,14.6,11.733333333333334,12.866666666666667,14.933333333333332,25.46666666666667,7.933333333333334,6.6000000000000005,13.133333333333333,16.333333333333332,2.066666666666667,15.200000000000001,6.0,8.866666666666665,2.9333333333333336,13.6,16.466666666666665,9.0,4.533333333333333,3.4,15.666666666666666,9.333333333333334,0.5333333333333333,27.333333333333332,1.2,4.466666666666666,3.533333333333333,2.3333333333333335,0.4000000000000001,21.46666666666667,10.066666666666668,9.799999999999999,2.4,20.400000000000002,5.933333333333334,3.533333333333333,3.3333333333333335,3.9333333333333336,9.466666666666667,3.8000000000000003,,,14.199999999999998,7.599999999999999,0.9333333333333332,30.26666666666667,0.20000000000000004,1.6666666666666667,5.333333333333333,1.2,3.9333333333333336,0.0,0.20000000000000004,3.4,1.8,2.066666666666667,3.3333333333333335,5.6000000000000005,0.06666666666666667,0.06666666666666667,0.0,
06:30,,0.0,0.0,0.0,1.6666666666666667,0.0,0.0,0.0,0.0,0.0,0.0,0.0,0.0,0.0,0.0,0.0,0.0,0.0,0.0,0.0,0.0,0.0,0.0,0.0,0.0,0.0,0.0,0.0,0.0,0.0,0.0,0.0,0.0,0.0,0.0,,0.0,0.0,0.0,0.0,0.0,0.0,0.0,0.0,0.0,0.0,0.0,0.0,0.06666666666666667,0.0,0.0,0.0,0.0,0.06666666666666667,0.0,0.0,0.0,0.0,0.0,0.06666666666666667,0.06666666666666667,0.0,0.0,0.0,0.0,0.0,0.0,0.0,0.06666666666666667,0.0,0.0,0.0,0.0,0.0,0.0,0.0,0.0,0.0,0.0,0.0,0.0,0.0,0.0,0.0,0.0,0.0,0.0,0.0,0.0,0.0,0.0,0.0,0.0,0.0,0.0,0.0,0.0,0.0,0.0,0.0,0.0,0.3333333333333333,3.6666666666666665,0.0,0.0,0.0,18.133333333333333,2.066666666666667,0.0,0.0,1.2,0.06666666666666667,0.0,0.0,1.4000000000000001,62.79999999999999,51.93333333333333,0.0,0.0,0.0,0.0,12.666666666666666,32.666666666666664,0.0,0.0,14.466666666666667,52.53333333333333,10.866666666666667,10.866666666666667,325.6666666666667,,,,,,,,,,,,,,,13.200000000000001,0.06666666666666667,39.8,87.0,17.2,10.733333333333334,14.200000000000001,5.0,0.0,0.7333333333333334,123.60000000000001,0.0,0.0,,101.66666666666667,39.46666666666667,1.9333333333333333,4.266666666666667,0.0,1.7333333333333334,,,,2.066666666666667,5.266666666666667,2.066666666666667,0.8666666666666667,5.8,2.3333333333333335,8.0,3.8666666666666667,0.06666666666666667,10.733333333333334,6.666666666666667,19.73333333333333,0.3333333333333333,2.2666666666666666,10.799999999999999,0.13333333333333333,7.8,4.8,0.13333333333333333,5.066666666666667,1.2666666666666668,1.5333333333333334,9.0,6.466666666666666,0.26666666666666666,8.533333333333333,9.933333333333332,3.8666666666666667,1.4000000000000001,7.733333333333333,0.26666666666666666,2.733333333333333,10.200000000000001,2.2666666666666666,6.0,14.866666666666667,12.266666666666666,3.733333333333333,0.0,6.333333333333333,7.3999999999999995,0.06666666666666667,,,0.13333333333333333,26.266666666666666,0.4666666666666666,20.866666666666667,0.7333333333333334,6.333333333333333,2.0,2.7999999999999994,1.4000000000000001,0.06666666666666667,2.066666666666667,7.933333333333334,7.199999999999999,0.0,0.13333333333333333,2.4,0.13333333333333333,4.0,0.0,
07:00,,0.0,0.0,0.0,0.0,0.0,0.0,0.06666666666666667,0.0,0.0,0.0,0.0,0.0,0.0,0.0,0.0,0.0,0.0,0.0,0.0,0.0,0.0,0.0,0.0,0.0,0.0,0.0,0.0,0.0,0.0,0.0,0.0,0.0,0.0,0.0,,0.0,0.0,0.0,0.0,0.0,0.0,0.0,0.06666666666666667,0.0,0.0,0.0,0.06666666666666667,0.0,0.0,0.0,0.0,0.0,0.0,0.0,0.0,0.06666666666666667,0.0,0.0,0.0,0.0,0.0,0.0,0.0,0.0,0.0,0.0,0.06666666666666667,0.06666666666666667,0.0,0.0,0.0,0.0,0.0,0.0,0.0,0.0,0.0,0.0,0.06666666666666667,0.0,0.0,0.0,0.0,0.0,0.0,0.0,0.0,0.0,0.06666666666666667,0.0,0.0,0.0,0.0,0.0,0.06666666666666667,0.06666666666666667,0.06666666666666667,0.0,0.0,0.0,3.4,0.0,0.0,0.06666666666666667,3.9333333333333336,1.1333333333333333,0.0,0.0,0.0,0.7333333333333334,0.0,3.3333333333333335,3.1333333333333333,0.06666666666666667,15.4,68.73333333333333,0.0,0.0,0.0,1.7333333333333334,2.733333333333333,19.266666666666666,14.866666666666667,0.0,6.066666666666666,0.06666666666666667,1.8,26.2,195.4666666666667,,,,,,,,,,,,,,,1.8666666666666665,3.4,3.0666666666666664,62.800000000000004,2.466666666666667,4.0,14.4,0.6,0.0,5.333333333333333,24.866666666666664,0.0,0.0,,66.46666666666667,16.266666666666666,0.0,0.0,0.0,0.0,,,,0.0,6.800000000000001,10.6,0.13333333333333333,0.5333333333333333,2.4,1.2,0.6666666666666666,0.0,21.666666666666668,9.799999999999999,3.466666666666667,10.799999999999999,4.8,18.26666666666667,0.06666666666666667,0.13333333333333333,0.8666666666666667,0.13333333333333333,3.6666666666666665,0.0,4.533333333333333,4.466666666666667,0.13333333333333333,0.0,0.06666666666666667,0.0,0.0,0.6666666666666666,0.7999999999999999,0.0,8.533333333333333,0.0,3.533333333333333,0.39999999999999997,2.1333333333333333,2.2,1.7333333333333334,1.4000000000000001,0.0,3.7999999999999994,1.8,,,11.333333333333334,11.933333333333332,1.1333333333333333,7.0,2.066666666666667,0.0,3.3333333333333335,10.733333333333334,1.3333333333333333,0.0,0.0,13.4,0.06666666666666667,0.06666666666666667,4.266666666666667,1.4000000000000001,1.6666666666666667,0.0,0.8666666666666667,
07:30,,0.0,0.0,0.0,0.0,0.0,0.0,0.0,0.0,0.0,0.0,0.0,0.0,0.0,0.0,0.0,0.0,0.0,0.0,0.0,0.0,0.0,0.06666666666666667,0.0,0.0,0.0,0.0,0.0,0.0,0.0,0.0,0.0,0.0,0.0,0.0,,0.0,0.0,0.0,0.0,0.0,0.0,0.0,0.0,0.0,0.0,0.0,0.0,0.0,0.0,0.0,0.0,0.0,0.0,0.0,0.0,0.0,0.06666666666666667,0.0,0.0,0.0,0.0,0.0,0.0,0.0,0.0,0.06666666666666667,0.0,0.06666666666666667,0.0,0.0,0.0,0.0,0.06666666666666667,0.06666666666666667,0.0,0.0,0.0,0.0,0.0,0.0,0.06666666666666667,0.0,0.0,0.0,0.0,0.0,0.0,0.06666666666666667,0.0,0.0,0.0,0.0,0.0,0.0,0.06666666666666667,0.0,0.0,0.0,0.0,0.0,2.1333333333333333,0.0,0.0,0.0,4.0,17.266666666666666,0.0,2.6666666666666665,0.0,1.6666666666666667,0.0,0.0,0.0,7.333333333333333,29.066666666666666,48.86666666666667,0.06666666666666667,0.0,0.0,0.06666666666666667,1.5333333333333332,2.5333333333333337,0.0,0.0,3.1333333333333333,1.2,2.8666666666666667,51.4,129.13333333333333,,,,,,,,,,,,,,,0.0,1.9333333333333333,1.2,32.4,1.2666666666666668,0.13333333333333333,7.266666666666667,0.0,0.0,7.666666666666667,29.066666666666666,0.06666666666666667,1.7333333333333334,,13.933333333333332,39.199999999999996,2.0,0.06666666666666667,0.0,0.0,,,,0.0,0.0,12.266666666666666,0.0,0.0,2.0666666666666664,2.6,0.0,1.9333333333333333,46.93333333333334,11.0,0.0,11.8,15.933333333333332,0.0,0.13333333333333333,0.20000000000000004,11.133333333333333,0.06666666666666667,2.466666666666667,0.06666666666666667,0.20000000000000004,10.533333333333333,2.533333333333333,4.666666666666667,2.1333333333333333,0.06666666666666667,1.3333333333333333,0.19999999999999998,4.266666666666667,0.13333333333333333,0.20000000000000004,0.0,0.0,1.0,8.333333333333334,0.06666666666666667,9.4,0.0,0.39999999999999997,1.3333333333333333,15.666666666666666,,,8.066666666666666,3.1999999999999997,0.0,1.8,0.0,0.06666666666666667,0.0,1.7333333333333334,0.0,0.7999999999999999,0.06666666666666667,0.0,0.4666666666666666,0.06666666666666667,0.19999999999999998,0.0,0.39999999999999997,0.06666666666666667,0.06666666666666667,
08:00,,0.0,0.0,0.0,0.0,0.0,0.0,0.0,0.0,0.0,0.0,0.0,0.0,0.0,0.0,0.0,0.0,0.0,0.0,0.0,0.0,0.0,0.0,0.0,0.0,0.0,0.0,0.0,0.0,0.0,0.0,0.0,0.0,0.0,0.0,,0.0,0.0,0.0,0.0,0.0,0.0,0.0,0.0,0.0,0.0,0.0,0.0,0.0,0.0,0.0,0.0,0.0,0.0,0.0,0.0,0.0,0.0,0.0,0.0,0.0,0.0,0.0,0.0,0.0,0.0,0.0,0.06666666666666667,0.13333333333333333,0.0,0.0,0.0,0.0,0.06666666666666667,0.06666666666666667,0.0,0.0,0.06666666666666667,0.0,0.0,0.0,0.0,0.0,0.0,0.0,0.0,0.0,0.0,0.0,0.13333333333333333,0.0,0.06666666666666667,0.0,0.06666666666666667,0.0,0.0,0.0,0.0,5.133333333333334,0.0,0.0,16.533333333333335,0.0,0.0,0.0,1.9333333333333333,33.4,0.06666666666666667,0.0,0.0,3.3333333333333335,0.0,0.0,0.0,0.13333333333333333,7.733333333333334,73.46666666666665,0.0,5.2,2.1999999999999997,2.533333333333333,1.7333333333333334,21.8,0.0,0.0,14.0,0.0,0.0,67.26666666666667,121.06666666666666,,,,,,,,,,,,,,,2.8666666666666667,5.266666666666667,0.0,34.0,3.266666666666667,0.26666666666666666,17.066666666666666,0.0,0.0,13.533333333333333,4.533333333333333,0.13333333333333333,0.0,,4.6,122.46666666666665,0.4666666666666666,0.06666666666666667,0.0,0.0,,,,0.19999999999999998,0.39999999999999997,2.1999999999999997,0.9,0.20000000000000004,0.0,6.333333333333333,1.866666666666667,1.2666666666666668,41.199999999999996,16.0,3.0666666666666664,9.0,3.1333333333333333,0.6666666666666666,0.0,0.06666666666666667,2.6,0.0,0.06666666666666667,0.0,0.0,0.0,0.39999999999999997,0.0,0.20000000000000004,0.0,0.06666666666666667,0.0,2.2666666666666666,0.0,2.8666666666666667,0.0,0.13333333333333333,2.6,6.733333333333333,2.7999999999999994,0.19999999999999998,4.466666666666666,0.20000000000000004,1.1333333333333335,10.866666666666667,,,1.1333333333333333,3.1333333333333333,0.0,6.0,0.0,0.0,0.06666666666666667,2.2666666666666666,0.0,0.0,4.266666666666667,1.4666666666666668,9.4,0.06666666666666667,0.13333333333333333,0.0,0.06666666666666667,2.466666666666667,0.0,
08:30,,0.0,0.0,0.0,0.0,0.0,0.0,0.0,0.0,0.0,0.0,0.0,0.0,0.0,0.0,0.0,0.0,0.0,0.0,0.0,0.0,0.0,0.0,0.0,0.0,0.0,0.0,0.0,0.0,0.0,0.0,0.0,0.0,0.0,0.0,,0.0,0.0,0.0,0.0,0.0,0.0,0.0,0.0,0.0,0.0,0.0,0.0,0.0,0.0,0.0,0.0,0.0,0.0,0.0,0.0,0.0,0.0,0.0,0.0,0.06666666666666667,0.0,0.0,0.0,0.0,0.0,0.0,0.0,0.06666666666666667,0.0,0.0,0.0,0.0,0.0,0.0,0.0,0.0,0.0,0.0,0.0,0.0,0.0,0.0,0.06666666666666667,0.0,0.0,0.0,0.0,0.06666666666666667,0.06666666666666667,0.0,0.0,0.0,0.13333333333333333,0.0,0.0,0.0,0.06666666666666667,0.0,0.0,0.0,5.2,0.06666666666666667,0.0,0.0,0.0,0.0,3.133333333333333,0.0,0.0,2.733333333333333,0.0,0.0,0.0,0.0,12.933333333333332,45.13333333333333,0.0,0.0,0.06666666666666667,0.0,2.3333333333333335,0.7999999999999999,0.0,0.39999999999999997,1.4000000000000001,1.0,0.6,63.199999999999996,236.4,,,,,,,,,,,,,,,0.6,2.066666666666667,0.06666666666666667,0.0,0.4000000000000001,0.06666666666666667,10.4,0.0,0.06666666666666667,5.133333333333333,1.0666666666666667,0.0,0.0,,0.4666666666666666,67.06666666666666,0.0,0.0,0.0,0.0,,,,0.0,1.2,2.2666666666666666,1.6666666666666667,0.9333333333333332,0.3333333333333333,0.0,3.0666666666666664,1.0,28.333333333333332,28.599999999999998,0.0,0.0,0.20000000000000004,1.6666666666666667,0.26666666666666666,6.666666666666667,0.13333333333333333,0.06666666666666667,0.0,0.06666666666666667,0.13333333333333333,0.26666666666666666,0.20000000000000004,0.0,0.13333333333333333,2.3333333333333335,0.06666666666666667,0.0,4.2,2.2666666666666666,9.4,0.0,2.0,5.133333333333334,0.26666666666666666,0.13333333333333333,0.0,0.0,5.266666666666667,0.0,6.266666666666667,,,0.0,0.06666666666666667,2.3333333333333335,2.933333333333333,1.0666666666666667,0.06666666666666667,0.06666666666666667,4.3999999999999995,0.13333333333333333,0.06666666666666667,0.06666666666666667,0.0,0.06666666666666667,0.0,0.0,0.06666666666666667,0.0,0.0,0.06666666666666667,
09:00,,0.0,0.0,0.0,0.0,0.0,0.0,0.0,0.0,0.0,0.0,0.0,0.0,0.0,0.0,0.0,0.0,0.0,0.0,0.0,0.0,0.0,0.0,0.06666666666666667,0.0,0.0,0.0,0.0,0.0,0.0,0.0,0.0,0.0,0.0,0.0,,0.0,0.0,0.0,0.0,0.0,0.0,0.0,0.0,0.0,0.0,0.0,0.0,0.0,0.0,0.0,0.0,0.0,0.0,0.06666666666666667,0.0,0.0,0.0,0.06666666666666667,0.0,0.0,0.0,0.0,0.0,0.0,0.0,0.0,0.0,0.06666666666666667,0.0,0.06666666666666667,0.06666666666666667,0.0,0.0,0.0,0.0,0.0,0.0,0.0,0.0,0.0,0.0,0.06666666666666667,0.0,0.0,0.0,0.0,0.0,0.06666666666666667,0.13333333333333333,0.0,0.0,0.0,0.06666666666666667,0.0,0.0,0.06666666666666667,0.0,0.0,0.06666666666666667,0.0,3.0666666666666664,0.0,0.0,0.0,0.0,1.3333333333333333,0.0,0.0,0.0,1.5333333333333332,0.0,0.0,0.13333333333333333,0.9333333333333332,13.533333333333333,52.06666666666666,0.0,4.6,0.06666666666666667,3.8000000000000003,0.7999999999999999,0.0,0.06666666666666667,2.066666666666667,0.0,0.0,0.0,51.4,132.53333333333333,,,,,,,,,,,,,,,2.6666666666666665,0.0,0.5333333333333333,0.4666666666666666,0.06666666666666667,3.4,8.733333333333333,0.0,0.0,1.8666666666666665,0.0,0.0,0.0,,1.8,20.733333333333334,0.0,1.4666666666666668,0.0,0.0,,,,7.266666666666667,0.0,4.733333333333333,0.13333333333333333,2.6666666666666665,7.933333333333333,1.5999999999999999,0.0,0.06666666666666667,63.666666666666664,37.93333333333333,0.0,0.0,2.466666666666667,1.5999999999999999,0.0,0.0,0.0,0.06666666666666667,0.06666666666666667,0.19999999999999998,1.7999999999999998,0.0,0.20000000000000004,0.0,0.13333333333333333,0.0,0.0,0.13333333333333333,0.06666666666666667,0.0,1.9333333333333333,0.06666666666666667,1.4666666666666668,0.0,3.733333333333333,0.6,0.26666666666666666,0.0,0.06666666666666667,5.0,0.0,,,0.5333333333333333,0.13333333333333333,0.06666666666666667,3.8000000000000003,1.2,0.0,1.4000000000000001,6.400000000000001,0.0,0.06666666666666667,0.20000000000000004,4.4,3.4666666666666663,4.466666666666666,1.0666666666666667,0.4666666666666666,0.8666666666666667,0.0,0.06666666666666667,
09:30,,0.0,0.0,0.0,0.0,0.0,0.0,0.0,0.0,0.0,0.0,0.0,0.0,0.0,0.0,0.0,0.0,0.0,0.0,0.0,0.0,0.0,0.0,0.0,0.0,0.0,0.0,0.0,0.0,0.0,0.0,0.0,0.0,0.0,0.0,,0.0,0.0,0.0,0.0,0.0,0.0,0.0,0.0,0.0,0.0,0.0,0.06666666666666667,0.0,0.0,0.0,0.0,0.0,0.0,0.0,0.0,0.0,0.0,0.0,0.0,0.0,0.0,0.0,0.0,0.0,0.06666666666666667,0.06666666666666667,0.0,0.0,0.0,0.06666666666666667,0.0,0.06666666666666667,0.0,0.0,0.06666666666666667,0.0,0.06666666666666667,0.0,0.0,0.0,0.0,0.0,0.0,0.0,0.0,0.0,0.0,0.0,0.06666666666666667,0.0,0.0,0.0,0.06666666666666667,0.0,0.0,0.0,0.0,0.0,0.0,0.0,0.0,0.06666666666666667,0.0,0.0,0.0,4.6000000000000005,0.06666666666666667,0.0,0.0,2.6666666666666665,0.0,0.0,0.0,0.06666666666666667,6.2,184.13333333333333,0.0,0.0,0.06666666666666667,0.0,0.19999999999999998,0.0,0.0,0.0,0.06666666666666667,0.0,2.733333333333333,27.53333333333333,141.53333333333333,,,,,,,,,,,,,,,1.4666666666666668,0.0,0.0,1.0,0.0,0.0,0.3333333333333333,0.06666666666666667,0.0,0.5333333333333333,0.13333333333333333,0.0,0.0,,0.06666666666666667,25.933333333333337,0.0,0.06666666666666667,0.0,0.0,,,,0.0,4.8,3.4,4.6000000000000005,0.06666666666666667,1.7333333333333334,0.06666666666666667,0.0,0.1,36.4,1.9333333333333336,0.0,0.06666666666666667,0.39999999999999997,0.06666666666666667,0.06666666666666667,0.13333333333333333,0.06666666666666667,0.20000000000000004,0.13333333333333333,0.0,0.8666666666666667,1.5333333333333334,0.26666666666666666,0.0,0.13333333333333333,1.5999999999999999,7.3999999999999995,0.0,1.3333333333333333,0.8666666666666667,0.26666666666666666,0.0,0.39999999999999997,6.333333333333333,0.06666666666666667,0.0,0.06666666666666667,0.06666666666666667,0.0,3.9333333333333336,0.06666666666666667,,,0.8666666666666667,0.0,0.06666666666666667,0.06666666666666667,0.0,0.06666666666666667,0.06666666666666667,0.6,0.06666666666666667,0.0,0.13333333333333333,0.0,5.266666666666667,0.13333333333333333,2.1999999999999997,0.0,0.0,0.0,0.13333333333333333,
10:00,,0.0,0.0,0.0,0.0,0.0,0.0,0.0,0.0,0.0,0.0,0.0,0.0,0.0,0.0,0.0,0.0,0.0,0.0,0.0,0.0,0.0,0.0,0.0,0.0,0.0,0.0,0.0,0.0,0.0,0.06666666666666667,0.0,0.0,0.0,0.0,,0.0,0.0,0.0,0.0,0.0,0.0,0.0,0.0,0.0,0.0,0.0,0.0,0.0,0.0,0.0,0.0,0.0,0.06666666666666667,0.0,0.0,0.06666666666666667,0.0,0.0,0.0,0.0,0.0,0.0,0.0,0.0,0.0,0.06666666666666667,0.0,0.0,0.0,0.0,0.0,0.0,0.0,0.0,0.0,0.0,0.0,0.0,0.0,0.0,0.0,0.0,0.0,0.0,0.0,0.0,0.0,0.0,0.0,0.06666666666666667,0.0,0.0,0.0,0.0,0.0,0.06666666666666667,0.0,0.0,0.0,0.0,0.0,0.0,0.0,0.0,0.06666666666666667,0.06666666666666667,0.0,0.0,0.0,2.466666666666667,0.0,0.06666666666666667,0.06666666666666667,0.3333333333333333,1.4666666666666666,94.13333333333333,0.0,0.0,0.13333333333333333,0.0,1.5999999999999999,0.0,0.0,0.0,2.1333333333333333,0.26666666666666666,0.0,2.8666666666666667,76.93333333333332,,,,,,,,,,,,,,,0.3333333333333333,1.0666666666666667,0.0,1.3333333333333333,0.4666666666666666,1.4666666666666668,0.0,0.0,0.06666666666666667,0.9333333333333332,0.13333333333333333,0.0,,,0.0,6.533333333333334,0.0,0.0,0.0,0.0,,,,0.0,0.0,0.06666666666666667,10.666666666666666,3.5333333333333337,5.933333333333334,0.0,0.0,5.466666666666666,27.53333333333333,3.4000000000000004,0.06666666666666667,1.9333333333333333,0.7999999999999999,0.0,0.0,0.0,0.13333333333333333,0.0,0.0,0.06666666666666667,0.13333333333333333,5.666666666666667,0.26666666666666666,0.0,1.2666666666666666,0.13333333333333333,0.13333333333333333,0.13333333333333333,1.0666666666666667,0.06666666666666667,0.26666666666666666,0.0,0.0,1.5333333333333332,0.06666666666666667,0.13333333333333333,0.06666666666666667,0.06666666666666667,0.13333333333333333,0.06666666666666667,2.1333333333333333,,,0.06666666666666667,0.13333333333333333,0.06666666666666667,3.8666666666666667,0.0,0.20000000000000004,0.06666666666666667,0.06666666666666667,0.0,0.0,0.06666666666666667,1.4666666666666668,0.8666666666666667,0.6,0.0,0.06666666666666667,0.06666666666666667,1.0666666666666667,0.26666666666666666,
10:30,,0.0,0.0,0.0,0.0,0.0,0.0,0.0,0.0,0.0,0.0,0.0,0.0,0.0,0.0,0.0,0.0,0.0,0.0,0.0,0.0,0.0,0.0,0.0,0.0,0.0,0.0,0.06666666666666667,0.0,0.0,0.0,0.0,0.0,0.0,0.0,,0.0,0.0,0.0,0.0,0.0,0.0,0.0,0.0,0.0,0.0,0.0,0.0,0.0,0.06666666666666667,0.0,0.0,0.06666666666666667,0.06666666666666667,0.0,0.0,0.0,0.0,0.0,0.0,0.0,0.0,0.0,0.0,0.0,0.0,0.0,0.0,0.0,0.0,0.0,0.0,0.0,0.0,0.06666666666666667,0.0,0.0,0.0,0.0,0.0,0.0,0.0,0.0,0.0,0.0,0.0,0.0,0.0,0.0,0.0,0.0,0.0,0.0,0.06666666666666667,0.0,0.0,0.0,0.0,0.0,0.0,0.0,0.0,0.0,0.0,2.9333333333333336,0.06666666666666667,0.06666666666666667,0.06666666666666667,0.0,0.0,0.0,0.0,0.0,0.0,0.06666666666666667,0.0,79.39999999999999,0.0,0.0,0.0,0.0,0.0,0.0,0.06666666666666667,0.0,0.13333333333333333,0.0,4.333333333333333,8.133333333333333,48.86666666666667,,,,,,,,,,,,,,,1.2,5.199999999999999,0.0,0.0,1.5999999999999999,0.0,3.466666666666667,0.0,0.0,0.3333333333333333,0.39999999999999997,0.0,,,0.0,0.06666666666666667,0.0,0.0,0.06666666666666667,0.0,,,,0.0,0.0,0.06666666666666667,0.5333333333333333,0.0,0.39999999999999997,0.06666666666666667,0.0,13.866666666666667,0.0,0.06666666666666667,0.0,2.933333333333333,0.06666666666666667,0.0,0.0,0.39999999999999997,0.46666666666666673,0.19999999999999998,0.20000000000000004,0.0,0.3333333333333333,0.06666666666666667,0.9333333333333332,0.06666666666666667,4.466666666666666,0.13333333333333333,0.06666666666666667,0.06666666666666667,0.20000000000000004,4.2,0.06666666666666667,0.0,0.0,0.06666666666666667,0.13333333333333333,0.0,2.6,0.06666666666666667,0.9333333333333335,6.066666666666666,0.6666666666666666,,,0.0,0.0,0.8666666666666667,0.06666666666666667,1.7999999999999998,0.0,0.13333333333333333,1.5999999999999999,0.0,0.0,0.06666666666666667,3.0,0.06666666666666667,1.9333333333333333,0.06666666666666667,0.0,0.06666666666666667,0.06666666666666667,3.133333333333333,
11:00,,0.0,0.0,0.0,0.0,0.0,0.0,0.0,0.0,0.0,0.0,0.0,0.0,0.0,0.0,0.0,0.0,0.0,0.0,0.0,0.0,0.0,0.0,0.0,0.0,0.0,0.0,0.0,0.0,0.0,0.0,0.0,0.0,0.0,0.0,,0.0,0.0,0.0,0.0,0.0,0.0,0.0,0.0,0.0,0.0,0.0,0.0,0.0,0.0,0.06666666666666667,0.0,0.0,0.0,0.0,0.0,0.3333333333333333,0.0,0.0,0.0,0.0,0.0,0.0,0.0,0.0,0.0,0.06666666666666667,0.0,0.0,0.06666666666666667,0.13333333333333333,0.0,0.0,0.0,0.0,0.0,0.0,0.0,0.0,0.0,0.0,0.1,0.0,0.0,0.0,0.0,0.0,0.06666666666666667,0.0,0.0,0.0,0.0,0.0,0.06666666666666667,0.0,0.0,0.0,0.06666666666666667,0.0,0.0,0.0,0.0,0.0,0.0,0.0,2.1333333333333333,0.0,0.13333333333333333,0.13333333333333333,0.0,0.0,0.06666666666666667,0.0,0.13333333333333333,3.6666666666666665,0.8000000000000002,76.93333333333334,0.06666666666666667,0.0,0.06666666666666667,0.0,2.1999999999999997,0.0,0.0,0.0,0.0,0.0,0.0,9.533333333333333,12.666666666666666,,,,,,,,,,,,,,,0.0,2.3333333333333335,0.06666666666666667,0.7999999999999999,0.0,0.0,3.933333333333333,0.06666666666666667,0.13333333333333333,0.0,0.0,0.0,,,0.4666666666666666,8.266666666666667,0.0,0.06666666666666667,0.0,0.0,,,,0.0,0.0,0.19999999999999998,2.1999999999999997,0.0,0.0,0.06666666666666667,0.0,0.06666666666666667,0.0,0.06666666666666667,0.06666666666666667,1.7333333333333334,2.1333333333333333,0.0,0.0,0.13333333333333333,0.06666666666666667,0.0,0.06666666666666667,0.0,0.4666666666666666,0.0,0.0,0.20000000000000004,0.6666666666666666,0.0,0.26666666666666666,14.266666666666667,0.13333333333333333,0.0,0.5333333333333333,0.0,0.06666666666666667,0.0,0.06666666666666667,0.13333333333333333,0.20000000000000004,0.06666666666666667,0.06666666666666667,0.06666666666666667,0.06666666666666667,,,0.0,0.0,0.13333333333333333,1.3333333333333333,0.0,0.0,0.0,0.0,0.0,0.0,0.06666666666666667,0.0,0.0,0.06666666666666667,0.06666666666666667,0.20000000000000004,0.0,0.39999999999999997,0.26666666666666666,
11:30,,0.0,0.0,0.0,0.0,0.0,0.0,0.0,0.0,0.0,0.0,0.0,0.0,0.0,0.0,0.0,0.0,0.0,0.0,0.0,0.0,0.0,0.0,0.0,0.0,0.0,0.0,0.0,0.0,0.0,0.06666666666666667,0.0,0.0,0.0,0.0,,0.0,0.0,0.0,0.0,0.0,0.0,0.0,0.0,0.0,0.0,0.0,0.0,0.0,0.0,0.0,0.0,0.06666666666666667,0.0,0.0,0.06666666666666667,0.0,0.0,0.0,0.0,0.0,0.0,0.0,0.0,0.0,0.06666666666666667,0.06666666666666667,0.0,0.0,0.0,0.0,0.0,0.0,0.0,0.0,0.0,0.0,0.0,0.0,0.0,0.0,0.06666666666666667,0.0,0.06666666666666667,0.0,0.0,0.0,0.0,0.0,0.0,0.0,0.0,0.0,0.13333333333333333,0.0,0.0,0.0,0.06666666666666667,0.0,0.0,0.0,0.0,0.0,0.0,0.0,0.0,0.0,0.0,0.20000000000000004,0.0,0.06666666666666667,0.06666666666666667,0.0,0.0,0.8666666666666667,0.5333333333333333,24.53333333333333,0.0,0.0,0.0,0.0,0.0,0.0,0.06666666666666667,0.0,2.733333333333333,4.466666666666667,0.0,6.6000000000000005,4.333333333333333,,,,,,,,,,,,,,,0.0,0.0,0.0,0.0,0.06666666666666667,0.0,0.0,0.20000000000000004,0.0,0.0,6.066666666666666,0.06666666666666667,,,0.0,0.0,0.0,0.0,0.0,0.0,,,,0.0,0.0,0.0,0.0,0.0,0.06666666666666667,0.0,0.0,0.0,0.0,0.0,0.0,0.06666666666666667,0.0,0.06666666666666667,0.0,0.06666666666666667,0.0,0.0,0.20000000000000004,0.06666666666666667,0.06666666666666667,0.06666666666666667,0.0,0.06666666666666667,0.20000000000000004,0.06666666666666667,0.06666666666666667,0.06666666666666667,0.20000000000000004,0.0,0.0,0.0,0.0,0.0,0.0,0.06666666666666667,0.13333333333333333,0.0,0.0,0.0,0.06666666666666667,,,0.13333333333333333,0.0,0.0,0.0,0.0,0.0,1.3333333333333333,0.0,0.0,0.0,0.06666666666666667,0.0,0.06666666666666667,0.13333333333333333,0.06666666666666667,0.0,0.13333333333333333,0.06666666666666667,0.06666666666666667,
12:00,,0.0,0.0,0.0,0.0,0.0,0.0,0.0,0.0,0.0,0.0,0.0,0.0,0.0,0.0,0.0,0.0,0.0,0.0,0.0,0.0,0.0,0.0,0.0,0.0,0.0,0.0,0.0,0.0,0.0,0.0,0.0,0.0,0.0,0.0,,0.0,0.0,0.0,0.0,0.0,0.0,0.0,0.0,0.0,0.0,0.0,0.0,0.0,0.0,0.0,0.06666666666666667,0.0,0.06666666666666667,0.0,0.0,0.0,0.0,0.0,0.0,0.0,0.0,0.0,0.0,0.0,0.0,0.13333333333333333,0.0,0.0,0.0,0.06666666666666667,0.0,0.0,0.0,0.0,0.0,0.0,0.0,0.0,0.0,0.0,0.0,0.0,0.0,0.0,0.0,0.0,0.0,0.0,0.0,0.0,0.0,0.13333333333333333,0.0,0.0,0.06666666666666667,0.0,0.0,0.0,0.0,0.0,0.0,0.0,0.0,0.0,0.0,0.0,0.0,0.3333333333333333,0.0,6.866666666666667,0.0,0.0,0.13333333333333333,0.13333333333333333,0.0,0.06666666666666667,0.06666666666666667,0.0,0.0,0.0,0.0,0.0,0.0,0.0,0.0,5.666666666666667,0.0,0.0,0.0,,,,,,,,,,,,,,,0.0,0.0,0.0,0.0,0.06666666666666667,0.0,0.06666666666666667,0.0,0.0,0.0,0.0,0.13333333333333333,,,0.0,0.0,0.06666666666666667,0.0,0.0,0.0,,,,0.0,0.0,0.0,0.0,0.06666666666666667,0.06666666666666667,0.0,0.13333333333333333,0.0,0.0,0.0,0.06666666666666667,0.0,0.0,0.0,0.0,0.0,0.0,0.06666666666666667,0.0,0.06666666666666667,0.19999999999999998,0.06666666666666667,0.0,0.06666666666666667,0.06666666666666667,0.06666666666666667,0.0,0.13333333333333333,0.13333333333333333,0.06666666666666667,0.06666666666666667,0.0,0.0,0.0,0.0,0.06666666666666667,0.0,0.13333333333333333,0.0,0.0,0.0,,,0.06666666666666667,0.20000000000000004,0.06666666666666667,0.0,0.13333333333333333,0.06666666666666667,0.0,0.0,0.06666666666666667,0.0,0.0,0.06666666666666667,0.0,0.0,0.0,0.0,0.0,0.0,0.13333333333333333,
12:30,,0.0,0.0,0.0,0.0,0.0,0.0,0.0,0.0,0.0,0.0,0.0,0.0,0.0,0.0,0.0,0.0,0.0,0.0,0.0,0.0,0.0,0.0,0.0,0.0,0.0,0.0,0.0,0.0,0.0,0.0,0.0,0.0,0.0,0.0,,0.0,0.0,0.0,0.0,0.0,0.0,0.13333333333333333,0.0,0.0,0.0,0.0,0.0,0.0,0.0,0.0,0.0,0.0,0.0,0.0,0.0,0.0,0.0,0.06666666666666667,0.0,0.06666666666666667,0.0,0.0,0.0,0.0,0.0,0.20000000000000004,0.0,0.0,0.0,0.0,0.0,0.0,0.0,0.0,0.0,0.06666666666666667,0.0,0.0,0.0,0.06666666666666667,0.06666666666666667,0.0,0.0,0.0,0.06666666666666667,0.0,0.0,0.0,0.13333333333333333,0.0,0.0,0.0,0.06666666666666667,0.0,0.0,0.0,0.20000000000000004,0.0,0.06666666666666667,0.0,0.0,0.0,0.0,0.0,0.0,0.0,0.0,0.13333333333333333,0.0,7.733333333333333,0.0,0.0,0.0,0.0,0.06666666666666667,0.06666666666666667,0.0,0.0,0.0,0.0,0.0,0.0,0.06666666666666667,0.06666666666666667,0.13333333333333333,0.0,0.19999999999999998,0.0,0.0,,,,,,,,,,,,,,,0.0,0.06666666666666667,0.0,0.06666666666666667,0.0,0.0,0.06666666666666667,0.0,0.0,0.06666666666666667,0.0,0.20000000000000004,,,0.0,0.0,0.0,0.0,0.0,0.0,,,,0.0,0.0,0.0,0.0,0.0,0.13333333333333333,0.0,0.13333333333333333,0.0,0.13333333333333333,0.0,0.0,0.0,0.0,0.06666666666666667,0.0,0.0,0.13333333333333333,0.0,0.06666666666666667,0.13333333333333333,0.06666666666666667,0.13333333333333333,0.19999999999999998,0.20000000000000004,0.06666666666666667,0.0,0.26666666666666666,0.06666666666666667,0.0,0.20000000000000004,0.0,0.0,0.06666666666666667,0.0,0.0,0.06666666666666667,0.0,0.13333333333333333,0.0,0.13333333333333333,0.0,,,0.06666666666666667,0.0,0.0,0.0,0.0,0.0,0.0,0.06666666666666667,0.0,0.0,0.0,0.0,0.0,0.0,0.0,0.0,0.0,0.0,0.06666666666666667,
13:00,,0.0,0.0,0.0,0.0,0.0,0.0,0.0,0.0,0.0,0.0,0.0,0.0,0.0,0.0,0.0,0.0,0.0,0.0,0.0,0.0,0.0,0.0,0.0,0.0,0.0,0.0,0.0,0.0,0.0,0.0,0.0,0.0,0.0,0.0,,0.0,0.0,0.0,0.0,0.0,0.0,0.0,0.0,0.0,0.0,0.0,0.0,0.0,0.0,0.0,0.0,0.0,0.06666666666666667,0.0,0.0,0.06666666666666667,0.0,0.0,0.0,0.0,0.0,0.0,0.0,0.0,0.0,0.0,0.0,0.0,0.0,0.13333333333333333,0.0,0.0,0.0,0.0,0.0,0.0,0.0,0.0,0.0,0.0,0.0,0.0,0.0,0.0,0.0,0.0,0.0,0.0,0.0,0.0,0.0,0.06666666666666667,0.06666666666666667,0.0,0.0,0.0,0.06666666666666667,0.0,0.0,0.0,0.0,0.0,0.0,0.0,0.0,0.0,0.0,0.06666666666666667,0.0,6.466666666666666,0.0,0.0,0.13333333333333333,0.06666666666666667,0.06666666666666667,0.0,0.0,0.0,0.0,0.0,0.06666666666666667,0.0,0.0,0.0,0.0,0.06666666666666667,0.0,0.0,0.06666666666666667,,,,,,,,,,,,,,,0.19999999999999998,0.06666666666666667,0.0,0.26666666666666666,0.26666666666666666,0.06666666666666667,0.06666666666666667,0.0,0.0,0.0,0.0,0.0,,,0.06666666666666667,0.0,0.0,0.0,0.0,0.0,,,,0.0,0.0,0.0,0.0,0.0,0.06666666666666667,0.4666666666666666,0.06666666666666667,0.0,0.0,0.06666666666666667,0.0,0.0,0.0,0.0,0.0,0.0,0.0,0.0,0.19999999999999998,0.13333333333333333,0.06666666666666667,0.06666666666666667,0.13333333333333333,0.20000000000000004,0.06666666666666667,0.06666666666666667,0.06666666666666667,0.06666666666666667,0.20000000000000004,0.13333333333333333,0.13333333333333333,0.0,0.0,0.0,0.26666666666666666,0.13333333333333333,0.06666666666666667,0.26666666666666666,0.0,0.0,0.13333333333333333,,,0.0,0.0,0.0,0.0,0.0,0.0,0.06666666666666667,0.13333333333333333,0.0,0.0,0.0,0.0,0.06666666666666667,0.0,0.0,0.0,0.0,0.20000000000000004,0.3333333333333333,
13:30,,0.0,0.0,0.0,0.0,0.0,0.0,0.0,0.0,0.0,0.0,0.0,0.0,0.0,0.0,0.0,0.0,0.0,0.0,0.0,0.0,0.0,0.0,0.0,0.0,0.0,0.0,0.0,0.0,0.06666666666666667,0.0,0.0,0.0,0.0,0.0,,0.0,0.0,0.0,0.0,0.0,0.0,0.0,0.0,0.0,0.0,0.0,0.0,0.0,0.0,0.06666666666666667,0.0,0.0,0.0,0.0,0.0,0.0,0.0,0.0,0.0,0.0,0.06666666666666667,0.0,0.0,0.0,0.0,0.06666666666666667,0.0,0.0,0.0,0.0,0.0,0.0,0.0,0.0,0.0,0.0,0.0,0.0,0.0,0.0,0.06666666666666667,0.0,0.0,0.0,0.0,0.0,0.0,0.0,0.0,0.0,0.0,0.0,0.0,0.0,0.0,0.0,0.20000000000000004,0.0,0.0,0.0,0.0,0.0,0.0,0.0,0.06666666666666667,0.0,0.20000000000000004,0.13333333333333333,0.0,3.6,0.0,0.0,0.0,0.0,0.06666666666666667,0.0,0.0,0.0,0.0,0.0,0.0,0.0,0.06666666666666667,0.06666666666666667,0.06666666666666667,0.06666666666666667,0.0,0.0,0.0,,,,,,,,,,,,,,,0.06666666666666667,0.0,0.0,0.0,0.0,0.06666666666666667,0.0,0.0,0.0,0.13333333333333333,0.06666666666666667,0.0,,,0.0,0.0,0.0,0.0,0.0,0.0,,,,0.0,0.0,0.0,0.0,0.0,0.0,0.0,0.0,0.06666666666666667,0.0,0.0,0.0,0.0,0.0,0.0,0.0,0.0,0.0,0.0,0.06666666666666667,0.0,0.0,0.13333333333333333,0.13333333333333333,0.06666666666666667,0.06666666666666667,0.06666666666666667,0.06666666666666667,0.0,0.3333333333333333,0.0,0.06666666666666667,0.0,0.06666666666666667,0.0,0.0,0.0,0.13333333333333333,0.06666666666666667,0.06666666666666667,0.06666666666666667,0.06666666666666667,,,0.0,0.19999999999999998,0.0,0.06666666666666667,0.0,0.0,0.0,0.06666666666666667,0.06666666666666667,0.0,0.06666666666666667,0.0,0.0,0.0,0.0,0.0,0.06666666666666667,0.13333333333333333,0.0,
14:00,,0.0,0.0,0.0,0.0,0.0,0.0,0.0,0.0,0.0,0.0,0.0,0.0,0.0,0.0,0.0,0.0,0.0,0.0,0.0,0.0,0.0,0.0,0.0,0.0,0.0,0.06666666666666667,0.0,0.0,0.0,0.0,0.0,0.0,0.0,0.0,,0.0,0.0,0.0,0.0,0.0,0.0,0.0,0.0,0.0,0.0,0.0,0.0,0.0,0.0,0.0,0.0,0.0,0.0,0.0,0.0,0.0,0.0,0.0,0.0,0.06666666666666667,0.06666666666666667,0.0,0.0,0.0,0.0,0.0,0.0,0.0,0.0,0.0,0.6,0.0,0.0,0.0,0.0,0.0,0.0,0.0,0.0,0.0,0.0,0.0,0.0,0.0,0.0,0.0,0.0,0.06666666666666667,0.0,0.0,0.0,0.06666666666666667,0.0,0.0,0.0,0.0,0.06666666666666667,0.0,0.0,0.20000000000000004,0.7333333333333334,0.0,0.0,0.0,0.3333333333333333,0.0,0.0,0.06666666666666667,0.0,0.6,0.0,0.0,0.06666666666666667,0.06666666666666667,0.06666666666666667,0.0,0.0,0.0,0.0,0.06666666666666667,0.06666666666666667,0.0,0.0,0.06666666666666667,0.0,0.0,0.0,0.0,0.0,,,,,,,,,,,,,,,0.0,0.0,0.0,0.0,0.0,0.0,0.13333333333333333,0.06666666666666667,0.0,0.0,0.13333333333333333,0.0,,,0.06666666666666667,0.0,0.0,0.26666666666666666,0.0,0.0,,,,0.0,0.0,0.0,0.0,0.0,0.0,0.0,0.0,0.0,0.13333333333333333,0.8666666666666667,0.0,0.06666666666666667,0.13333333333333333,0.0,0.13333333333333333,0.06666666666666667,0.06666666666666667,0.0,0.0,0.20000000000000004,0.06666666666666667,0.13333333333333333,0.06666666666666667,0.13333333333333333,0.06666666666666667,0.06666666666666667,0.06666666666666667,0.06666666666666667,0.13333333333333333,0.0,0.0,0.0,0.0,0.0,0.0,0.0,0.06666666666666667,0.13333333333333333,0.0,0.06666666666666667,0.06666666666666667,,,0.0,0.0,0.06666666666666667,0.0,0.0,0.0,0.06666666666666667,0.0,0.0,0.13333333333333333,0.0,0.13333333333333333,0.20000000000000004,0.0,0.0,0.13333333333333333,0.0,0.06666666666666667,0.0,
14:30,,0.0,0.0,0.0,0.0,0.0,0.0,0.0,0.0,0.0,0.0,0.0,0.0,0.0,0.0,0.0,0.0,0.0,0.0,0.0,0.0,0.0,0.0,0.0,0.0,0.0,0.0,0.0,0.0,0.0,0.0,0.0,0.0,0.0,0.0,,0.0,0.0,0.0,0.0,0.0,0.0,0.0,0.0,0.0,0.0,0.0,0.3333333333333333,0.0,0.06666666666666667,0.0,0.0,0.7999999999999999,1.2666666666666666,0.06666666666666667,0.19999999999999998,0.0,0.0,0.0,0.0,0.0,0.0,0.3333333333333333,0.0,0.0,0.0,0.26666666666666666,0.0,0.0,0.0,0.0,0.0,0.0,0.0,0.0,0.0,0.0,0.0,0.13333333333333333,0.06666666666666667,0.06666666666666667,0.0,0.0,0.0,0.0,0.0,0.0,0.0,0.0,0.0,0.0,0.0,0.0,0.0,0.0,0.0,0.0,0.0,0.0,0.0,0.06666666666666667,0.0,0.0,0.0,0.0,0.13333333333333333,0.0,0.0,0.0,0.0,0.9333333333333332,0.0,0.0,0.0,0.20000000000000004,0.0,0.0,0.0,0.0,0.0,0.0,0.0,0.0,0.0,0.0,0.0,0.0,0.0,0.0,0.06666666666666667,,,,,,,,,,,,,,,0.0,0.0,0.0,0.0,0.0,0.0,0.06666666666666667,0.0,0.0,0.06666666666666667,0.06666666666666667,0.0,,,0.0,0.0,0.0,0.0,0.0,0.06666666666666667,,,,0.06666666666666667,0.0,0.0,0.0,0.06666666666666667,0.0,0.0,0.06666666666666667,0.06666666666666667,0.13333333333333333,0.0,0.0,0.0,0.06666666666666667,0.06666666666666667,0.0,0.0,0.0,0.0,0.0,0.0,0.06666666666666667,0.06666666666666667,0.0,0.20000000000000004,0.0,0.06666666666666667,0.06666666666666667,0.06666666666666667,0.06666666666666667,0.0,0.13333333333333333,0.0,0.0,0.06666666666666667,0.0,0.06666666666666667,0.13333333333333333,0.13333333333333333,0.13333333333333333,0.19999999999999998,1.1333333333333335,,,0.26666666666666666,0.0,0.13333333333333333,0.0,0.0,0.20000000000000004,0.06666666666666667,0.06666666666666667,0.0,0.0,0.0,0.0,0.0,0.0,0.06666666666666667,0.06666666666666667,0.39999999999999997,0.0,0.06666666666666667,
15:00,,0.0,0.0,0.0,0.0,0.0,0.0,0.0,0.0,0.0,0.0,0.0,0.0,0.0,0.0,0.0,0.0,0.0,0.0,0.0,0.0,0.0,0.0,0.0,0.06666666666666667,0.0,0.26666666666666666,0.0,0.0,0.0,0.0,0.0,0.0,0.0,0.0,,0.0,0.0,0.0,0.0,0.0,0.0,0.0,0.26666666666666666,0.7999999999999999,0.5333333333333333,0.5333333333333333,0.4666666666666666,0.06666666666666667,0.0,0.0,0.06666666666666667,0.06666666666666667,0.0,0.0,0.0,0.0,0.0,0.0,0.0,0.13333333333333333,0.0,0.06666666666666667,0.0,0.0,0.0,0.06666666666666667,0.26666666666666666,0.0,0.0,0.0,0.0,0.0,0.0,0.0,0.0,0.0,0.0,0.0,0.0,0.0,0.06666666666666667,0.0,0.0,0.0,0.0,0.0,0.0,0.0,0.06666666666666667,0.0,0.0,0.0,0.0,0.0,0.06666666666666667,0.0,0.0,0.0,0.0,0.0,0.6,0.06666666666666667,0.13333333333333333,1.2666666666666666,0.0,0.0,0.0,0.0,0.0,0.0,0.0,0.0,0.0,0.0,0.0,0.06666666666666667,0.0,0.0,0.06666666666666667,0.0,0.0,0.0,0.0,0.0,0.0,0.0,0.0,0.0,0.06666666666666667,,,,,,,,,,,,,,,0.0,0.0,0.0,0.0,0.0,0.0,0.06666666666666667,0.0,0.0,0.06666666666666667,0.0,0.20000000000000004,,,0.06666666666666667,0.0,0.0,0.0,0.0,0.0,,,,0.0,0.0,0.0,0.0,0.06666666666666667,0.0,0.0,0.0,0.0,0.0,0.0,0.0,0.0,0.0,0.0,0.0,0.0,0.0,0.0,0.0,0.0,0.06666666666666667,0.0,0.39999999999999997,0.13333333333333333,0.0,0.06666666666666667,0.0,0.13333333333333333,0.06666666666666667,0.06666666666666667,0.0,0.0,0.06666666666666667,0.13333333333333333,0.0,0.06666666666666667,0.0,0.20000000000000004,0.06666666666666667,0.06666666666666667,0.0,,,0.4666666666666666,0.20000000000000004,0.06666666666666667,0.0,0.06666666666666667,0.0,0.0,0.06666666666666667,0.0,0.0,0.0,0.06666666666666667,0.06666666666666667,0.06666666666666667,0.06666666666666667,0.0,0.06666666666666667,0.0,0.06666666666666667,
15:30,,0.0,0.0,0.0,0.0,0.0,0.0,0.0,0.0,0.0,0.0,0.0,0.0,0.0,0.0,0.0,0.0,0.0,0.0,0.0,0.0,0.0,0.0,0.0,0.0,0.0,0.0,0.06666666666666667,0.06666666666666667,0.0,0.0,0.0,0.0,0.0,0.0,,0.0,0.0,0.0,0.0,0.26666666666666666,0.0,0.0,0.20000000000000004,0.0,0.0,0.4666666666666666,0.0,0.06666666666666667,0.13333333333333333,0.0,0.06666666666666667,0.0,0.0,0.0,0.0,0.0,0.0,0.0,0.06666666666666667,0.0,0.06666666666666667,0.0,0.0,0.19999999999999998,0.0,0.0,0.0,0.0,0.0,0.0,0.0,0.0,0.0,0.0,0.0,0.06666666666666667,0.0,0.0,0.0,0.0,0.0,0.0,0.0,0.0,0.0,0.0,0.06666666666666667,0.06666666666666667,0.0,0.0,0.0,0.0,0.06666666666666667,0.0,0.0,0.0,0.0,0.0,0.0,0.0,0.0,0.06666666666666667,0.0,0.5333333333333333,0.0,0.0,0.06666666666666667,0.0,0.0,0.06666666666666667,0.0,0.0,0.0,0.06666666666666667,0.0,0.0,0.0,0.0,0.0,0.06666666666666667,0.0,0.0,0.0,0.0,0.0,0.06666666666666667,0.06666666666666667,0.0,0.06666666666666667,,,,,,,,,,,,,,,0.0,0.0,0.06666666666666667,0.0,0.0,0.0,0.0,0.0,0.0,0.0,0.06666666666666667,0.0,,,0.0,0.06666666666666667,0.0,0.0,0.0,0.0,,,,0.0,0.0,0.0,0.0,0.0,0.0,0.0,0.0,0.0,0.0,0.0,0.0,0.0,0.06666666666666667,0.06666666666666667,0.0,0.06666666666666667,0.0,0.0,0.0,0.0,0.0,0.13333333333333333,0.0,0.06666666666666667,0.06666666666666667,0.06666666666666667,0.0,0.06666666666666667,0.0,0.06666666666666667,0.0,0.0,0.06666666666666667,0.0,0.0,0.0,0.0,0.20000000000000004,0.06666666666666667,0.06666666666666667,0.0,,,0.0,0.0,0.0,0.06666666666666667,0.06666666666666667,0.0,0.0,0.0,0.0,0.0,0.0,0.0,0.0,0.0,0.20000000000000004,0.0,0.0,0.13333333333333333,0.06666666666666667,
16:00,,0.0,0.0,0.0,0.0,0.0,0.06666666666666667,0.0,0.0,0.0,0.0,0.0,0.0,0.0,0.0,0.0,0.0,0.0,0.0,0.0,0.0,0.0,0.0,0.0,0.13333333333333333,0.0,0.0,0.0,0.0,0.0,0.0,0.0,0.0,0.0,,,0.0,0.0,0.0,0.0,0.0,0.0,0.0,0.0,0.0,0.0,0.0,0.0,0.19999999999999998,0.06666666666666667,0.0,0.39999999999999997,0.0,0.5333333333333333,0.06666666666666667,0.0,0.0,0.0,0.0,0.0,0.06666666666666667,0.0,0.06666666666666667,0.0,0.0,0.06666666666666667,0.0,0.06666666666666667,0.0,0.0,0.0,0.0,0.0,0.06666666666666667,0.0,0.0,0.0,0.0,0.06666666666666667,0.0,0.0,0.06666666666666667,0.0,0.0,0.0,0.0,0.0,0.0,0.0,0.0,0.0,0.0,0.0,0.0,0.0,0.0,0.0,0.0,0.0,0.0,0.26666666666666666,0.0,0.06666666666666667,0.0,0.0,0.0,0.06666666666666667,0.19999999999999998,0.0,0.0,0.13333333333333333,0.0,0.0,0.0,0.0,0.0,0.0,0.0,0.0,0.0,0.0,0.0,0.0,0.0,0.0,0.0,0.0,0.0,0.0,0.0,,,,,,,,,,,,,,,0.0,0.0,0.0,0.0,0.0,0.0,0.0,0.0,0.0,0.0,0.0,0.0,,,0.0,0.0,0.0,0.0,0.06666666666666667,0.06666666666666667,,,,0.0,0.06666666666666667,0.0,0.0,0.0,0.0,0.0,0.13333333333333333,0.0,0.0,0.0,0.0,0.06666666666666667,0.06666666666666667,0.0,0.06666666666666667,0.0,0.0,0.0,0.06666666666666667,0.0,0.06666666666666667,0.13333333333333333,0.19999999999999998,0.0,0.0,0.0,0.13333333333333333,0.0,0.20000000000000004,0.0,0.0,0.0,0.0,0.0,0.0,0.0,0.0,0.06666666666666667,0.13333333333333333,0.06666666666666667,0.0,,,0.0,0.0,0.0,0.06666666666666667,0.0,0.0,0.0,0.0,0.0,0.0,0.0,0.0,0.0,0.0,0.06666666666666667,0.0,0.0,0.06666666666666667,0.0,
16:30,,0.0,0.0,0.0,0.0,0.0,0.0,0.0,0.0,0.0,0.0,0.0,0.0,0.0,0.0,0.0,0.06666666666666667,0.0,0.0,0.0,0.0,0.0,0.0,0.0,0.0,0.0,0.0,0.0,0.0,0.0,0.0,0.0,0.0,0.0,,,0.0,0.0,0.0,0.0,0.0,0.0,0.0,0.0,0.06666666666666667,0.0,0.0,0.0,0.06666666666666667,0.0,0.0,0.0,0.0,0.0,0.0,0.0,0.0,0.0,0.0,0.0,0.0,0.20000000000000004,0.06666666666666667,0.0,0.06666666666666667,0.0,0.06666666666666667,0.06666666666666667,0.0,0.0,0.0,0.0,0.06666666666666667,0.0,0.4666666666666666,0.0,0.0,0.0,0.0,0.0,0.0,0.0,0.0,0.0,0.0,0.06666666666666667,0.06666666666666667,0.0,0.0,0.0,0.0,0.0,0.0,0.0,0.0,0.0,0.0,0.0,0.0,0.0,0.0,0.0,0.06666666666666667,0.19999999999999998,0.0,0.0,0.06666666666666667,0.0,0.06666666666666667,0.0,0.6,0.0,0.06666666666666667,0.0,0.06666666666666667,0.0,0.0,0.0,0.0,0.0,0.0,0.0,0.0,0.0,0.0,0.0,0.0,0.0,0.0,0.0,,,,,,,,,,,,,,,0.0,0.0,0.0,0.0,0.0,0.0,0.06666666666666667,0.0,0.0,0.0,0.0,0.06666666666666667,,,0.0,0.0,0.0,0.0,0.0,0.13333333333333333,,,,0.0,0.0,0.06666666666666667,0.0,0.0,0.0,0.06666666666666667,0.06666666666666667,0.0,0.0,0.0,0.0,0.0,0.0,0.06666666666666667,0.0,0.0,0.0,0.06666666666666667,0.0,0.0,0.0,0.0,0.06666666666666667,0.0,0.19999999999999998,0.0,0.0,0.0,0.13333333333333333,0.13333333333333333,0.0,0.26666666666666666,0.06666666666666667,0.0,0.06666666666666667,0.06666666666666667,0.06666666666666667,0.13333333333333333,0.06666666666666667,0.06666666666666667,0.0,,,0.0,0.0,0.0,0.0,0.20000000000000004,0.13333333333333333,0.0,0.13333333333333333,0.0,0.06666666666666667,0.0,0.13333333333333333,0.0,0.0,0.0,0.0,0.0,0.0,0.0,
17:00,,0.0,0.0,0.0,0.0,0.06666666666666667,0.0,0.0,0.0,0.0,0.0,0.0,0.0,0.0,0.0,0.0,0.0,0.0,0.06666666666666667,0.0,0.0,0.0,0.0,0.0,0.0,0.26666666666666666,0.06666666666666667,0.0,0.0,0.0,0.0,0.0,0.0,0.0,,,0.0,0.0,0.0,0.0,0.0,0.0,0.06666666666666667,0.0,0.0,0.0,0.26666666666666666,0.0,0.0,0.6666666666666666,0.06666666666666667,0.0,0.0,0.0,0.20000000000000004,0.06666666666666667,0.0,0.0,0.0,0.0,0.0,0.0,0.0,0.0,0.0,0.0,0.0,0.13333333333333333,0.06666666666666667,0.0,0.0,0.0,0.0,0.0,0.0,0.0,0.0,0.0,0.0,0.0,0.0,0.0,0.0,0.0,0.0,0.0,0.0,0.06666666666666667,0.0,0.0,0.0,0.0,0.0,0.0,0.0,0.0,0.0,0.13333333333333333,0.0,1.0666666666666667,0.19999999999999998,0.0,0.0,0.0,0.06666666666666667,0.4666666666666666,0.0,0.3333333333333333,0.0,0.0,4.733333333333333,0.0,0.0,0.0,0.0,0.06666666666666667,0.0,0.0,0.0,0.0,0.0,0.0,0.0,0.0,0.0,0.0,0.0,0.0,0.0,0.06666666666666667,,,,,,,,,,,,,,,0.0,0.0,0.0,0.0,0.0,0.0,0.0,0.0,0.0,0.06666666666666667,0.0,0.0,,,0.0,0.0,0.0,0.0,0.0,0.0,,,,0.0,0.0,0.0,0.0,0.0,0.0,0.06666666666666667,0.06666666666666667,0.0,0.0,0.0,0.0,0.06666666666666667,0.0,0.0,0.06666666666666667,0.0,0.06666666666666667,0.0,0.0,0.06666666666666667,0.0,0.0,0.20000000000000004,0.06666666666666667,0.0,0.06666666666666667,0.0,0.13333333333333333,0.0,0.6666666666666666,0.0,0.06666666666666667,0.0,0.0,0.0,0.0,0.13333333333333333,0.13333333333333333,0.0,0.06666666666666667,0.0,,,0.06666666666666667,0.0,0.0,0.06666666666666667,0.0,0.13333333333333333,0.0,0.0,0.0,0.0,0.06666666666666667,0.06666666666666667,0.0,0.0,0.0,0.0,0.06666666666666667,0.0,0.0,
17:30,,0.0,0.0,0.0,0.0,0.0,0.0,0.0,0.0,0.0,0.0,0.0,0.0,0.0,0.0,0.0,0.0,0.0,0.0,0.0,0.0,0.0,0.0,0.0,0.0,0.13333333333333333,0.0,0.0,0.0,0.0,0.0,0.06666666666666667,0.0,0.0,,,0.0,0.0,0.0,0.0,0.0,0.0,0.0,0.0,0.0,0.0,0.13333333333333333,0.06666666666666667,0.06666666666666667,0.0,0.0,0.0,0.19999999999999998,0.0,0.0,0.0,0.13333333333333333,0.0,0.0,0.0,0.26666666666666666,0.0,0.0,0.0,0.0,0.0,0.0,0.0,0.0,0.06666666666666667,0.0,0.13333333333333333,0.0,0.0,0.0,0.0,0.0,0.0,0.0,0.0,0.0,0.06666666666666667,0.0,0.0,0.0,0.0,0.0,0.0,0.0,0.0,0.0,0.0,0.13333333333333333,0.06666666666666667,0.0,0.0,0.0,0.0,0.0,0.0,0.0,0.0,0.0,0.0,0.0,0.0,0.13333333333333333,0.0,0.0,0.26666666666666666,2.466666666666667,0.0,0.0,0.0,0.06666666666666667,0.0,0.0,0.0,0.0,0.0,0.0,0.0,0.0,0.0,0.0,0.0,0.0,0.0,0.0,0.0,,,,,,,,,,,,,,,0.0,0.0,0.0,0.0,0.0,0.0,0.06666666666666667,0.06666666666666667,0.0,0.06666666666666667,0.0,0.0,,,0.0,0.0,0.0,0.0,0.0,0.0,,,,0.0,0.0,0.06666666666666667,0.0,0.0,0.0,0.0,0.06666666666666667,0.0,0.0,0.0,0.0,0.0,0.0,0.0,0.0,0.0,0.06666666666666667,0.0,0.0,0.0,0.0,0.06666666666666667,0.26666666666666666,0.13333333333333333,0.19999999999999998,0.13333333333333333,0.0,0.06666666666666667,0.0,0.0,0.0,0.0,0.0,0.06666666666666667,0.06666666666666667,0.0,0.0,0.06666666666666667,0.06666666666666667,0.0,0.13333333333333333,,0.06666666666666667,0.0,0.0,0.06666666666666667,0.06666666666666667,0.0,0.0,0.0,0.0,0.06666666666666667,0.0,0.0,0.13333333333333333,0.06666666666666667,0.0,0.0,0.0,0.0,0.06666666666666667,0.0,
18:00,,0.0,0.0,0.0,0.0,0.0,0.0,0.0,0.0,0.0,0.0,0.0,0.0,0.0,0.0,0.0,0.0,0.0,0.0,0.0,0.0,0.0,0.0,0.19999999999999998,0.06666666666666667,0.0,0.0,0.0,0.0,0.0,0.0,0.0,0.0,0.0,,,0.0,0.0,0.0,0.0,0.0,0.0,0.0,0.0,0.0,0.0,0.0,0.0,0.0,0.0,0.0,0.06666666666666667,0.0,0.0,0.06666666666666667,0.0,0.0,0.0,0.4666666666666666,0.0,0.0,0.0,0.06666666666666667,0.0,0.0,0.06666666666666667,0.0,0.0,0.0,0.06666666666666667,0.06666666666666667,0.0,0.06666666666666667,0.0,0.0,0.0,0.06666666666666667,0.0,0.0,0.0,0.0,0.0,0.0,0.0,0.0,0.06666666666666667,0.0,0.0,0.0,0.0,0.0,0.0,0.0,0.06666666666666667,0.0,0.0,0.0,0.0,0.0,0.0,0.0,0.0,0.0,0.0,0.3333333333333333,0.0,0.0,0.0,0.0,0.0,0.39999999999999997,0.0,0.0,0.0,0.0,0.0,0.06666666666666667,0.0,0.0,0.0,0.0,0.0,0.0,0.0,0.0,0.0,0.0,0.0,0.0,0.0,,,,,,,,,,,,,,,0.0,0.0,0.0,0.06666666666666667,0.0,0.0,0.06666666666666667,0.0,0.0,0.06666666666666667,0.0,0.06666666666666667,,,0.0,0.0,0.06666666666666667,0.06666666666666667,0.0,0.0,,,,0.0,0.0,0.0,0.06666666666666667,0.0,0.0,0.0,0.0,0.0,0.13333333333333333,0.0,0.06666666666666667,0.26666666666666666,0.06666666666666667,0.0,0.0,0.0,0.0,0.06666666666666667,0.06666666666666667,0.06666666666666667,0.0,0.0,0.06666666666666667,0.13333333333333333,0.06666666666666667,0.0,0.0,0.0,0.06666666666666667,0.0,0.0,0.0,0.06666666666666667,0.13333333333333333,0.06666666666666667,0.0,0.0,0.06666666666666667,0.06666666666666667,0.0,0.06666666666666667,,0.13333333333333333,0.13333333333333333,0.06666666666666667,0.06666666666666667,0.0,0.0,0.0,0.0,0.06666666666666667,0.0,0.0,0.0,0.0,0.06666666666666667,0.06666666666666667,0.13333333333333333,0.0,0.06666666666666667,0.06666666666666667,0.06666666666666667,
18:30,,0.06666666666666667,0.0,0.0,0.0,0.0,0.0,0.0,0.0,0.0,0.0,0.0,0.0,0.0,0.0,0.0,0.0,0.0,0.0,0.0,0.0,0.0,0.0,0.20000000000000004,0.0,0.0,0.0,0.0,0.06666666666666667,0.0,0.0,0.0,0.0,0.0,,,0.0,0.0,0.0,0.0,0.0,0.0,0.06666666666666667,0.0,0.06666666666666667,0.0,0.06666666666666667,0.0,0.13333333333333333,0.0,0.13333333333333333,0.06666666666666667,0.13333333333333333,0.0,0.26666666666666666,0.0,0.0,0.0,0.06666666666666667,0.0,0.0,0.0,0.0,0.0,0.0,0.0,0.06666666666666667,0.0,0.0,0.0,0.0,0.0,0.0,0.0,0.0,0.0,0.0,0.0,0.0,0.0,0.0,0.0,0.0,0.0,0.0,0.0,0.0,0.0,0.0,0.0,0.0,0.0,0.0,0.0,0.0,0.0,0.0,0.0,0.0,0.39999999999999997,0.0,0.0,0.0,0.0,0.0,0.0,0.0,0.0,0.0,0.0,0.13333333333333333,0.0,0.0,0.0,0.0,0.0,0.0,0.0,0.0,0.0,0.13333333333333333,0.0,0.0,0.0,0.0,0.0,0.0,0.0,0.0,0.0,,,,,,,,,,,,,,,0.0,0.0,0.0,0.0,0.0,0.0,0.06666666666666667,0.0,0.0,0.0,0.13333333333333333,0.0,,,0.0,0.0,0.0,0.0,0.06666666666666667,0.0,,,0.0,0.0,0.0,0.0,0.0,0.0,0.0,0.0,0.0,0.0,0.0,0.0,0.0,0.0,0.0,0.13333333333333333,0.0,0.0,0.0,0.0,0.0,0.0,0.0,0.0,0.26666666666666666,0.20000000000000004,0.26666666666666666,0.20000000000000004,0.0,0.0,0.06666666666666667,0.06666666666666667,0.0,0.0,0.0,0.0,0.0,0.0,0.19999999999999998,0.0,0.0,0.0,0.26666666666666666,,0.06666666666666667,0.13333333333333333,0.0,0.06666666666666667,0.06666666666666667,0.0,0.06666666666666667,0.06666666666666667,0.0,0.06666666666666667,0.0,0.0,0.0,0.06666666666666667,0.06666666666666667,0.06666666666666667,0.06666666666666667,0.13333333333333333,0.06666666666666667,0.06666666666666667,
19:00,,0.0,0.0,0.0,0.0,0.0,0.0,0.0,0.0,0.0,0.0,0.0,0.0,0.0,0.0,0.13333333333333333,0.0,0.0,0.0,0.0,0.0,0.0,0.0,0.0,0.13333333333333333,0.0,0.0,0.0,0.0,0.0,0.0,0.0,0.0,0.0,,,0.0,0.0,0.0,0.0,0.0,0.0,0.0,0.0,0.0,0.0,0.0,0.0,0.0,0.13333333333333333,0.0,0.06666666666666667,0.0,0.0,0.0,0.06666666666666667,0.06666666666666667,0.0,0.0,0.0,0.0,0.0,0.0,0.0,0.0,0.06666666666666667,0.0,0.0,0.06666666666666667,0.0,0.0,0.0,0.0,0.0,0.0,0.0,0.0,0.0,0.0,0.0,0.0,0.0,0.0,0.0,0.0,0.0,0.0,0.0,0.0,0.0,0.0,0.0,0.0,0.0,0.0,0.0,0.0,0.06666666666666667,0.0,0.0,0.0,0.19999999999999998,0.0,0.0,0.0,0.0,0.0,0.0,0.0,0.0,1.7333333333333334,0.0,0.0,0.0,0.06666666666666667,0.0,0.0,0.0,0.0,0.0,0.0,0.0,0.0,0.0,0.06666666666666667,0.0,0.0,0.0,0.0,0.0,,,,,,,,,,,,,,,0.0,0.06666666666666667,0.0,0.0,0.0,0.0,0.0,0.06666666666666667,0.06666666666666667,0.0,0.0,0.0,,0.0,0.0,0.0,0.0,0.0,0.0,0.06666666666666667,,,0.13333333333333333,0.0,0.0,0.0,0.0,0.06666666666666667,0.0,0.0,0.0,0.0,0.0,0.06666666666666667,0.06666666666666667,0.06666666666666667,0.0,0.0,0.0,0.0,0.06666666666666667,0.0,0.0,0.06666666666666667,0.0,0.0,0.0,0.06666666666666667,0.0,0.06666666666666667,0.0,0.0,0.13333333333333333,0.13333333333333333,0.0,0.0,0.0,0.0,0.0,0.0,0.0,0.20000000000000004,0.0,0.0,0.19999999999999998,,0.20000000000000004,0.0,0.0,0.0,0.0,0.0,0.06666666666666667,0.06666666666666667,0.0,0.0,0.13333333333333333,0.0,0.0,0.13333333333333333,0.0,0.06666666666666667,0.06666666666666667,0.06666666666666667,0.06666666666666667,0.0,
19:30,,0.0,0.0,0.0,0.0,0.0,0.13333333333333333,0.0,0.0,0.0,0.0,0.0,0.0,0.0,0.0,0.0,0.0,0.0,0.0,0.0,0.0,0.0,0.0,0.0,0.0,0.0,0.0,0.0,0.0,0.0,0.06666666666666667,0.0,0.06666666666666667,0.0,,,0.0,0.0,0.0,0.0,0.0,0.0,0.0,0.0,0.0,0.0,0.0,0.0,0.0,0.0,0.0,0.06666666666666667,0.06666666666666667,0.0,0.0,0.0,0.0,0.0,0.0,0.0,0.0,0.0,0.0,0.0,0.06666666666666667,0.0,0.0,0.0,0.0,0.0,0.0,0.0,0.0,0.0,0.0,0.0,0.06666666666666667,0.0,0.0,0.0,0.0,0.0,0.0,0.0,0.0,0.0,0.0,0.0,0.0,0.0,0.0,0.0,0.0,0.0,0.0,0.0,0.0,0.0,0.0,0.0,0.0,0.0,0.0,0.0,0.06666666666666667,0.0,0.0,0.0,0.0,0.06666666666666667,2.466666666666667,0.0,0.0,0.06666666666666667,0.06666666666666667,0.13333333333333333,0.06666666666666667,0.0,0.0,0.0,0.0,0.0,0.0,0.0,0.0,0.0,0.0,0.0,0.06666666666666667,0.0,,,,,,,,,,,,,,0.0,0.0,0.0,0.06666666666666667,0.0,0.0,0.0,0.0,0.13333333333333333,0.0,0.0,0.20000000000000004,0.0,,0.20000000000000004,0.0,0.0,0.13333333333333333,0.06666666666666667,0.0,0.06666666666666667,,,0.0,0.06666666666666667,0.0,0.06666666666666667,0.0,0.0,0.06666666666666667,0.0,0.0,0.0,0.0,0.0,0.13333333333333333,0.13333333333333333,0.0,0.0,0.13333333333333333,0.06666666666666667,0.13333333333333333,0.06666666666666667,0.06666666666666667,0.06666666666666667,0.06666666666666667,0.0,0.06666666666666667,0.4000000000000001,0.13333333333333333,0.13333333333333333,0.0,0.0,0.06666666666666667,0.13333333333333333,0.0,0.0,0.0,0.0,0.0,0.0,0.06666666666666667,0.3333333333333333,0.06666666666666667,0.0,0.06666666666666667,,0.0,0.06666666666666667,0.0,0.06666666666666667,0.0,0.13333333333333333,0.0,0.0,0.0,0.0,0.0,0.0,0.0,0.06666666666666667,0.0,0.0,0.13333333333333333,0.0,0.06666666666666667,0.06666666666666667,
20:00,0.4,0.0,0.0,0.0,0.0,0.0,0.0,0.0,0.0,0.0,0.0,0.0,0.0,0.0,0.0,0.0,0.0,0.0,0.0,0.0,0.0,0.0,0.0,0.0,0.0,0.0,0.06666666666666667,0.0,0.0,0.0,0.0,0.0,0.0,0.0,,,0.0,0.0,0.0,0.0,0.0,0.0,0.0,0.0,0.06666666666666667,0.0,0.0,0.0,0.0,0.0,0.0,0.13333333333333333,0.0,0.0,0.06666666666666667,0.0,0.0,0.0,0.0,0.0,0.06666666666666667,0.0,0.0,0.0,0.0,0.0,0.06666666666666667,0.06666666666666667,0.0,0.0,0.0,0.0,0.0,0.0,0.0,0.0,0.0,0.0,0.0,0.0,0.0,0.0,0.0,0.0,0.0,0.0,0.0,0.0,0.0,0.0,0.19999999999999998,0.0,0.0,0.13333333333333333,0.0,0.06666666666666667,0.13333333333333333,0.0,0.0,0.0,0.0,0.0,0.0,0.0,0.06666666666666667,0.0,0.0,0.06666666666666667,0.0,0.0,1.8666666666666665,0.0,0.0,0.06666666666666667,0.0,0.06666666666666667,0.06666666666666667,0.0,0.0,0.0,0.0,0.0,0.0,0.0,0.0,0.0,0.06666666666666667,0.0,0.06666666666666667,0.0,,,,,,,,,,,,,,0.0,0.0,0.0,0.0,0.0,0.0,0.0,0.13333333333333333,0.0,0.0,0.0,0.06666666666666667,0.0,,0.26666666666666666,0.0,0.0,0.13333333333333333,0.0,0.06666666666666667,0.13333333333333333,,,0.06666666666666667,0.0,0.0,0.0,0.0,0.0,0.0,0.0,0.0,0.0,0.0,0.0,0.13333333333333333,0.0,0.06666666666666667,0.13333333333333333,0.20000000000000004,0.0,0.0,0.0,0.0,0.13333333333333333,0.0,0.0,0.3333333333333333,0.13333333333333333,0.13333333333333333,0.06666666666666667,0.0,0.0,0.26666666666666666,0.06666666666666667,0.0,0.0,0.0,0.0,0.06666666666666667,0.0,0.0,0.20000000000000004,0.06666666666666667,0.0,0.20000000000000004,,0.06666666666666667,0.0,0.06666666666666667,0.20000000000000004,0.13333333333333333,0.06666666666666667,0.0,0.06666666666666667,0.0,0.0,0.0,0.0,0.06666666666666667,0.20000000000000004,0.06666666666666667,0.0,0.20000000000000004,0.06666666666666667,0.0,0.0,
20:30,0.39999999999999997,0.0,0.0,0.0,0.0,0.0,0.0,0.0,0.0,0.0,0.0,0.0,0.0,0.0,0.0,0.0,0.0,0.0,0.0,0.0,0.0,0.0,0.0,0.0,0.0,0.0,0.0,0.0,0.0,0.0,0.0,0.0,0.0,0.0,,,0.0,0.0,0.0,0.0,0.0,0.0,0.0,0.0,0.0,0.0,0.0,0.0,0.0,0.06666666666666667,0.0,0.0,0.0,0.0,0.0,0.0,0.0,0.0,0.0,0.0,0.0,0.0,0.0,0.0,0.0,0.0,0.0,0.0,0.0,0.0,0.0,0.0,0.0,0.0,0.0,0.0,0.0,0.0,0.0,0.0,0.0,0.0,0.0,0.0,0.0,0.0,0.0,0.0,0.0,0.0,0.0,0.0,0.0,0.0,0.0,0.0,0.0,0.0,0.0,0.0,0.19999999999999998,0.0,0.0,0.0,0.0,0.3333333333333333,0.0,0.0,0.06666666666666667,0.0,1.8,0.0,0.0,0.0,0.0,0.0,0.0,0.0,0.0,0.0,0.0,0.0,0.0,0.0,0.0,0.0,0.0,0.0,0.06666666666666667,0.0,,,,,,,,,,,,,,0.0,0.0,0.0,0.0,0.06666666666666667,0.0,0.0,0.06666666666666667,0.0,0.0,0.0,0.0,0.0,,0.3333333333333333,0.0,0.0,0.06666666666666667,0.0,0.06666666666666667,0.0,,,0.0,0.0,0.0,0.06666666666666667,0.0,0.0,0.06666666666666667,0.0,0.0,0.0,0.0,0.06666666666666667,0.06666666666666667,0.0,0.0,0.0,0.0,0.0,0.0,0.0,1.7333333333333334,0.06666666666666667,0.06666666666666667,0.0,0.26666666666666666,0.0,0.0,0.0,0.0,0.06666666666666667,0.3333333333333333,0.19999999999999998,0.0,0.0,0.0,0.0,0.06666666666666667,0.20000000000000004,0.06666666666666667,0.13333333333333333,0.06666666666666667,0.06666666666666667,0.0,,0.06666666666666667,0.0,0.06666666666666667,0.06666666666666667,0.0,0.0,0.0,0.20000000000000004,0.0,0.0,0.0,0.06666666666666667,0.0,0.06666666666666667,0.06666666666666667,0.0,0.06666666666666667,0.06666666666666667,0.0,0.06666666666666667,
21:00,0.6,0.0,0.0,0.0,0.0,0.0,0.0,0.0,0.0,0.0,0.0,0.0,0.0,0.0,0.0,0.0,0.0,0.0,0.0,0.0,0.0,0.0,0.0,0.0,0.0,0.0,0.0,0.0,0.0,0.0,0.3333333333333333,0.0,0.0,0.0,,,0.0,0.0,0.0,0.0,0.0,0.0,0.0,0.0,0.0,0.0,0.0,0.0,0.06666666666666667,0.0,0.0,0.06666666666666667,0.06666666666666667,0.0,0.0,0.0,0.0,0.0,0.0,0.0,0.0,0.0,0.0,0.0,0.0,0.0,0.0,0.0,0.0,0.0,0.0,0.26666666666666666,0.0,0.0,0.0,0.0,0.0,0.0,0.0,0.0,0.0,0.0,0.0,0.0,0.0,0.0,0.0,0.0,0.0,0.06666666666666667,0.0,0.06666666666666667,0.0,0.0,0.0,0.0,0.06666666666666667,0.0,0.0,0.0,0.0,0.0,0.0,0.0,0.0,0.0,0.0,0.0,0.06666666666666667,0.0,0.0,0.0,0.0,0.06666666666666667,0.06666666666666667,0.0,0.0,0.0,0.0,0.0,0.06666666666666667,0.0,0.0,0.06666666666666667,0.0,0.0,0.0,0.19999999999999998,0.0,0.0,,,,,,,,,,,,,,0.0,0.0,0.0,0.0,0.13333333333333333,0.0,0.0,0.0,0.0,0.06666666666666667,0.0,0.06666666666666667,0.0,,0.3333333333333333,0.0,0.0,0.0,0.0,0.0,0.0,,,0.0,0.0,0.0,0.0,0.0,0.0,0.0,0.0,0.0,0.0,0.0,0.0,0.06666666666666667,0.0,0.0,0.0,0.06666666666666667,0.06666666666666667,0.06666666666666667,0.0,0.0,0.0,0.0,0.0,0.4666666666666666,0.0,0.0,0.0,0.0,0.20000000000000004,0.06666666666666667,0.20000000000000004,0.06666666666666667,0.0,0.0,0.26666666666666666,0.0,0.0,0.06666666666666667,0.06666666666666667,0.06666666666666667,0.13333333333333333,0.0,,0.06666666666666667,0.06666666666666667,0.0,0.3333333333333333,0.0,0.0,0.0,0.0,0.06666666666666667,0.06666666666666667,0.0,0.0,0.0,0.0,0.0,0.06666666666666667,0.06666666666666667,0.0,0.06666666666666667,0.0,
21:30,0.0,0.0,0.0,0.0,0.0,0.0,0.0,0.0,0.0,0.0,0.0,0.0,0.0,0.0,0.0,0.0,0.0,0.0,0.0,0.0,0.0,0.06666666666666667,0.0,0.0,0.0,0.0,0.0,0.0,0.0,0.0,0.0,0.0,0.0,0.0,,0.0,0.0,0.0,0.0,0.0,0.0,0.0,0.0,0.0,0.0,0.0,0.0,0.0,0.19999999999999998,0.0,0.0,0.0,0.0,0.26666666666666666,0.0,0.0,0.0,0.06666666666666667,0.26666666666666666,0.0,0.0,0.0,0.0,0.0,0.06666666666666667,0.06666666666666667,0.0,0.0,0.0,0.0,0.0,0.06666666666666667,0.0,0.0,0.0,0.0,0.06666666666666667,0.0,0.0,0.0,0.0,0.0,0.0,0.0,0.0,0.0,0.0,0.0,0.0,0.0,0.0,0.06666666666666667,0.0,0.0,0.0,0.0,0.0,0.0,0.0,0.0,0.0,0.0,0.0,0.0,0.06666666666666667,0.0,0.06666666666666667,0.0,0.0,0.0,0.0,0.0,0.0,0.06666666666666667,0.0,0.0,0.0,0.0,0.0,0.0,0.0,0.06666666666666667,0.0,0.0,0.0,0.0,0.0,0.0,0.0,0.06666666666666667,,,,,,,,,,,,,,0.0,0.0,0.06666666666666667,0.0,0.0,0.0,0.0,0.0,0.0,0.0,0.0,0.0,0.13333333333333333,,0.6,0.06666666666666667,0.0,0.0,0.3333333333333333,0.0,0.0,,,0.0,0.0,0.0,0.0,0.0,0.0,0.0,0.0,0.0,0.0,0.0,0.0,0.0,0.0,0.0,0.06666666666666667,0.06666666666666667,0.06666666666666667,0.0,0.0,0.0,0.06666666666666667,0.0,0.0,0.0,0.06666666666666667,0.06666666666666667,0.13333333333333333,0.0,0.06666666666666667,0.13333333333333333,0.06666666666666667,0.06666666666666667,0.0,0.0,0.06666666666666667,0.06666666666666667,0.13333333333333333,0.0,0.0,0.0,0.06666666666666667,0.0,,0.0,0.0,0.0,0.06666666666666667,0.13333333333333333,0.13333333333333333,0.0,0.0,0.06666666666666667,0.0,0.0,0.0,0.06666666666666667,0.06666666666666667,0.0,0.0,0.0,0.0,0.0,0.0,
22:00,0.0,0.06666666666666667,0.0,0.0,0.0,0.0,0.0,0.0,0.0,0.0,0.0,0.0,0.0,0.0,0.0,0.0,0.0,0.0,0.0,0.0,0.0,0.0,0.0,0.06666666666666667,0.0,0.0,0.0,0.0,0.0,0.0,0.0,0.0,0.0,0.0,,0.06666666666666667,0.0,0.0,0.0,0.0,0.0,0.0,0.19999999999999998,0.0,0.0,0.0,0.0,0.0,0.0,0.0,0.0,0.0,0.0,0.0,0.0,0.0,0.0,0.0,0.0,0.0,0.0,0.0,0.0,0.0,0.0,0.13333333333333333,0.13333333333333333,0.06666666666666667,0.0,0.0,0.0,0.0,0.0,0.06666666666666667,0.0,0.06666666666666667,0.0,0.0,0.0,0.06666666666666667,0.0,0.0,0.0,0.0,0.0,0.0,0.06666666666666667,0.0,0.0,0.0,0.0,0.0,0.0,0.0,0.0,0.06666666666666667,0.06666666666666667,0.0,0.0,0.0,0.0,0.9333333333333332,0.06666666666666667,0.0,0.0,0.6,0.0,0.0,0.06666666666666667,0.0,0.0,0.0,0.0,0.06666666666666667,0.0,0.0,0.0,0.0,0.0,0.0,0.0,0.0,0.0,0.0,0.0,0.13333333333333333,0.06666666666666667,0.06666666666666667,0.13333333333333333,0.0,,,,,,,,,,,,,,0.06666666666666667,0.0,0.0,0.0,0.0,0.0,0.0,0.0,0.0,0.13333333333333333,0.13333333333333333,0.0,0.0,,0.13333333333333333,0.0,0.0,0.0,0.0,0.0,0.06666666666666667,,,0.0,0.0,0.0,0.0,0.0,0.0,0.0,0.06666666666666667,0.0,0.0,0.0,0.0,0.06666666666666667,0.0,0.13333333333333333,0.06666666666666667,0.13333333333333333,0.06666666666666667,0.0,0.06666666666666667,0.0,0.13333333333333333,0.06666666666666667,0.0,0.06666666666666667,0.0,0.13333333333333333,0.39999999999999997,0.0,0.20000000000000004,0.06666666666666667,0.0,0.0,0.0,0.0,0.0,0.0,0.0,0.0,0.06666666666666667,0.0,0.13333333333333333,0.0,,0.13333333333333333,0.0,0.0,0.0,0.13333333333333333,0.0,0.0,0.0,0.06666666666666667,0.0,0.0,0.0,0.06666666666666667,0.06666666666666667,0.06666666666666667,0.13333333333333333,0.0,0.0,0.0,0.0,
22:30,0.0,0.0,0.06666666666666667,0.13333333333333333,0.0,0.0,0.13333333333333333,0.0,0.0,0.0,0.0,0.0,0.0,0.0,0.0,0.0,0.0,0.0,0.0,0.0,0.0,0.0,0.0,0.0,0.0,0.0,0.0,0.0,0.0,0.06666666666666667,0.0,0.0,0.0,0.0,,0.0,0.0,0.0,0.0,0.0,0.0,0.0,0.0,0.0,0.0,0.0,0.06666666666666667,0.13333333333333333,0.13333333333333333,0.0,0.0,0.13333333333333333,0.0,0.06666666666666667,0.0,0.0,0.06666666666666667,0.0,0.0,0.0,0.0,0.0,0.0,0.0,0.0,0.0,0.0,0.06666666666666667,0.0,0.0,0.06666666666666667,0.0,0.06666666666666667,0.0,0.0,0.06666666666666667,0.06666666666666667,0.0,0.0,0.0,0.0,0.0,0.0,0.0,0.0,0.0,0.06666666666666667,0.0,0.0,0.0,0.0,0.0,0.0,0.0,0.0,0.0,0.0,0.0,0.0,0.0,0.5333333333333333,0.0,0.0,0.0,0.0,0.0,0.0,0.0,0.0,0.06666666666666667,0.0,0.0,0.5333333333333333,0.06666666666666667,0.0,0.0,0.0,0.0,0.0,0.0,0.06666666666666667,0.0,0.06666666666666667,0.0,0.0,0.0,0.0,0.0,0.06666666666666667,0.06666666666666667,,,,,,,,,,,,,,0.0,0.0,0.0,0.0,0.0,0.06666666666666667,0.0,0.0,0.0,0.06666666666666667,0.0,0.0,0.0,,0.13333333333333333,0.0,0.0,0.0,0.06666666666666667,0.0,0.0,,,0.0,0.0,0.06666666666666667,0.0,0.0,0.0,0.0,0.0,0.0,0.20000000000000004,0.0,0.0,0.0,0.0,0.0,0.0,0.0,0.0,0.06666666666666667,0.0,0.19999999999999998,0.0,0.0,0.0,0.13333333333333333,0.26666666666666666,0.06666666666666667,0.06666666666666667,0.0,0.0,0.20000000000000004,0.13333333333333333,0.06666666666666667,0.0,0.0,0.13333333333333333,0.0,0.0,0.0,0.06666666666666667,0.20000000000000004,0.06666666666666667,0.0,,0.0,0.0,0.06666666666666667,0.20000000000000004,0.13333333333333333,0.0,0.0,0.0,0.0,0.0,0.13333333333333333,0.0,0.06666666666666667,0.0,0.0,0.06666666666666667,0.0,0.0,0.13333333333333333,0.13333333333333333,
23:00,0.0,0.0,0.0,0.0,0.06666666666666667,0.0,0.0,0.0,0.0,0.0,0.0,0.0,0.0,0.0,0.0,0.0,0.0,0.0,0.0,0.0,0.0,0.0,0.0,0.26666666666666666,0.0,0.0,0.0,0.0,0.0,0.0,0.19999999999999998,0.0,0.0,0.0,,0.0,0.0,0.0,0.0,0.0,0.0,0.0,0.19999999999999998,0.0,0.0,0.0,0.0,0.0,0.0,0.0,0.0,0.0,0.0,0.06666666666666667,0.0,0.0,0.0,0.0,0.0,0.0,0.0,0.0,0.0,0.0,0.0,0.0,0.06666666666666667,0.0,0.0,0.0,0.0,0.0,0.0,0.0,0.0,0.0,0.0,0.0,0.0,0.0,0.0,0.0,0.0,0.0,0.0,0.0,0.0,0.0,0.0,0.0,0.0,0.0,0.0,0.0,0.0,0.0,0.0,0.0,0.0,0.0,0.0,0.0,0.0,0.0,0.0,0.0,0.0,0.0,0.0,0.0,0.0,0.0,0.0,0.0,0.0,0.0,0.0,0.0,0.0,0.06666666666666667,0.0,0.0,0.0,0.0,0.0,0.0,0.0,0.0,0.06666666666666667,,,,,,,,,,,,,,,0.0,0.0,0.06666666666666667,0.0,0.0,0.06666666666666667,0.0,0.06666666666666667,0.06666666666666667,0.0,0.26666666666666666,0.0,0.0,,0.0,0.0,0.06666666666666667,0.0,0.0,0.0,0.0,,,0.0,0.0,0.06666666666666667,0.0,0.06666666666666667,0.0,0.0,0.06666666666666667,0.13333333333333333,0.06666666666666667,0.0,0.0,0.0,0.0,0.13333333333333333,0.13333333333333333,0.13333333333333333,0.0,0.06666666666666667,0.0,0.0,0.0,0.0,0.0,0.13333333333333333,0.13333333333333333,0.20000000000000004,0.20000000000000004,0.0,0.26666666666666666,0.06666666666666667,0.0,0.0,0.0,0.06666666666666667,0.0,0.0,0.06666666666666667,0.06666666666666667,0.06666666666666667,0.06666666666666667,0.13333333333333333,0.0,,0.0,0.06666666666666667,0.0,0.0,0.0,0.06666666666666667,0.0,0.0,0.0,0.06666666666666667,0.06666666666666667,0.0,0.13333333333333333,0.0,0.06666666666666667,0.06666666666666667,0.13333333333333333,0.13333333333333333,0.06666666666666667,0.06666666666666667,
23:30,0.0,0.0,0.0,0.0,0.0,0.0,0.0,0.0,0.0,0.0,0.0,0.0,0.0,0.0,0.0,0.0,0.0,0.0,0.0,0.0,0.0,0.0,0.0,0.0,0.06666666666666667,0.0,0.0,0.0,0.0,0.0,0.0,0.0,0.06666666666666667,0.0,,0.0,0.0,0.0,0.0,0.0,0.0,0.0,0.0,0.0,0.0,0.0,0.0,0.0,0.0,0.0,0.0,0.0,0.0,0.0,0.0,0.0,0.0,0.0,0.0,0.0,0.0,0.0,0.0,0.0,0.0,0.06666666666666667,0.0,0.0,0.0,0.0,0.0,0.0,0.0,0.0,0.0,0.0,0.0,0.0,0.0,0.0,0.0,0.0,0.0,0.0,0.0,0.0,0.0,0.0,0.0,0.0,0.0,0.0,0.0,0.0,0.0,0.0,0.0,0.0,0.0,0.13333333333333333,0.13333333333333333,0.0,0.0,0.0,0.0,0.0,0.0,0.0,0.0,0.06666666666666667,0.06666666666666667,0.0,0.0,0.0,0.06666666666666667,0.06666666666666667,0.0,0.0,0.0,0.0,0.0,0.06666666666666667,0.0,0.0,0.0,0.0,0.0,0.06666666666666667,0.0,,,,,,,,,,,,,,,0.0,0.0,0.0,0.0,0.0,0.0,0.0,0.06666666666666667,0.06666666666666667,0.0,0.3333333333333333,0.0,0.0,,0.13333333333333333,0.0,0.0,0.0,0.0,0.0,0.0,,,0.06666666666666667,0.0,0.0,0.0,0.06666666666666667,0.0,0.06666666666666667,0.06666666666666667,0.13333333333333333,0.0,0.0,0.0,0.0,0.0,0.13333333333333333,0.13333333333333333,0.0,0.0,0.0,0.0,0.0,0.0,0.0,0.19999999999999998,0.0,0.06666666666666667,0.13333333333333333,0.06666666666666667,0.0,0.06666666666666667,0.06666666666666667,0.0,0.0,0.0,0.0,0.19999999999999998,0.06666666666666667,0.0,0.06666666666666667,0.06666666666666667,0.13333333333333333,0.0,0.06666666666666667,,0.06666666666666667,0.0,0.0,0.26666666666666666,0.13333333333333333,0.06666666666666667,0.0,0.0,0.0,0.0,0.13333333333333333,0.06666666666666667,0.0,0.06666666666666667,0.0,0.06666666666666667,0.06666666666666667,0.0,0.06666666666666667,0.06666666666666667,
