date_and_time_UTC,bout_time_percentage,LFbout_time_percentage,HFbout_time_percentage
2026-05-18 19:30:00+00:00,6.280066666666667,6.069333333333335,0.21073333333333336
2026-05-18 19:40:00+00:00,0.0,0.0,0.0
2026-05-18 19:50:00+00:00,0.0,0.0,0.0
2026-05-18 20:00:00+00:00,4.479733,4.479733,0.0
2026-05-18 20:10:00+00:00,0.0,0.0,0.0
2026-05-18 20:20:00+00:00,0.0,0.0,0.0
2026-05-18 20:30:00+00:00,0.0,0.0,0.0
2026-05-18 20:40:00+00:00,0.0,0.0,0.0
2026-05-18 20:50:00+00:00,0.0,0.0,0.0
2026-05-18 21:00:00+00:00,53.0977,53.0977,0.0
2026-05-18 21:10:00+00:00,0.0,0.0,0.0
2026-05-18 21:20:00+00:00,0.0,0.0,0.0
2026-05-18 21:30:00+00:00,52.25656666666667,52.25656666666667,0.0
2026-05-18 21:40:00+00:00,0.0,0.0,0.0
2026-05-18 21:50:00+00:00,0.0,0.0,0.0
2026-05-18 22:00:00+00:00,37.27006633333333,37.27006633333333,0.0
2026-05-18 22:10:00+00:00,0.0,0.0,0.0
2026-05-18 22:20:00+00:00,0.0,0.0,0.0
2026-05-18 22:30:00+00:00,43.88763333333333,43.88763333333333,0.0
2026-05-18 22:40:00+00:00,0.0,0.0,0.0
2026-05-18 22:50:00+00:00,0.0,0.0,0.0
2026-05-18 23:00:00+00:00,54.04173333333333,54.04173333333333,0.0
2026-05-18 23:10:00+00:00,0.0,0.0,0.0
2026-05-18 23:20:00+00:00,0.0,0.0,0.0
2026-05-18 23:30:00+00:00,54.95093333333333,54.95093333333333,0.0
2026-05-18 23:40:00+00:00,0.0,0.0,0.0
2026-05-18 23:50:00+00:00,0.0,0.0,0.0
2026-05-19 00:00:00+00:00,21.4632,21.4632,0.0
2026-05-19 00:10:00+00:00,0.0,0.0,0.0
2026-05-19 00:20:00+00:00,0.0,0.0,0.0
2026-05-19 00:30:00+00:00,2.5072666666666668,2.5072666666666668,0.0
2026-05-19 00:40:00+00:00,0.0,0.0,0.0
2026-05-19 00:50:00+00:00,0.0,0.0,0.0
2026-05-19 01:00:00+00:00,0.0,0.0,0.0
2026-05-19 01:10:00+00:00,0.0,0.0,0.0
2026-05-19 01:20:00+00:00,0.0,0.0,0.0
2026-05-19 01:30:00+00:00,0.0,0.0,0.0
2026-05-19 01:40:00+00:00,0.0,0.0,0.0
2026-05-19 01:50:00+00:00,0.0,0.0,0.0
2026-05-19 02:00:00+00:00,0.0,0.0,0.0
2026-05-19 02:10:00+00:00,0.0,0.0,0.0
2026-05-19 02:20:00+00:00,0.0,0.0,0.0
2026-05-19 02:30:00+00:00,0.0,0.0,0.0
2026-05-19 02:40:00+00:00,0.0,0.0,0.0
2026-05-19 02:50:00+00:00,0.0,0.0,0.0
2026-05-19 03:00:00+00:00,0.0279,0.0279,0.0
2026-05-19 03:10:00+00:00,0.0,0.0,0.0
2026-05-19 03:20:00+00:00,0.0,0.0,0.0
2026-05-19 03:30:00+00:00,0.0,0.0,0.0
2026-05-19 03:40:00+00:00,0.0,0.0,0.0
2026-05-19 03:50:00+00:00,0.0,0.0,0.0
2026-05-19 04:00:00+00:00,71.86276633333334,64.25739966666667,7.605366666666666
2026-05-19 04:10:00+00:00,0.0,0.0,0.0
2026-05-19 04:20:00+00:00,0.0,0.0,0.0
2026-05-19 04:30:00+00:00,19.59316666666667,0.6073333333333333,18.985833333333332
2026-05-19 04:40:00+00:00,0.0,0.0,0.0
2026-05-19 04:50:00+00:00,0.0,0.0,0.0
2026-05-19 05:00:00+00:00,20.426166666666667,0.6828,19.743366666666667
2026-05-19 05:10:00+00:00,0.0,0.0,0.0
2026-05-19 05:20:00+00:00,0.0,0.0,0.0
2026-05-19 05:30:00+00:00,161.06616633333334,0.9927333333333334,160.07343300000002
2026-05-19 05:40:00+00:00,0.0,0.0,0.0
2026-05-19 05:50:00+00:00,0.0,0.0,0.0
2026-05-19 06:00:00+00:00,47.943466666666666,0.0,47.943466666666666
2026-05-19 06:10:00+00:00,0.0,0.0,0.0
2026-05-19 06:20:00+00:00,0.0,0.0,0.0
2026-05-19 06:30:00+00:00,64.0651,0.0,64.0651
2026-05-19 06:40:00+00:00,0.0,0.0,0.0
2026-05-19 06:50:00+00:00,0.0,0.0,0.0
2026-05-19 07:00:00+00:00,57.15749999999999,2.702733333333333,54.454766666666664
2026-05-19 07:10:00+00:00,0.0,0.0,0.0
2026-05-19 07:20:00+00:00,0.0,0.0,0.0
2026-05-19 07:30:00+00:00,5.612566666666666,0.0,5.612566666666666
2026-05-19 07:40:00+00:00,0.0,0.0,0.0
2026-05-19 07:50:00+00:00,0.0,0.0,0.0
2026-05-19 08:00:00+00:00,1.4953333333333332,0.0,1.4953333333333332
2026-05-19 08:10:00+00:00,0.0,0.0,0.0
2026-05-19 08:20:00+00:00,0.0,0.0,0.0
2026-05-19 08:30:00+00:00,6.824899999999999,0.0,6.824899999999999
2026-05-19 08:40:00+00:00,0.0,0.0,0.0
2026-05-19 08:50:00+00:00,0.0,0.0,0.0
2026-05-19 09:00:00+00:00,17.0259,1.2573666666666667,15.768533333333332
2026-05-19 09:10:00+00:00,0.0,0.0,0.0
2026-05-19 09:20:00+00:00,0.0,0.0,0.0
2026-05-19 09:30:00+00:00,17.209000000000003,0.0,17.209000000000003
2026-05-19 09:40:00+00:00,0.0,0.0,0.0
2026-05-19 09:50:00+00:00,0.0,0.0,0.0
2026-05-19 10:00:00+00:00,10.023499999999999,0.0,10.023499999999999
2026-05-19 10:10:00+00:00,0.0,0.0,0.0
2026-05-19 10:20:00+00:00,0.0,0.0,0.0
2026-05-19 10:30:00+00:00,13.832033333333332,0.0,13.832033333333332
2026-05-19 10:40:00+00:00,0.0,0.0,0.0
2026-05-19 10:50:00+00:00,0.0,0.0,0.0
2026-05-19 11:00:00+00:00,15.320733333333331,2.5287333333333333,12.792
2026-05-19 11:10:00+00:00,0.0,0.0,0.0
2026-05-19 11:20:00+00:00,0.0,0.0,0.0
2026-05-19 11:30:00+00:00,3.8489333333333335,2.3793333333333333,1.4696
2026-05-19 11:40:00+00:00,0.0,0.0,0.0
2026-05-19 11:50:00+00:00,0.0,0.0,0.0
2026-05-19 12:00:00+00:00,0.0,0.0,0.0
2026-05-19 12:10:00+00:00,0.0,0.0,0.0
2026-05-19 12:20:00+00:00,0.0,0.0,0.0
2026-05-19 12:30:00+00:00,0.0,0.0,0.0
2026-05-19 12:40:00+00:00,0.0,0.0,0.0
2026-05-19 12:50:00+00:00,0.0,0.0,0.0
2026-05-19 13:00:00+00:00,1.1081,1.1081,0.0
2026-05-19 13:10:00+00:00,0.0,0.0,0.0
2026-05-19 13:20:00+00:00,0.0,0.0,0.0
2026-05-19 13:30:00+00:00,0.0,0.0,0.0
2026-05-19 13:40:00+00:00,0.0,0.0,0.0
2026-05-19 13:50:00+00:00,0.0,0.0,0.0
2026-05-19 14:00:00+00:00,0.0,0.0,0.0
2026-05-19 14:10:00+00:00,0.0,0.0,0.0
2026-05-19 14:20:00+00:00,0.0,0.0,0.0
2026-05-19 14:30:00+00:00,0.0,0.0,0.0
2026-05-19 14:40:00+00:00,0.0,0.0,0.0
2026-05-19 14:50:00+00:00,0.0,0.0,0.0
2026-05-19 15:00:00+00:00,0.5122,0.5122,0.0
2026-05-19 15:10:00+00:00,0.0,0.0,0.0
2026-05-19 15:20:00+00:00,0.0,0.0,0.0
2026-05-19 15:30:00+00:00,0.0,0.0,0.0
2026-05-19 15:40:00+00:00,0.0,0.0,0.0
2026-05-19 15:50:00+00:00,0.0,0.0,0.0
2026-05-19 16:00:00+00:00,0.2613666666666667,0.2613666666666667,0.0
2026-05-19 16:10:00+00:00,0.0,0.0,0.0
2026-05-19 16:20:00+00:00,0.0,0.0,0.0
2026-05-19 16:30:00+00:00,0.0,0.0,0.0
2026-05-19 16:40:00+00:00,0.0,0.0,0.0
2026-05-19 16:50:00+00:00,0.0,0.0,0.0
2026-05-19 17:00:00+00:00,0.11946666666666665,0.11946666666666665,0.0
2026-05-19 17:10:00+00:00,0.0,0.0,0.0
2026-05-19 17:20:00+00:00,0.0,0.0,0.0
2026-05-19 17:30:00+00:00,0.0,0.0,0.0
2026-05-19 17:40:00+00:00,0.0,0.0,0.0
2026-05-19 17:50:00+00:00,0.0,0.0,0.0
2026-05-19 18:00:00+00:00,0.0,0.0,0.0
2026-05-19 18:10:00+00:00,0.0,0.0,0.0
2026-05-19 18:20:00+00:00,0.0,0.0,0.0
2026-05-19 18:30:00+00:00,0.0615,0.0615,0.0
2026-05-19 18:40:00+00:00,0.0,0.0,0.0
2026-05-19 18:50:00+00:00,0.0,0.0,0.0
2026-05-19 19:00:00+00:00,0.13096666666666668,0.13096666666666668,0.0
2026-05-19 19:10:00+00:00,0.0,0.0,0.0
2026-05-19 19:20:00+00:00,0.0,0.0,0.0
2026-05-19 19:30:00+00:00,0.0,0.0,0.0
2026-05-19 19:40:00+00:00,0.0,0.0,0.0
2026-05-19 19:50:00+00:00,0.0,0.0,0.0
2026-05-19 20:00:00+00:00,0.0,0.0,0.0
2026-05-19 20:10:00+00:00,0.0,0.0,0.0
2026-05-19 20:20:00+00:00,0.0,0.0,0.0
2026-05-19 20:30:00+00:00,0.05466666666666667,0.05466666666666667,0.0
2026-05-19 20:40:00+00:00,0.0,0.0,0.0
2026-05-19 20:50:00+00:00,0.0,0.0,0.0
2026-05-19 21:00:00+00:00,0.0,0.0,0.0
2026-05-19 21:10:00+00:00,0.0,0.0,0.0
2026-05-19 21:20:00+00:00,0.0,0.0,0.0
2026-05-19 21:30:00+00:00,0.5421333333333332,0.5421333333333332,0.0
2026-05-19 21:40:00+00:00,0.0,0.0,0.0
2026-05-19 21:50:00+00:00,0.0,0.0,0.0
2026-05-19 22:00:00+00:00,0.0,0.0,0.0
2026-05-19 22:10:00+00:00,0.0,0.0,0.0
2026-05-19 22:20:00+00:00,0.0,0.0,0.0
2026-05-19 22:30:00+00:00,0.0,0.0,0.0
2026-05-19 22:40:00+00:00,0.0,0.0,0.0
2026-05-19 22:50:00+00:00,0.0,0.0,0.0
2026-05-19 23:00:00+00:00,0.0,0.0,0.0
2026-05-19 23:10:00+00:00,0.0,0.0,0.0
2026-05-19 23:20:00+00:00,0.0,0.0,0.0
2026-05-19 23:30:00+00:00,0.0,0.0,0.0
2026-05-19 23:40:00+00:00,0.0,0.0,0.0
2026-05-19 23:50:00+00:00,0.0,0.0,0.0
2026-05-20 00:00:00+00:00,0.0,0.0,0.0
2026-05-20 00:10:00+00:00,0.0,0.0,0.0
2026-05-20 00:20:00+00:00,0.0,0.0,0.0
2026-05-20 00:30:00+00:00,0.0,0.0,0.0
2026-05-20 00:40:00+00:00,0.0,0.0,0.0
2026-05-20 00:50:00+00:00,0.0,0.0,0.0
2026-05-20 01:00:00+00:00,0.0,0.0,0.0
2026-05-20 01:10:00+00:00,0.0,0.0,0.0
2026-05-20 01:20:00+00:00,0.0,0.0,0.0
2026-05-20 01:30:00+00:00,0.0,0.0,0.0
2026-05-20 01:40:00+00:00,0.0,0.0,0.0
2026-05-20 01:50:00+00:00,0.0,0.0,0.0
2026-05-20 02:00:00+00:00,0.0,0.0,0.0
2026-05-20 02:10:00+00:00,0.0,0.0,0.0
2026-05-20 02:20:00+00:00,0.0,0.0,0.0
2026-05-20 02:30:00+00:00,0.07486666666666666,0.07486666666666666,0.0
2026-05-20 02:40:00+00:00,0.0,0.0,0.0
2026-05-20 02:50:00+00:00,0.0,0.0,0.0
2026-05-20 03:00:00+00:00,0.0,0.0,0.0
2026-05-20 03:10:00+00:00,0.0,0.0,0.0
2026-05-20 03:20:00+00:00,0.0,0.0,0.0
2026-05-20 03:30:00+00:00,0.0,0.0,0.0
2026-05-20 03:40:00+00:00,0.0,0.0,0.0
2026-05-20 03:50:00+00:00,0.0,0.0,0.0
2026-05-20 04:00:00+00:00,42.08316666666666,40.04546666666667,2.0377
2026-05-20 04:10:00+00:00,0.0,0.0,0.0
2026-05-20 04:20:00+00:00,0.0,0.0,0.0
2026-05-20 04:30:00+00:00,3.6325333333333334,1.7520666666666667,1.8804666666666667
2026-05-20 04:40:00+00:00,0.0,0.0,0.0
2026-05-20 04:50:00+00:00,0.0,0.0,0.0
2026-05-20 05:00:00+00:00,6.4853,2.0484666666666667,4.436833333333333
2026-05-20 05:10:00+00:00,0.0,0.0,0.0
2026-05-20 05:20:00+00:00,0.0,0.0,0.0
2026-05-20 05:30:00+00:00,14.233533333333334,8.1902,6.043333333333334
2026-05-20 05:40:00+00:00,0.0,0.0,0.0
2026-05-20 05:50:00+00:00,0.0,0.0,0.0
2026-05-20 06:00:00+00:00,14.854533333333334,1.2556,13.598933333333333
2026-05-20 06:10:00+00:00,0.0,0.0,0.0
2026-05-20 06:20:00+00:00,0.0,0.0,0.0
2026-05-20 06:30:00+00:00,5.3074,0.0,5.3074
2026-05-20 06:40:00+00:00,0.0,0.0,0.0
2026-05-20 06:50:00+00:00,0.0,0.0,0.0
2026-05-20 07:00:00+00:00,3.4325999999999994,0.0,3.4325999999999994
2026-05-20 07:10:00+00:00,0.0,0.0,0.0
2026-05-20 07:20:00+00:00,0.0,0.0,0.0
2026-05-20 07:30:00+00:00,19.3441,0.0,19.3441
2026-05-20 07:40:00+00:00,0.0,0.0,0.0
2026-05-20 07:50:00+00:00,0.0,0.0,0.0
2026-05-20 08:00:00+00:00,9.413400000000001,0.0,9.413400000000001
2026-05-20 08:10:00+00:00,0.0,0.0,0.0
2026-05-20 08:20:00+00:00,0.0,0.0,0.0
2026-05-20 08:30:00+00:00,20.680166666666665,0.0,20.680166666666665
2026-05-20 08:40:00+00:00,0.0,0.0,0.0
2026-05-20 08:50:00+00:00,0.0,0.0,0.0
2026-05-20 09:00:00+00:00,20.85643333333333,0.0,20.85643333333333
2026-05-20 09:10:00+00:00,0.0,0.0,0.0
2026-05-20 09:20:00+00:00,0.0,0.0,0.0
2026-05-20 09:30:00+00:00,26.916633333333333,0.0,26.916633333333333
2026-05-20 09:40:00+00:00,0.0,0.0,0.0
2026-05-20 09:50:00+00:00,0.0,0.0,0.0
2026-05-20 10:00:00+00:00,27.375833,5.736133000000001,21.6397
2026-05-20 10:10:00+00:00,0.0,0.0,0.0
2026-05-20 10:20:00+00:00,0.0,0.0,0.0
2026-05-20 10:30:00+00:00,14.712533333333333,0.0,14.712533333333333
2026-05-20 10:40:00+00:00,0.0,0.0,0.0
2026-05-20 10:50:00+00:00,0.0,0.0,0.0
2026-05-20 11:00:00+00:00,13.290200000000002,0.5924,12.6978
2026-05-20 11:10:00+00:00,0.0,0.0,0.0
2026-05-20 11:20:00+00:00,0.0,0.0,0.0
2026-05-20 11:30:00+00:00,1.4966333333333335,0.0,1.4966333333333335
2026-05-20 11:40:00+00:00,0.0,0.0,0.0
2026-05-20 11:50:00+00:00,0.0,0.0,0.0
2026-05-20 12:00:00+00:00,1.9658000000000002,1.9658000000000002,0.0
2026-05-20 12:10:00+00:00,0.0,0.0,0.0
2026-05-20 12:20:00+00:00,0.0,0.0,0.0
2026-05-20 12:30:00+00:00,0.0,0.0,0.0
2026-05-20 12:40:00+00:00,0.0,0.0,0.0
2026-05-20 12:50:00+00:00,0.0,0.0,0.0
2026-05-20 13:00:00+00:00,0.0,0.0,0.0
2026-05-20 13:10:00+00:00,0.0,0.0,0.0
2026-05-20 13:20:00+00:00,0.0,0.0,0.0
2026-05-20 13:30:00+00:00,0.0,0.0,0.0
2026-05-20 13:40:00+00:00,0.0,0.0,0.0
2026-05-20 13:50:00+00:00,0.0,0.0,0.0
2026-05-20 14:00:00+00:00,0.0,0.0,0.0
2026-05-20 14:10:00+00:00,0.0,0.0,0.0
2026-05-20 14:20:00+00:00,0.0,0.0,0.0
2026-05-20 14:30:00+00:00,0.0,0.0,0.0
2026-05-20 14:40:00+00:00,0.0,0.0,0.0
2026-05-20 14:50:00+00:00,0.0,0.0,0.0
2026-05-20 15:00:00+00:00,0.0,0.0,0.0
2026-05-20 15:10:00+00:00,0.0,0.0,0.0
2026-05-20 15:20:00+00:00,0.0,0.0,0.0
2026-05-20 15:30:00+00:00,0.0,0.0,0.0
2026-05-20 15:40:00+00:00,0.0,0.0,0.0
2026-05-20 15:50:00+00:00,0.0,0.0,0.0
2026-05-20 16:00:00+00:00,0.0,0.0,0.0
2026-05-20 16:10:00+00:00,0.0,0.0,0.0
2026-05-20 16:20:00+00:00,0.0,0.0,0.0
2026-05-20 16:30:00+00:00,0.0,0.0,0.0
2026-05-20 16:40:00+00:00,0.0,0.0,0.0
2026-05-20 16:50:00+00:00,0.0,0.0,0.0
2026-05-20 17:00:00+00:00,0.0,0.0,0.0
2026-05-20 17:10:00+00:00,0.0,0.0,0.0
2026-05-20 17:20:00+00:00,0.0,0.0,0.0
2026-05-20 17:30:00+00:00,0.0,0.0,0.0
2026-05-20 17:40:00+00:00,0.0,0.0,0.0
2026-05-20 17:50:00+00:00,0.0,0.0,0.0
2026-05-20 18:00:00+00:00,0.0,0.0,0.0
2026-05-20 18:10:00+00:00,0.0,0.0,0.0
2026-05-20 18:20:00+00:00,0.0,0.0,0.0
2026-05-20 18:30:00+00:00,0.0,0.0,0.0
2026-05-20 18:40:00+00:00,0.0,0.0,0.0
2026-05-20 18:50:00+00:00,0.0,0.0,0.0
2026-05-20 19:00:00+00:00,0.0,0.0,0.0
2026-05-20 19:10:00+00:00,0.0,0.0,0.0
2026-05-20 19:20:00+00:00,0.0,0.0,0.0
2026-05-20 19:30:00+00:00,1.4297333333333333,1.4297333333333333,0.0
2026-05-20 19:40:00+00:00,0.0,0.0,0.0
2026-05-20 19:50:00+00:00,0.0,0.0,0.0
2026-05-20 20:00:00+00:00,0.0,0.0,0.0
2026-05-20 20:10:00+00:00,0.0,0.0,0.0
2026-05-20 20:20:00+00:00,0.0,0.0,0.0
2026-05-20 20:30:00+00:00,0.0,0.0,0.0
2026-05-20 20:40:00+00:00,0.0,0.0,0.0
2026-05-20 20:50:00+00:00,0.0,0.0,0.0
2026-05-20 21:00:00+00:00,0.03846666666666667,0.03846666666666667,0.0
2026-05-20 21:10:00+00:00,0.0,0.0,0.0
2026-05-20 21:20:00+00:00,0.0,0.0,0.0
2026-05-20 21:30:00+00:00,0.0,0.0,0.0
2026-05-20 21:40:00+00:00,0.0,0.0,0.0
2026-05-20 21:50:00+00:00,0.0,0.0,0.0
2026-05-20 22:00:00+00:00,0.8642333333333333,0.8642333333333333,0.0
2026-05-20 22:10:00+00:00,0.0,0.0,0.0
2026-05-20 22:20:00+00:00,0.0,0.0,0.0
2026-05-20 22:30:00+00:00,0.1698333333333333,0.1698333333333333,0.0
2026-05-20 22:40:00+00:00,0.0,0.0,0.0
2026-05-20 22:50:00+00:00,0.0,0.0,0.0
2026-05-20 23:00:00+00:00,0.0,0.0,0.0
2026-05-20 23:10:00+00:00,0.0,0.0,0.0
2026-05-20 23:20:00+00:00,0.0,0.0,0.0
2026-05-20 23:30:00+00:00,0.0,0.0,0.0
2026-05-20 23:40:00+00:00,0.0,0.0,0.0
2026-05-20 23:50:00+00:00,0.0,0.0,0.0
2026-05-21 00:00:00+00:00,0.0,0.0,0.0
2026-05-21 00:10:00+00:00,0.0,0.0,0.0
2026-05-21 00:20:00+00:00,0.0,0.0,0.0
2026-05-21 00:30:00+00:00,0.0,0.0,0.0
2026-05-21 00:40:00+00:00,0.0,0.0,0.0
2026-05-21 00:50:00+00:00,0.0,0.0,0.0
2026-05-21 01:00:00+00:00,0.0,0.0,0.0
2026-05-21 01:10:00+00:00,0.0,0.0,0.0
2026-05-21 01:20:00+00:00,0.0,0.0,0.0
2026-05-21 01:30:00+00:00,0.0,0.0,0.0
2026-05-21 01:40:00+00:00,0.0,0.0,0.0
2026-05-21 01:50:00+00:00,0.0,0.0,0.0
2026-05-21 02:00:00+00:00,0.0,0.0,0.0
2026-05-21 02:10:00+00:00,0.0,0.0,0.0
2026-05-21 02:20:00+00:00,0.0,0.0,0.0
2026-05-21 02:30:00+00:00,0.0,0.0,0.0
2026-05-21 02:40:00+00:00,0.0,0.0,0.0
2026-05-21 02:50:00+00:00,0.0,0.0,0.0
2026-05-21 03:00:00+00:00,0.0,0.0,0.0
2026-05-21 03:10:00+00:00,0.0,0.0,0.0
2026-05-21 03:20:00+00:00,0.0,0.0,0.0
2026-05-21 03:30:00+00:00,0.08243333333333333,0.08243333333333333,0.0
2026-05-21 03:40:00+00:00,0.0,0.0,0.0
2026-05-21 03:50:00+00:00,0.0,0.0,0.0
2026-05-21 04:00:00+00:00,34.03766666666667,34.03766666666667,0.0
2026-05-21 04:10:00+00:00,0.0,0.0,0.0
2026-05-21 04:20:00+00:00,0.0,0.0,0.0
2026-05-21 04:30:00+00:00,21.86463333333333,16.641466666666666,5.223166666666666
2026-05-21 04:40:00+00:00,0.0,0.0,0.0
2026-05-21 04:50:00+00:00,0.0,0.0,0.0
2026-05-21 05:00:00+00:00,2.952733333333333,0.4470333333333333,2.5057
2026-05-21 05:10:00+00:00,0.0,0.0,0.0
2026-05-21 05:20:00+00:00,0.0,0.0,0.0
2026-05-21 05:30:00+00:00,0.6349333333333333,0.0,0.6349333333333333
2026-05-21 05:40:00+00:00,0.0,0.0,0.0
2026-05-21 05:50:00+00:00,0.0,0.0,0.0
2026-05-21 06:00:00+00:00,23.369999666666665,0.0,23.369999666666665
2026-05-21 06:10:00+00:00,0.0,0.0,0.0
2026-05-21 06:20:00+00:00,0.0,0.0,0.0
2026-05-21 06:30:00+00:00,9.578099666666667,0.0,9.578099666666667
2026-05-21 06:40:00+00:00,0.0,0.0,0.0
2026-05-21 06:50:00+00:00,0.0,0.0,0.0
2026-05-21 07:00:00+00:00,5.6033,0.0,5.6033
2026-05-21 07:10:00+00:00,0.0,0.0,0.0
2026-05-21 07:20:00+00:00,0.0,0.0,0.0
2026-05-21 07:30:00+00:00,9.528400000000001,0.0,9.528400000000001
2026-05-21 07:40:00+00:00,0.0,0.0,0.0
2026-05-21 07:50:00+00:00,0.0,0.0,0.0
2026-05-21 08:00:00+00:00,20.975099999999998,0.0,20.975099999999998
2026-05-21 08:10:00+00:00,0.0,0.0,0.0
2026-05-21 08:20:00+00:00,0.0,0.0,0.0
2026-05-21 08:30:00+00:00,0.3078666666666667,0.0,0.3078666666666667
2026-05-21 08:40:00+00:00,0.0,0.0,0.0
2026-05-21 08:50:00+00:00,0.0,0.0,0.0
2026-05-21 09:00:00+00:00,7.990566666666667,0.0,7.990566666666667
2026-05-21 09:10:00+00:00,0.0,0.0,0.0
2026-05-21 09:20:00+00:00,0.0,0.0,0.0
2026-05-21 09:30:00+00:00,24.42156666666667,2.981666666666667,21.439899999999998
2026-05-21 09:40:00+00:00,0.0,0.0,0.0
2026-05-21 09:50:00+00:00,0.0,0.0,0.0
2026-05-21 10:00:00+00:00,26.944866333333334,0.0,26.944866333333334
2026-05-21 10:10:00+00:00,0.0,0.0,0.0
2026-05-21 10:20:00+00:00,0.0,0.0,0.0
2026-05-21 10:30:00+00:00,13.690066333333334,0.0,13.690066333333334
2026-05-21 10:40:00+00:00,0.0,0.0,0.0
2026-05-21 10:50:00+00:00,0.0,0.0,0.0
2026-05-21 11:00:00+00:00,11.416233333333334,0.0,11.416233333333334
2026-05-21 11:10:00+00:00,0.0,0.0,0.0
2026-05-21 11:20:00+00:00,0.0,0.0,0.0
2026-05-21 11:30:00+00:00,0.0,0.0,0.0
2026-05-21 11:40:00+00:00,0.0,0.0,0.0
2026-05-21 11:50:00+00:00,0.0,0.0,0.0
2026-05-21 12:00:00+00:00,0.14813333333333334,0.14813333333333334,0.0
2026-05-21 12:10:00+00:00,0.0,0.0,0.0
2026-05-21 12:20:00+00:00,0.0,0.0,0.0
2026-05-21 12:30:00+00:00,0.0,0.0,0.0
2026-05-21 12:40:00+00:00,0.0,0.0,0.0
2026-05-21 12:50:00+00:00,0.0,0.0,0.0
2026-05-21 13:00:00+00:00,0.0,0.0,0.0
2026-05-21 13:10:00+00:00,0.0,0.0,0.0
2026-05-21 13:20:00+00:00,0.0,0.0,0.0
2026-05-21 13:30:00+00:00,0.1902,0.1902,0.0
2026-05-21 13:40:00+00:00,0.0,0.0,0.0
2026-05-21 13:50:00+00:00,0.0,0.0,0.0
2026-05-21 14:00:00+00:00,0.0,0.0,0.0
2026-05-21 14:10:00+00:00,0.0,0.0,0.0
2026-05-21 14:20:00+00:00,0.0,0.0,0.0
2026-05-21 14:30:00+00:00,0.0,0.0,0.0
2026-05-21 14:40:00+00:00,0.0,0.0,0.0
2026-05-21 14:50:00+00:00,0.0,0.0,0.0
2026-05-21 15:00:00+00:00,0.0,0.0,0.0
2026-05-21 15:10:00+00:00,0.0,0.0,0.0
2026-05-21 15:20:00+00:00,0.0,0.0,0.0
2026-05-21 15:30:00+00:00,0.0,0.0,0.0
2026-05-21 15:40:00+00:00,0.0,0.0,0.0
2026-05-21 15:50:00+00:00,0.0,0.0,0.0
2026-05-21 16:00:00+00:00,0.0,0.0,0.0
2026-05-21 16:10:00+00:00,0.0,0.0,0.0
2026-05-21 16:20:00+00:00,0.0,0.0,0.0
2026-05-21 16:30:00+00:00,0.11426666666666666,0.11426666666666666,0.0
2026-05-21 16:40:00+00:00,0.0,0.0,0.0
2026-05-21 16:50:00+00:00,0.0,0.0,0.0
2026-05-21 17:00:00+00:00,3.804033333333333,3.804033333333333,0.0
2026-05-21 17:10:00+00:00,0.0,0.0,0.0
2026-05-21 17:20:00+00:00,0.0,0.0,0.0
2026-05-21 17:30:00+00:00,0.0,0.0,0.0
2026-05-21 17:40:00+00:00,0.0,0.0,0.0
2026-05-21 17:50:00+00:00,0.0,0.0,0.0
2026-05-21 18:00:00+00:00,0.0,0.0,0.0
2026-05-21 18:10:00+00:00,0.0,0.0,0.0
2026-05-21 18:20:00+00:00,0.0,0.0,0.0
2026-05-21 18:30:00+00:00,0.0198,0.0198,0.0
2026-05-21 18:40:00+00:00,0.0,0.0,0.0
2026-05-21 18:50:00+00:00,0.0,0.0,0.0
2026-05-21 19:00:00+00:00,0.0,0.0,0.0
2026-05-21 19:10:00+00:00,0.0,0.0,0.0
2026-05-21 19:20:00+00:00,0.0,0.0,0.0
2026-05-21 19:30:00+00:00,0.0,0.0,0.0
2026-05-21 19:40:00+00:00,0.0,0.0,0.0
2026-05-21 19:50:00+00:00,0.0,0.0,0.0
2026-05-21 20:00:00+00:00,0.0,0.0,0.0
2026-05-21 20:10:00+00:00,0.0,0.0,0.0
2026-05-21 20:20:00+00:00,0.0,0.0,0.0
2026-05-21 20:30:00+00:00,0.0,0.0,0.0
2026-05-21 20:40:00+00:00,0.0,0.0,0.0
2026-05-21 20:50:00+00:00,0.0,0.0,0.0
2026-05-21 21:00:00+00:00,0.0,0.0,0.0
2026-05-21 21:10:00+00:00,0.0,0.0,0.0
2026-05-21 21:20:00+00:00,0.0,0.0,0.0
2026-05-21 21:30:00+00:00,0.0,0.0,0.0
2026-05-21 21:40:00+00:00,0.0,0.0,0.0
2026-05-21 21:50:00+00:00,0.0,0.0,0.0
2026-05-21 22:00:00+00:00,0.0,0.0,0.0
2026-05-21 22:10:00+00:00,0.0,0.0,0.0
2026-05-21 22:20:00+00:00,0.0,0.0,0.0
2026-05-21 22:30:00+00:00,0.0,0.0,0.0
2026-05-21 22:40:00+00:00,0.0,0.0,0.0
2026-05-21 22:50:00+00:00,0.0,0.0,0.0
2026-05-21 23:00:00+00:00,0.0,0.0,0.0
2026-05-21 23:10:00+00:00,0.0,0.0,0.0
2026-05-21 23:20:00+00:00,0.0,0.0,0.0
2026-05-21 23:30:00+00:00,0.0,0.0,0.0
2026-05-21 23:40:00+00:00,0.0,0.0,0.0
2026-05-21 23:50:00+00:00,0.0,0.0,0.0
2026-05-22 00:00:00+00:00,0.0,0.0,0.0
2026-05-22 00:10:00+00:00,0.0,0.0,0.0
2026-05-22 00:20:00+00:00,0.0,0.0,0.0
2026-05-22 00:30:00+00:00,0.0,0.0,0.0
2026-05-22 00:40:00+00:00,0.0,0.0,0.0
2026-05-22 00:50:00+00:00,0.0,0.0,0.0
2026-05-22 01:00:00+00:00,0.0,0.0,0.0
2026-05-22 01:10:00+00:00,0.0,0.0,0.0
2026-05-22 01:20:00+00:00,0.0,0.0,0.0
2026-05-22 01:30:00+00:00,0.0,0.0,0.0
2026-05-22 01:40:00+00:00,0.0,0.0,0.0
2026-05-22 01:50:00+00:00,0.0,0.0,0.0
2026-05-22 02:00:00+00:00,0.0,0.0,0.0
2026-05-22 02:10:00+00:00,0.0,0.0,0.0
2026-05-22 02:20:00+00:00,0.0,0.0,0.0
2026-05-22 02:30:00+00:00,0.0,0.0,0.0
2026-05-22 02:40:00+00:00,0.0,0.0,0.0
2026-05-22 02:50:00+00:00,0.0,0.0,0.0
2026-05-22 03:00:00+00:00,0.0,0.0,0.0
2026-05-22 03:10:00+00:00,0.0,0.0,0.0
2026-05-22 03:20:00+00:00,0.0,0.0,0.0
2026-05-22 03:30:00+00:00,0.16866666666666666,0.16866666666666666,0.0
2026-05-22 03:40:00+00:00,0.0,0.0,0.0
2026-05-22 03:50:00+00:00,0.0,0.0,0.0
2026-05-22 04:00:00+00:00,49.71576666666667,48.631033333333335,1.0847333333333333
2026-05-22 04:10:00+00:00,0.0,0.0,0.0
2026-05-22 04:20:00+00:00,0.0,0.0,0.0
2026-05-22 04:30:00+00:00,6.336766666666667,6.1173,0.21946666666666667
2026-05-22 04:40:00+00:00,0.0,0.0,0.0
2026-05-22 04:50:00+00:00,0.0,0.0,0.0
2026-05-22 05:00:00+00:00,4.376966666666666,0.7580333333333333,3.618933333333333
2026-05-22 05:10:00+00:00,0.0,0.0,0.0
2026-05-22 05:20:00+00:00,0.0,0.0,0.0
2026-05-22 05:30:00+00:00,3.5512333333333332,0.0,3.5512333333333332
2026-05-22 05:40:00+00:00,0.0,0.0,0.0
2026-05-22 05:50:00+00:00,0.0,0.0,0.0
2026-05-22 06:00:00+00:00,4.776966666666667,1.2705333333333333,3.5064333333333337
2026-05-22 06:10:00+00:00,0.0,0.0,0.0
2026-05-22 06:20:00+00:00,0.0,0.0,0.0
2026-05-22 06:30:00+00:00,4.7187,0.06,4.6587
2026-05-22 06:40:00+00:00,0.0,0.0,0.0
2026-05-22 06:50:00+00:00,0.0,0.0,0.0
2026-05-22 07:00:00+00:00,2.345266666666667,2.345266666666667,0.0
2026-05-22 07:10:00+00:00,0.0,0.0,0.0
2026-05-22 07:20:00+00:00,0.0,0.0,0.0
2026-05-22 07:30:00+00:00,4.722033333333334,0.0,4.722033333333334
2026-05-22 07:40:00+00:00,0.0,0.0,0.0
2026-05-22 07:50:00+00:00,0.0,0.0,0.0
2026-05-22 08:00:00+00:00,2.0835666666666666,0.0,2.0835666666666666
2026-05-22 08:10:00+00:00,0.0,0.0,0.0
2026-05-22 08:20:00+00:00,0.0,0.0,0.0
2026-05-22 08:30:00+00:00,2.7347,0.0,2.7347
2026-05-22 08:40:00+00:00,0.0,0.0,0.0
2026-05-22 08:50:00+00:00,0.0,0.0,0.0
2026-05-22 09:00:00+00:00,1.6870666666666665,0.0,1.6870666666666665
2026-05-22 09:10:00+00:00,0.0,0.0,0.0
2026-05-22 09:20:00+00:00,0.0,0.0,0.0
2026-05-22 09:30:00+00:00,1.9378666666666666,0.0,1.9378666666666666
2026-05-22 09:40:00+00:00,0.0,0.0,0.0
2026-05-22 09:50:00+00:00,0.0,0.0,0.0
2026-05-22 10:00:00+00:00,98.25569966666667,0.0,98.25569966666667
2026-05-22 10:10:00+00:00,0.0,0.0,0.0
2026-05-22 10:20:00+00:00,0.0,0.0,0.0
2026-05-22 10:30:00+00:00,102.701533,0.0,102.701533
2026-05-22 10:40:00+00:00,0.0,0.0,0.0
2026-05-22 10:50:00+00:00,0.0,0.0,0.0
2026-05-22 11:00:00+00:00,110.6071,0.0,110.6071
2026-05-22 11:10:00+00:00,0.0,0.0,0.0
2026-05-22 11:20:00+00:00,0.0,0.0,0.0
2026-05-22 11:30:00+00:00,2.9160666666666666,0.0,2.9160666666666666
2026-05-22 11:40:00+00:00,0.0,0.0,0.0
2026-05-22 11:50:00+00:00,0.0,0.0,0.0
2026-05-22 12:00:00+00:00,0.08923333333333333,0.08923333333333333,0.0
2026-05-22 12:10:00+00:00,0.0,0.0,0.0
2026-05-22 12:20:00+00:00,0.0,0.0,0.0
2026-05-22 12:30:00+00:00,0.0,0.0,0.0
2026-05-22 12:40:00+00:00,0.0,0.0,0.0
2026-05-22 12:50:00+00:00,0.0,0.0,0.0
2026-05-22 13:00:00+00:00,0.0,0.0,0.0
2026-05-22 13:10:00+00:00,0.0,0.0,0.0
2026-05-22 13:20:00+00:00,0.0,0.0,0.0
2026-05-22 13:30:00+00:00,0.0,0.0,0.0
2026-05-22 13:40:00+00:00,0.0,0.0,0.0
2026-05-22 13:50:00+00:00,0.0,0.0,0.0
2026-05-22 14:00:00+00:00,0.0,0.0,0.0
2026-05-22 14:10:00+00:00,0.0,0.0,0.0
2026-05-22 14:20:00+00:00,0.0,0.0,0.0
2026-05-22 14:30:00+00:00,0.08360000000000001,0.08360000000000001,0.0
2026-05-22 14:40:00+00:00,0.0,0.0,0.0
2026-05-22 14:50:00+00:00,0.0,0.0,0.0
2026-05-22 15:00:00+00:00,0.1417,0.1417,0.0
2026-05-22 15:10:00+00:00,0.0,0.0,0.0
2026-05-22 15:20:00+00:00,0.0,0.0,0.0
2026-05-22 15:30:00+00:00,0.0,0.0,0.0
2026-05-22 15:40:00+00:00,0.0,0.0,0.0
2026-05-22 15:50:00+00:00,0.0,0.0,0.0
2026-05-22 16:00:00+00:00,0.0,0.0,0.0
2026-05-22 16:10:00+00:00,0.0,0.0,0.0
2026-05-22 16:20:00+00:00,0.0,0.0,0.0
2026-05-22 16:30:00+00:00,0.0,0.0,0.0
2026-05-22 16:40:00+00:00,0.0,0.0,0.0
2026-05-22 16:50:00+00:00,0.0,0.0,0.0
2026-05-22 17:00:00+00:00,0.0,0.0,0.0
2026-05-22 17:10:00+00:00,0.0,0.0,0.0
2026-05-22 17:20:00+00:00,0.0,0.0,0.0
2026-05-22 17:30:00+00:00,0.0,0.0,0.0
2026-05-22 17:40:00+00:00,0.0,0.0,0.0
2026-05-22 17:50:00+00:00,0.0,0.0,0.0
2026-05-22 18:00:00+00:00,0.0,0.0,0.0
2026-05-22 18:10:00+00:00,0.0,0.0,0.0
2026-05-22 18:20:00+00:00,0.0,0.0,0.0
2026-05-22 18:30:00+00:00,0.0,0.0,0.0
2026-05-22 18:40:00+00:00,0.0,0.0,0.0
2026-05-22 18:50:00+00:00,0.0,0.0,0.0
2026-05-22 19:00:00+00:00,0.3631,0.3631,0.0
2026-05-22 19:10:00+00:00,0.0,0.0,0.0
2026-05-22 19:20:00+00:00,0.0,0.0,0.0
2026-05-22 19:30:00+00:00,0.0,0.0,0.0
2026-05-22 19:40:00+00:00,0.0,0.0,0.0
2026-05-22 19:50:00+00:00,0.0,0.0,0.0
2026-05-22 20:00:00+00:00,0.0,0.0,0.0
2026-05-22 20:10:00+00:00,0.0,0.0,0.0
2026-05-22 20:20:00+00:00,0.0,0.0,0.0
2026-05-22 20:30:00+00:00,0.0,0.0,0.0
2026-05-22 20:40:00+00:00,0.0,0.0,0.0
2026-05-22 20:50:00+00:00,0.0,0.0,0.0
2026-05-22 21:00:00+00:00,0.0,0.0,0.0
2026-05-22 21:10:00+00:00,0.0,0.0,0.0
2026-05-22 21:20:00+00:00,0.0,0.0,0.0
2026-05-22 21:30:00+00:00,0.0,0.0,0.0
2026-05-22 21:40:00+00:00,0.0,0.0,0.0
2026-05-22 21:50:00+00:00,0.0,0.0,0.0
2026-05-22 22:00:00+00:00,0.0,0.0,0.0
2026-05-22 22:10:00+00:00,0.0,0.0,0.0
2026-05-22 22:20:00+00:00,0.0,0.0,0.0
2026-05-22 22:30:00+00:00,1.9320333333333333,1.9320333333333333,0.0
2026-05-22 22:40:00+00:00,0.0,0.0,0.0
2026-05-22 22:50:00+00:00,0.0,0.0,0.0
2026-05-22 23:00:00+00:00,0.0,0.0,0.0
2026-05-22 23:10:00+00:00,0.0,0.0,0.0
2026-05-22 23:20:00+00:00,0.0,0.0,0.0
2026-05-22 23:30:00+00:00,0.0,0.0,0.0
2026-05-22 23:40:00+00:00,0.0,0.0,0.0
2026-05-22 23:50:00+00:00,0.0,0.0,0.0
2026-05-23 00:00:00+00:00,0.0,0.0,0.0
2026-05-23 00:10:00+00:00,0.0,0.0,0.0
2026-05-23 00:20:00+00:00,0.0,0.0,0.0
2026-05-23 00:30:00+00:00,0.0,0.0,0.0
2026-05-23 00:40:00+00:00,0.0,0.0,0.0
2026-05-23 00:50:00+00:00,0.0,0.0,0.0
2026-05-23 01:00:00+00:00,0.0,0.0,0.0
2026-05-23 01:10:00+00:00,0.0,0.0,0.0
2026-05-23 01:20:00+00:00,0.0,0.0,0.0
2026-05-23 01:30:00+00:00,0.0,0.0,0.0
2026-05-23 01:40:00+00:00,0.0,0.0,0.0
2026-05-23 01:50:00+00:00,0.0,0.0,0.0
2026-05-23 02:00:00+00:00,0.0,0.0,0.0
2026-05-23 02:10:00+00:00,0.0,0.0,0.0
2026-05-23 02:20:00+00:00,0.0,0.0,0.0
2026-05-23 02:30:00+00:00,0.0,0.0,0.0
2026-05-23 02:40:00+00:00,0.0,0.0,0.0
2026-05-23 02:50:00+00:00,0.0,0.0,0.0
2026-05-23 03:00:00+00:00,0.3816333333333333,0.3816333333333333,0.0
2026-05-23 03:10:00+00:00,0.0,0.0,0.0
2026-05-23 03:20:00+00:00,0.0,0.0,0.0
2026-05-23 03:30:00+00:00,0.0,0.0,0.0
2026-05-23 03:40:00+00:00,0.0,0.0,0.0
2026-05-23 03:50:00+00:00,0.0,0.0,0.0
2026-05-23 04:00:00+00:00,14.979100000000004,14.979100000000004,0.0
2026-05-23 04:10:00+00:00,0.0,0.0,0.0
2026-05-23 04:20:00+00:00,0.0,0.0,0.0
2026-05-23 04:30:00+00:00,35.32086666666667,31.783266666666666,3.5376
2026-05-23 04:40:00+00:00,0.0,0.0,0.0
2026-05-23 04:50:00+00:00,0.0,0.0,0.0
2026-05-23 05:00:00+00:00,4.568733333333333,0.05173333333333333,4.517
2026-05-23 05:10:00+00:00,0.0,0.0,0.0
2026-05-23 05:20:00+00:00,0.0,0.0,0.0
2026-05-23 05:30:00+00:00,9.071866666666665,2.8449,6.226966666666667
2026-05-23 05:40:00+00:00,0.0,0.0,0.0
2026-05-23 05:50:00+00:00,0.0,0.0,0.0
2026-05-23 06:00:00+00:00,12.418733333333334,2.0324333333333335,10.3863
2026-05-23 06:10:00+00:00,0.0,0.0,0.0
2026-05-23 06:20:00+00:00,0.0,0.0,0.0
2026-05-23 06:30:00+00:00,20.962133333333334,0.0,20.962133333333334
2026-05-23 06:40:00+00:00,0.0,0.0,0.0
2026-05-23 06:50:00+00:00,0.0,0.0,0.0
2026-05-23 07:00:00+00:00,63.11043333333334,15.239866666666666,47.87056666666666
2026-05-23 07:10:00+00:00,0.0,0.0,0.0
2026-05-23 07:20:00+00:00,0.0,0.0,0.0
2026-05-23 07:30:00+00:00,29.264666333333334,0.8262663333333333,28.4384
2026-05-23 07:40:00+00:00,0.0,0.0,0.0
2026-05-23 07:50:00+00:00,0.0,0.0,0.0
2026-05-23 08:00:00+00:00,8.713199666666666,2.034266666666667,6.678933000000001
2026-05-23 08:10:00+00:00,0.0,0.0,0.0
2026-05-23 08:20:00+00:00,0.0,0.0,0.0
2026-05-23 08:30:00+00:00,11.979400000000002,0.0,11.979400000000002
2026-05-23 08:40:00+00:00,0.0,0.0,0.0
2026-05-23 08:50:00+00:00,0.0,0.0,0.0
2026-05-23 09:00:00+00:00,15.416366666666667,0.0,15.416366666666667
2026-05-23 09:10:00+00:00,0.0,0.0,0.0
2026-05-23 09:20:00+00:00,0.0,0.0,0.0
2026-05-23 09:30:00+00:00,98.24123300000001,0.0,98.24123300000001
2026-05-23 09:40:00+00:00,0.0,0.0,0.0
2026-05-23 09:50:00+00:00,0.0,0.0,0.0
2026-05-23 10:00:00+00:00,35.42086666666667,0.0,35.42086666666667
2026-05-23 10:10:00+00:00,0.0,0.0,0.0
2026-05-23 10:20:00+00:00,0.0,0.0,0.0
2026-05-23 10:30:00+00:00,19.482433333333333,0.0,19.482433333333333
2026-05-23 10:40:00+00:00,0.0,0.0,0.0
2026-05-23 10:50:00+00:00,0.0,0.0,0.0
2026-05-23 11:00:00+00:00,34.97326633333333,4.521199999999999,30.452066333333335
2026-05-23 11:10:00+00:00,0.0,0.0,0.0
2026-05-23 11:20:00+00:00,0.0,0.0,0.0
2026-05-23 11:30:00+00:00,29.7583,23.594166666666666,6.164133333333333
2026-05-23 11:40:00+00:00,0.0,0.0,0.0
2026-05-23 11:50:00+00:00,0.0,0.0,0.0
2026-05-23 12:00:00+00:00,0.739,0.739,0.0
2026-05-23 12:10:00+00:00,0.0,0.0,0.0
2026-05-23 12:20:00+00:00,0.0,0.0,0.0
2026-05-23 12:30:00+00:00,0.0,0.0,0.0
2026-05-23 12:40:00+00:00,0.0,0.0,0.0
2026-05-23 12:50:00+00:00,0.0,0.0,0.0
2026-05-23 13:00:00+00:00,0.0,0.0,0.0
2026-05-23 13:10:00+00:00,0.0,0.0,0.0
2026-05-23 13:20:00+00:00,0.0,0.0,0.0
2026-05-23 13:30:00+00:00,0.0,0.0,0.0
2026-05-23 13:40:00+00:00,0.0,0.0,0.0
2026-05-23 13:50:00+00:00,0.0,0.0,0.0
2026-05-23 14:00:00+00:00,0.0,0.0,0.0
2026-05-23 14:10:00+00:00,0.0,0.0,0.0
2026-05-23 14:20:00+00:00,0.0,0.0,0.0
2026-05-23 14:30:00+00:00,0.0,0.0,0.0
2026-05-23 14:40:00+00:00,0.0,0.0,0.0
2026-05-23 14:50:00+00:00,0.0,0.0,0.0
2026-05-23 15:00:00+00:00,0.0,0.0,0.0
2026-05-23 15:10:00+00:00,0.0,0.0,0.0
2026-05-23 15:20:00+00:00,0.0,0.0,0.0
2026-05-23 15:30:00+00:00,0.0,0.0,0.0
2026-05-23 15:40:00+00:00,0.0,0.0,0.0
2026-05-23 15:50:00+00:00,0.0,0.0,0.0
2026-05-23 16:00:00+00:00,0.0,0.0,0.0
2026-05-23 16:10:00+00:00,0.0,0.0,0.0
2026-05-23 16:20:00+00:00,0.0,0.0,0.0
2026-05-23 16:30:00+00:00,0.0,0.0,0.0
2026-05-23 16:40:00+00:00,0.0,0.0,0.0
2026-05-23 16:50:00+00:00,0.0,0.0,0.0
2026-05-23 17:00:00+00:00,0.0,0.0,0.0
2026-05-23 17:10:00+00:00,0.0,0.0,0.0
2026-05-23 17:20:00+00:00,0.0,0.0,0.0
2026-05-23 17:30:00+00:00,0.0,0.0,0.0
2026-05-23 17:40:00+00:00,0.0,0.0,0.0
2026-05-23 17:50:00+00:00,0.0,0.0,0.0
2026-05-23 18:00:00+00:00,0.1517,0.1517,0.0
2026-05-23 18:10:00+00:00,0.0,0.0,0.0
2026-05-23 18:20:00+00:00,0.0,0.0,0.0
2026-05-23 18:30:00+00:00,0.0,0.0,0.0
2026-05-23 18:40:00+00:00,0.0,0.0,0.0
2026-05-23 18:50:00+00:00,0.0,0.0,0.0
2026-05-23 19:00:00+00:00,0.0,0.0,0.0
2026-05-23 19:10:00+00:00,0.0,0.0,0.0
2026-05-23 19:20:00+00:00,0.0,0.0,0.0
2026-05-23 19:30:00+00:00,0.0,0.0,0.0
2026-05-23 19:40:00+00:00,0.0,0.0,0.0
2026-05-23 19:50:00+00:00,0.0,0.0,0.0
2026-05-23 20:00:00+00:00,0.0,0.0,0.0
2026-05-23 20:10:00+00:00,0.0,0.0,0.0
2026-05-23 20:20:00+00:00,0.0,0.0,0.0
2026-05-23 20:30:00+00:00,0.0,0.0,0.0
2026-05-23 20:40:00+00:00,0.0,0.0,0.0
2026-05-23 20:50:00+00:00,0.0,0.0,0.0
2026-05-23 21:00:00+00:00,0.0,0.0,0.0
2026-05-23 21:10:00+00:00,0.0,0.0,0.0
2026-05-23 21:20:00+00:00,0.0,0.0,0.0
2026-05-23 21:30:00+00:00,0.0,0.0,0.0
2026-05-23 21:40:00+00:00,0.0,0.0,0.0
2026-05-23 21:50:00+00:00,0.0,0.0,0.0
2026-05-23 22:00:00+00:00,0.0,0.0,0.0
2026-05-23 22:10:00+00:00,0.0,0.0,0.0
2026-05-23 22:20:00+00:00,0.0,0.0,0.0
2026-05-23 22:30:00+00:00,0.0,0.0,0.0
2026-05-23 22:40:00+00:00,0.0,0.0,0.0
2026-05-23 22:50:00+00:00,0.0,0.0,0.0
2026-05-23 23:00:00+00:00,0.0,0.0,0.0
2026-05-23 23:10:00+00:00,0.0,0.0,0.0
2026-05-23 23:20:00+00:00,0.0,0.0,0.0
2026-05-23 23:30:00+00:00,0.0,0.0,0.0
2026-05-23 23:40:00+00:00,0.0,0.0,0.0
2026-05-23 23:50:00+00:00,0.0,0.0,0.0
2026-05-24 00:00:00+00:00,0.0,0.0,0.0
2026-05-24 00:10:00+00:00,0.0,0.0,0.0
2026-05-24 00:20:00+00:00,0.0,0.0,0.0
2026-05-24 00:30:00+00:00,0.0,0.0,0.0
2026-05-24 00:40:00+00:00,0.0,0.0,0.0
2026-05-24 00:50:00+00:00,0.0,0.0,0.0
2026-05-24 01:00:00+00:00,0.0,0.0,0.0
2026-05-24 01:10:00+00:00,0.0,0.0,0.0
2026-05-24 01:20:00+00:00,0.0,0.0,0.0
2026-05-24 01:30:00+00:00,0.0,0.0,0.0
2026-05-24 01:40:00+00:00,0.0,0.0,0.0
2026-05-24 01:50:00+00:00,0.0,0.0,0.0
2026-05-24 02:00:00+00:00,0.0,0.0,0.0
2026-05-24 02:10:00+00:00,0.0,0.0,0.0
2026-05-24 02:20:00+00:00,0.0,0.0,0.0
2026-05-24 02:30:00+00:00,0.0,0.0,0.0
2026-05-24 02:40:00+00:00,0.0,0.0,0.0
2026-05-24 02:50:00+00:00,0.0,0.0,0.0
2026-05-24 03:00:00+00:00,0.3491666666666667,0.3491666666666667,0.0
2026-05-24 03:10:00+00:00,0.0,0.0,0.0
2026-05-24 03:20:00+00:00,0.0,0.0,0.0
2026-05-24 03:30:00+00:00,0.0,0.0,0.0
2026-05-24 03:40:00+00:00,0.0,0.0,0.0
2026-05-24 03:50:00+00:00,0.0,0.0,0.0
2026-05-24 04:00:00+00:00,21.795499999999997,20.054666666666662,1.7408333333333335
2026-05-24 04:10:00+00:00,0.0,0.0,0.0
2026-05-24 04:20:00+00:00,0.0,0.0,0.0
2026-05-24 04:30:00+00:00,16.5504,5.953966666666666,10.596433333333334
2026-05-24 04:40:00+00:00,0.0,0.0,0.0
2026-05-24 04:50:00+00:00,0.0,0.0,0.0
2026-05-24 05:00:00+00:00,202.137233,1.2134333333333331,200.92379966666667
2026-05-24 05:10:00+00:00,0.0,0.0,0.0
2026-05-24 05:20:00+00:00,0.0,0.0,0.0
2026-05-24 05:30:00+00:00,197.81716633333332,0.0,197.81716633333332
2026-05-24 05:40:00+00:00,0.0,0.0,0.0
2026-05-24 05:50:00+00:00,0.0,0.0,0.0
2026-05-24 06:00:00+00:00,92.89396666666666,0.0,92.89396666666666
2026-05-24 06:10:00+00:00,0.0,0.0,0.0
2026-05-24 06:20:00+00:00,0.0,0.0,0.0
2026-05-24 06:30:00+00:00,44.35086666666667,0.0,44.35086666666667
2026-05-24 06:40:00+00:00,0.0,0.0,0.0
2026-05-24 06:50:00+00:00,0.0,0.0,0.0
2026-05-24 07:00:00+00:00,112.7294,0.0,112.7294
2026-05-24 07:10:00+00:00,0.0,0.0,0.0
2026-05-24 07:20:00+00:00,0.0,0.0,0.0
2026-05-24 07:30:00+00:00,126.1317,0.0,126.1317
2026-05-24 07:40:00+00:00,0.0,0.0,0.0
2026-05-24 07:50:00+00:00,0.0,0.0,0.0
2026-05-24 08:00:00+00:00,108.08126633333335,1.8195,106.26176633333333
2026-05-24 08:10:00+00:00,0.0,0.0,0.0
2026-05-24 08:20:00+00:00,0.0,0.0,0.0
2026-05-24 08:30:00+00:00,105.76619999999998,0.0,105.76619999999998
2026-05-24 08:40:00+00:00,0.0,0.0,0.0
2026-05-24 08:50:00+00:00,0.0,0.0,0.0
2026-05-24 09:00:00+00:00,84.6494,0.0,84.6494
2026-05-24 09:10:00+00:00,0.0,0.0,0.0
2026-05-24 09:20:00+00:00,0.0,0.0,0.0
2026-05-24 09:30:00+00:00,114.48586566666667,0.0,114.48586566666667
2026-05-24 09:40:00+00:00,0.0,0.0,0.0
2026-05-24 09:50:00+00:00,0.0,0.0,0.0
2026-05-24 10:00:00+00:00,89.47753333333333,0.0,89.47753333333333
2026-05-24 10:10:00+00:00,0.0,0.0,0.0
2026-05-24 10:20:00+00:00,0.0,0.0,0.0
2026-05-24 10:30:00+00:00,123.88616633333334,0.0,123.88616633333334
2026-05-24 10:40:00+00:00,0.0,0.0,0.0
2026-05-24 10:50:00+00:00,0.0,0.0,0.0
2026-05-24 11:00:00+00:00,30.154366666666665,5.577966666666667,24.5764
2026-05-24 11:10:00+00:00,0.0,0.0,0.0
2026-05-24 11:20:00+00:00,0.0,0.0,0.0
2026-05-24 11:30:00+00:00,4.9377,0.0,4.9377
2026-05-24 11:40:00+00:00,0.0,0.0,0.0
2026-05-24 11:50:00+00:00,0.0,0.0,0.0
2026-05-24 12:00:00+00:00,0.0,0.0,0.0
2026-05-24 12:10:00+00:00,0.0,0.0,0.0
2026-05-24 12:20:00+00:00,0.0,0.0,0.0
2026-05-24 12:30:00+00:00,0.0,0.0,0.0
2026-05-24 12:40:00+00:00,0.0,0.0,0.0
2026-05-24 12:50:00+00:00,0.0,0.0,0.0
2026-05-24 13:00:00+00:00,0.0,0.0,0.0
2026-05-24 13:10:00+00:00,0.0,0.0,0.0
2026-05-24 13:20:00+00:00,0.0,0.0,0.0
2026-05-24 13:30:00+00:00,0.0,0.0,0.0
2026-05-24 13:40:00+00:00,0.0,0.0,0.0
2026-05-24 13:50:00+00:00,0.0,0.0,0.0
2026-05-24 14:00:00+00:00,0.0,0.0,0.0
2026-05-24 14:10:00+00:00,0.0,0.0,0.0
2026-05-24 14:20:00+00:00,0.0,0.0,0.0
2026-05-24 14:30:00+00:00,0.0,0.0,0.0
2026-05-24 14:40:00+00:00,0.0,0.0,0.0
2026-05-24 14:50:00+00:00,0.0,0.0,0.0
2026-05-24 15:00:00+00:00,0.0,0.0,0.0
2026-05-24 15:10:00+00:00,0.0,0.0,0.0
2026-05-24 15:20:00+00:00,0.0,0.0,0.0
2026-05-24 15:30:00+00:00,0.0,0.0,0.0
2026-05-24 15:40:00+00:00,0.0,0.0,0.0
2026-05-24 15:50:00+00:00,0.0,0.0,0.0
2026-05-24 16:00:00+00:00,0.0,0.0,0.0
2026-05-24 16:10:00+00:00,0.0,0.0,0.0
2026-05-24 16:20:00+00:00,0.0,0.0,0.0
2026-05-24 16:30:00+00:00,0.0,0.0,0.0
2026-05-24 16:40:00+00:00,0.0,0.0,0.0
2026-05-24 16:50:00+00:00,0.0,0.0,0.0
2026-05-24 17:00:00+00:00,0.0,0.0,0.0
2026-05-24 17:10:00+00:00,0.0,0.0,0.0
2026-05-24 17:20:00+00:00,0.0,0.0,0.0
2026-05-24 17:30:00+00:00,0.0,0.0,0.0
2026-05-24 17:40:00+00:00,0.0,0.0,0.0
2026-05-24 17:50:00+00:00,0.0,0.0,0.0
2026-05-24 18:00:00+00:00,0.0,0.0,0.0
2026-05-24 18:10:00+00:00,0.0,0.0,0.0
2026-05-24 18:20:00+00:00,0.0,0.0,0.0
2026-05-24 18:30:00+00:00,0.0,0.0,0.0
2026-05-24 18:40:00+00:00,0.0,0.0,0.0
2026-05-24 18:50:00+00:00,0.0,0.0,0.0
2026-05-24 19:00:00+00:00,0.0,0.0,0.0
2026-05-24 19:10:00+00:00,0.0,0.0,0.0
2026-05-24 19:20:00+00:00,0.0,0.0,0.0
2026-05-24 19:30:00+00:00,0.0,0.0,0.0
2026-05-24 19:40:00+00:00,0.0,0.0,0.0
2026-05-24 19:50:00+00:00,0.0,0.0,0.0
2026-05-24 20:00:00+00:00,0.0,0.0,0.0
2026-05-24 20:10:00+00:00,0.0,0.0,0.0
2026-05-24 20:20:00+00:00,0.0,0.0,0.0
2026-05-24 20:30:00+00:00,0.0,0.0,0.0
2026-05-24 20:40:00+00:00,0.0,0.0,0.0
2026-05-24 20:50:00+00:00,0.0,0.0,0.0
2026-05-24 21:00:00+00:00,0.0,0.0,0.0
2026-05-24 21:10:00+00:00,0.0,0.0,0.0
2026-05-24 21:20:00+00:00,0.0,0.0,0.0
2026-05-24 21:30:00+00:00,0.0,0.0,0.0
2026-05-24 21:40:00+00:00,0.0,0.0,0.0
2026-05-24 21:50:00+00:00,0.0,0.0,0.0
2026-05-24 22:00:00+00:00,0.0,0.0,0.0
2026-05-24 22:10:00+00:00,0.0,0.0,0.0
2026-05-24 22:20:00+00:00,0.0,0.0,0.0
2026-05-24 22:30:00+00:00,0.0,0.0,0.0
2026-05-24 22:40:00+00:00,0.0,0.0,0.0
2026-05-24 22:50:00+00:00,0.0,0.0,0.0
2026-05-24 23:00:00+00:00,0.0,0.0,0.0
2026-05-24 23:10:00+00:00,0.0,0.0,0.0
2026-05-24 23:20:00+00:00,0.0,0.0,0.0
2026-05-24 23:30:00+00:00,0.0,0.0,0.0
2026-05-24 23:40:00+00:00,0.0,0.0,0.0
2026-05-24 23:50:00+00:00,0.0,0.0,0.0
2026-05-25 00:00:00+00:00,0.0,0.0,0.0
2026-05-25 00:10:00+00:00,0.0,0.0,0.0
2026-05-25 00:20:00+00:00,0.0,0.0,0.0
2026-05-25 00:30:00+00:00,0.0,0.0,0.0
2026-05-25 00:40:00+00:00,0.0,0.0,0.0
2026-05-25 00:50:00+00:00,0.0,0.0,0.0
2026-05-25 01:00:00+00:00,0.0,0.0,0.0
2026-05-25 01:10:00+00:00,0.0,0.0,0.0
2026-05-25 01:20:00+00:00,0.0,0.0,0.0
2026-05-25 01:30:00+00:00,0.0,0.0,0.0
2026-05-25 01:40:00+00:00,0.0,0.0,0.0
2026-05-25 01:50:00+00:00,0.0,0.0,0.0
2026-05-25 02:00:00+00:00,0.0,0.0,0.0
2026-05-25 02:10:00+00:00,0.0,0.0,0.0
2026-05-25 02:20:00+00:00,0.0,0.0,0.0
2026-05-25 02:30:00+00:00,0.0,0.0,0.0
2026-05-25 02:40:00+00:00,0.0,0.0,0.0
2026-05-25 02:50:00+00:00,0.0,0.0,0.0
2026-05-25 03:00:00+00:00,0.0,0.0,0.0
2026-05-25 03:10:00+00:00,0.0,0.0,0.0
2026-05-25 03:20:00+00:00,0.0,0.0,0.0
2026-05-25 03:30:00+00:00,0.0,0.0,0.0
2026-05-25 03:40:00+00:00,0.0,0.0,0.0
2026-05-25 03:50:00+00:00,0.0,0.0,0.0
2026-05-25 04:00:00+00:00,28.03903333333333,26.61753333333333,1.4215
2026-05-25 04:10:00+00:00,0.0,0.0,0.0
2026-05-25 04:20:00+00:00,0.0,0.0,0.0
2026-05-25 04:30:00+00:00,135.01499966666668,93.229333,41.785666666666664
2026-05-25 04:40:00+00:00,0.0,0.0,0.0
2026-05-25 04:50:00+00:00,0.0,0.0,0.0
2026-05-25 05:00:00+00:00,101.2978,95.94296666666668,5.354833333333333
2026-05-25 05:10:00+00:00,0.0,0.0,0.0
2026-05-25 05:20:00+00:00,0.0,0.0,0.0
2026-05-25 05:30:00+00:00,238.45360000000002,62.216366666666666,176.23723333333336
2026-05-25 05:40:00+00:00,0.0,0.0,0.0
2026-05-25 05:50:00+00:00,0.0,0.0,0.0
2026-05-25 06:00:00+00:00,330.6456,35.800599999999996,294.84499999999997
2026-05-25 06:10:00+00:00,0.0,0.0,0.0
2026-05-25 06:20:00+00:00,0.0,0.0,0.0
2026-05-25 06:30:00+00:00,337.7024333333334,37.84866666666667,299.8537666666667
2026-05-25 06:40:00+00:00,0.0,0.0,0.0
2026-05-25 06:50:00+00:00,0.0,0.0,0.0
2026-05-25 07:00:00+00:00,302.55269999999996,2.6271333333333335,299.9255666666666
2026-05-25 07:10:00+00:00,0.0,0.0,0.0
2026-05-25 07:20:00+00:00,0.0,0.0,0.0
2026-05-25 07:30:00+00:00,304.4218666666667,4.635566666666667,299.7863
2026-05-25 07:40:00+00:00,0.0,0.0,0.0
2026-05-25 07:50:00+00:00,0.0,0.0,0.0
2026-05-25 08:00:00+00:00,300.48563333333334,0.5813666666666667,299.9042666666667
2026-05-25 08:10:00+00:00,0.0,0.0,0.0
2026-05-25 08:20:00+00:00,0.0,0.0,0.0
2026-05-25 08:30:00+00:00,299.6828666666667,0.0,299.6828666666667
2026-05-25 08:40:00+00:00,0.0,0.0,0.0
2026-05-25 08:50:00+00:00,0.0,0.0,0.0
2026-05-25 09:00:00+00:00,299.8049666666667,0.0,299.8049666666667
2026-05-25 09:10:00+00:00,0.0,0.0,0.0
2026-05-25 09:20:00+00:00,0.0,0.0,0.0
2026-05-25 09:30:00+00:00,299.73986666666667,0.0,299.73986666666667
2026-05-25 09:40:00+00:00,0.0,0.0,0.0
2026-05-25 09:50:00+00:00,0.0,0.0,0.0
2026-05-25 10:00:00+00:00,299.8908333333333,0.024933333333333335,299.8659
2026-05-25 10:10:00+00:00,0.0,0.0,0.0
2026-05-25 10:20:00+00:00,0.0,0.0,0.0
2026-05-25 10:30:00+00:00,299.9246,0.0,299.9246
2026-05-25 10:40:00+00:00,0.0,0.0,0.0
2026-05-25 10:50:00+00:00,0.0,0.0,0.0
2026-05-25 11:00:00+00:00,302.2851,2.3437,299.94140000000004
2026-05-25 11:10:00+00:00,0.0,0.0,0.0
2026-05-25 11:20:00+00:00,0.0,0.0,0.0
2026-05-25 11:30:00+00:00,237.23889999999997,3.703533333333333,233.53536666666668
2026-05-25 11:40:00+00:00,0.0,0.0,0.0
2026-05-25 11:50:00+00:00,0.0,0.0,0.0
2026-05-25 12:00:00+00:00,0.11803333333333334,0.11803333333333334,0.0
2026-05-25 12:10:00+00:00,0.0,0.0,0.0
2026-05-25 12:20:00+00:00,0.0,0.0,0.0
2026-05-25 12:30:00+00:00,2.4272,2.4272,0.0
2026-05-25 12:40:00+00:00,0.0,0.0,0.0
2026-05-25 12:50:00+00:00,0.0,0.0,0.0
2026-05-25 13:00:00+00:00,0.0,0.0,0.0
2026-05-25 13:10:00+00:00,0.0,0.0,0.0
2026-05-25 13:20:00+00:00,0.0,0.0,0.0
2026-05-25 13:30:00+00:00,0.0,0.0,0.0
2026-05-25 13:40:00+00:00,0.0,0.0,0.0
2026-05-25 13:50:00+00:00,0.0,0.0,0.0
2026-05-25 14:00:00+00:00,0.0,0.0,0.0
2026-05-25 14:10:00+00:00,0.0,0.0,0.0
2026-05-25 14:20:00+00:00,0.0,0.0,0.0
2026-05-25 14:30:00+00:00,0.0,0.0,0.0
2026-05-25 14:40:00+00:00,0.0,0.0,0.0
2026-05-25 14:50:00+00:00,0.0,0.0,0.0
2026-05-25 15:00:00+00:00,0.0,0.0,0.0
2026-05-25 15:10:00+00:00,0.0,0.0,0.0
2026-05-25 15:20:00+00:00,0.0,0.0,0.0
2026-05-25 15:30:00+00:00,0.0,0.0,0.0
2026-05-25 15:40:00+00:00,0.0,0.0,0.0
2026-05-25 15:50:00+00:00,0.0,0.0,0.0
2026-05-25 16:00:00+00:00,2.5012666666666665,2.5012666666666665,0.0
2026-05-25 16:10:00+00:00,0.0,0.0,0.0
2026-05-25 16:20:00+00:00,0.0,0.0,0.0
2026-05-25 16:30:00+00:00,0.2214,0.2214,0.0
2026-05-25 16:40:00+00:00,0.0,0.0,0.0
2026-05-25 16:50:00+00:00,0.0,0.0,0.0
2026-05-25 17:00:00+00:00,0.0,0.0,0.0
2026-05-25 17:10:00+00:00,0.0,0.0,0.0
2026-05-25 17:20:00+00:00,0.0,0.0,0.0
2026-05-25 17:30:00+00:00,0.0,0.0,0.0
2026-05-25 17:40:00+00:00,0.0,0.0,0.0
2026-05-25 17:50:00+00:00,0.0,0.0,0.0
2026-05-25 18:00:00+00:00,0.0,0.0,0.0
2026-05-25 18:10:00+00:00,0.0,0.0,0.0
2026-05-25 18:20:00+00:00,0.0,0.0,0.0
2026-05-25 18:30:00+00:00,0.0,0.0,0.0
2026-05-25 18:40:00+00:00,0.0,0.0,0.0
2026-05-25 18:50:00+00:00,0.0,0.0,0.0
2026-05-25 19:00:00+00:00,0.0,0.0,0.0
2026-05-25 19:10:00+00:00,0.0,0.0,0.0
2026-05-25 19:20:00+00:00,0.0,0.0,0.0
2026-05-25 19:30:00+00:00,0.0,0.0,0.0
2026-05-25 19:40:00+00:00,0.0,0.0,0.0
2026-05-25 19:50:00+00:00,0.0,0.0,0.0
2026-05-25 20:00:00+00:00,0.0,0.0,0.0
2026-05-25 20:10:00+00:00,0.0,0.0,0.0
2026-05-25 20:20:00+00:00,0.0,0.0,0.0
2026-05-25 20:30:00+00:00,0.0,0.0,0.0
2026-05-25 20:40:00+00:00,0.0,0.0,0.0
2026-05-25 20:50:00+00:00,0.0,0.0,0.0
2026-05-25 21:00:00+00:00,0.0,0.0,0.0
2026-05-25 21:10:00+00:00,0.0,0.0,0.0
2026-05-25 21:20:00+00:00,0.0,0.0,0.0
2026-05-25 21:30:00+00:00,0.0,0.0,0.0
2026-05-25 21:40:00+00:00,0.0,0.0,0.0
2026-05-25 21:50:00+00:00,0.0,0.0,0.0
2026-05-25 22:00:00+00:00,0.0,0.0,0.0
2026-05-25 22:10:00+00:00,0.0,0.0,0.0
2026-05-25 22:20:00+00:00,0.0,0.0,0.0
2026-05-25 22:30:00+00:00,0.0,0.0,0.0
2026-05-25 22:40:00+00:00,0.0,0.0,0.0
2026-05-25 22:50:00+00:00,0.0,0.0,0.0
2026-05-25 23:00:00+00:00,0.0,0.0,0.0
2026-05-25 23:10:00+00:00,0.0,0.0,0.0
2026-05-25 23:20:00+00:00,0.0,0.0,0.0
2026-05-25 23:30:00+00:00,0.0,0.0,0.0
2026-05-25 23:40:00+00:00,0.0,0.0,0.0
2026-05-25 23:50:00+00:00,0.0,0.0,0.0
2026-05-26 00:00:00+00:00,0.0,0.0,0.0
2026-05-26 00:10:00+00:00,0.0,0.0,0.0
2026-05-26 00:20:00+00:00,0.0,0.0,0.0
2026-05-26 00:30:00+00:00,0.0,0.0,0.0
2026-05-26 00:40:00+00:00,0.0,0.0,0.0
2026-05-26 00:50:00+00:00,0.0,0.0,0.0
2026-05-26 01:00:00+00:00,0.0,0.0,0.0
2026-05-26 01:10:00+00:00,0.0,0.0,0.0
2026-05-26 01:20:00+00:00,0.0,0.0,0.0
2026-05-26 01:30:00+00:00,0.0,0.0,0.0
2026-05-26 01:40:00+00:00,0.0,0.0,0.0
2026-05-26 01:50:00+00:00,0.0,0.0,0.0
2026-05-26 02:00:00+00:00,0.0,0.0,0.0
2026-05-26 02:10:00+00:00,0.0,0.0,0.0
2026-05-26 02:20:00+00:00,0.0,0.0,0.0
2026-05-26 02:30:00+00:00,0.0,0.0,0.0
2026-05-26 02:40:00+00:00,0.0,0.0,0.0
2026-05-26 02:50:00+00:00,0.0,0.0,0.0
2026-05-26 03:00:00+00:00,0.0,0.0,0.0
2026-05-26 03:10:00+00:00,0.0,0.0,0.0
2026-05-26 03:20:00+00:00,0.0,0.0,0.0
2026-05-26 03:30:00+00:00,0.0,0.0,0.0
2026-05-26 03:40:00+00:00,0.0,0.0,0.0
2026-05-26 03:50:00+00:00,0.0,0.0,0.0
2026-05-26 04:00:00+00:00,2.0877,0.0,2.0877
2026-05-26 04:10:00+00:00,0.0,0.0,0.0
2026-05-26 04:20:00+00:00,0.0,0.0,0.0
2026-05-26 04:30:00+00:00,184.59913300000002,73.20099966666666,111.39813333333333
2026-05-26 04:40:00+00:00,0.0,0.0,0.0
2026-05-26 04:50:00+00:00,0.0,0.0,0.0
2026-05-26 05:00:00+00:00,94.04813333333334,0.0,94.04813333333334
2026-05-26 05:10:00+00:00,0.0,0.0,0.0
2026-05-26 05:20:00+00:00,0.0,0.0,0.0
2026-05-26 05:30:00+00:00,99.2746,0.0,99.2746
2026-05-26 05:40:00+00:00,0.0,0.0,0.0
2026-05-26 05:50:00+00:00,0.0,0.0,0.0
2026-05-26 06:00:00+00:00,97.17546666666668,0.0,97.17546666666668
2026-05-26 06:10:00+00:00,0.0,0.0,0.0
2026-05-26 06:20:00+00:00,0.0,0.0,0.0
2026-05-26 06:30:00+00:00,53.63836666666667,0.0,53.63836666666667
2026-05-26 06:40:00+00:00,0.0,0.0,0.0
2026-05-26 06:50:00+00:00,0.0,0.0,0.0
2026-05-26 07:00:00+00:00,169.27713266666666,0.0,169.27713266666666
2026-05-26 07:10:00+00:00,0.0,0.0,0.0
2026-05-26 07:20:00+00:00,0.0,0.0,0.0
2026-05-26 07:30:00+00:00,274.1159333333334,0.0,274.1159333333334
2026-05-26 07:40:00+00:00,0.0,0.0,0.0
2026-05-26 07:50:00+00:00,0.0,0.0,0.0
2026-05-26 08:00:00+00:00,275.8334996666667,0.0,275.8334996666667
2026-05-26 08:10:00+00:00,0.0,0.0,0.0
2026-05-26 08:20:00+00:00,0.0,0.0,0.0
2026-05-26 08:30:00+00:00,229.43023333333335,0.0,229.43023333333335
2026-05-26 08:40:00+00:00,0.0,0.0,0.0
2026-05-26 08:50:00+00:00,0.0,0.0,0.0
2026-05-26 09:00:00+00:00,286.32120000000003,0.0315,286.2897
2026-05-26 09:10:00+00:00,0.0,0.0,0.0
2026-05-26 09:20:00+00:00,0.0,0.0,0.0
2026-05-26 09:30:00+00:00,236.83593333333332,0.0,236.83593333333332
2026-05-26 09:40:00+00:00,0.0,0.0,0.0
2026-05-26 09:50:00+00:00,0.0,0.0,0.0
2026-05-26 10:00:00+00:00,139.28369966666665,0.0,139.28369966666665
2026-05-26 10:10:00+00:00,0.0,0.0,0.0
2026-05-26 10:20:00+00:00,0.0,0.0,0.0
2026-05-26 10:30:00+00:00,125.75013333333334,0.0,125.75013333333334
2026-05-26 10:40:00+00:00,0.0,0.0,0.0
2026-05-26 10:50:00+00:00,0.0,0.0,0.0
2026-05-26 11:00:00+00:00,201.2995996666667,0.0,201.2995996666667
2026-05-26 11:10:00+00:00,0.0,0.0,0.0
2026-05-26 11:20:00+00:00,0.0,0.0,0.0
2026-05-26 11:30:00+00:00,49.28209999999999,0.0,49.28209999999999
2026-05-26 11:40:00+00:00,0.0,0.0,0.0
2026-05-26 11:50:00+00:00,0.0,0.0,0.0
2026-05-26 12:00:00+00:00,0.8879999999999999,0.8879999999999999,0.0
2026-05-26 12:10:00+00:00,0.0,0.0,0.0
2026-05-26 12:20:00+00:00,0.0,0.0,0.0
2026-05-26 12:30:00+00:00,0.1937333333333333,0.1937333333333333,0.0
2026-05-26 12:40:00+00:00,0.0,0.0,0.0
2026-05-26 12:50:00+00:00,0.0,0.0,0.0
2026-05-26 13:00:00+00:00,0.0,0.0,0.0
2026-05-26 13:10:00+00:00,0.0,0.0,0.0
2026-05-26 13:20:00+00:00,0.0,0.0,0.0
2026-05-26 13:30:00+00:00,0.0,0.0,0.0
2026-05-26 13:40:00+00:00,0.0,0.0,0.0
2026-05-26 13:50:00+00:00,0.0,0.0,0.0
2026-05-26 14:00:00+00:00,0.0,0.0,0.0
2026-05-26 14:10:00+00:00,0.0,0.0,0.0
2026-05-26 14:20:00+00:00,0.0,0.0,0.0
2026-05-26 14:30:00+00:00,0.1569,0.1569,0.0
2026-05-26 14:40:00+00:00,0.0,0.0,0.0
2026-05-26 14:50:00+00:00,0.0,0.0,0.0
2026-05-26 15:00:00+00:00,0.0,0.0,0.0
2026-05-26 15:10:00+00:00,0.0,0.0,0.0
2026-05-26 15:20:00+00:00,0.0,0.0,0.0
2026-05-26 15:30:00+00:00,0.0,0.0,0.0
2026-05-26 15:40:00+00:00,0.0,0.0,0.0
2026-05-26 15:50:00+00:00,0.0,0.0,0.0
2026-05-26 16:00:00+00:00,0.0,0.0,0.0
2026-05-26 16:10:00+00:00,0.0,0.0,0.0
2026-05-26 16:20:00+00:00,0.0,0.0,0.0
2026-05-26 16:30:00+00:00,0.0,0.0,0.0
2026-05-26 16:40:00+00:00,0.0,0.0,0.0
2026-05-26 16:50:00+00:00,0.0,0.0,0.0
2026-05-26 17:00:00+00:00,0.0,0.0,0.0
2026-05-26 17:10:00+00:00,0.0,0.0,0.0
2026-05-26 17:20:00+00:00,0.0,0.0,0.0
2026-05-26 17:30:00+00:00,0.0,0.0,0.0
2026-05-26 17:40:00+00:00,0.0,0.0,0.0
2026-05-26 17:50:00+00:00,0.0,0.0,0.0
2026-05-26 18:00:00+00:00,0.0,0.0,0.0
2026-05-26 18:10:00+00:00,0.0,0.0,0.0
2026-05-26 18:20:00+00:00,0.0,0.0,0.0
2026-05-26 18:30:00+00:00,0.0,0.0,0.0
2026-05-26 18:40:00+00:00,0.0,0.0,0.0
2026-05-26 18:50:00+00:00,0.0,0.0,0.0
2026-05-26 19:00:00+00:00,0.0,0.0,0.0
2026-05-26 19:10:00+00:00,0.0,0.0,0.0
2026-05-26 19:20:00+00:00,0.0,0.0,0.0
2026-05-26 19:30:00+00:00,0.0,0.0,0.0
2026-05-26 19:40:00+00:00,0.0,0.0,0.0
2026-05-26 19:50:00+00:00,0.0,0.0,0.0
2026-05-26 20:00:00+00:00,0.0,0.0,0.0
2026-05-26 20:10:00+00:00,0.0,0.0,0.0
2026-05-26 20:20:00+00:00,0.0,0.0,0.0
2026-05-26 20:30:00+00:00,0.0,0.0,0.0
2026-05-26 20:40:00+00:00,0.0,0.0,0.0
2026-05-26 20:50:00+00:00,0.0,0.0,0.0
2026-05-26 21:00:00+00:00,0.0,0.0,0.0
2026-05-26 21:10:00+00:00,0.0,0.0,0.0
2026-05-26 21:20:00+00:00,0.0,0.0,0.0
2026-05-26 21:30:00+00:00,0.0,0.0,0.0
2026-05-26 21:40:00+00:00,0.0,0.0,0.0
2026-05-26 21:50:00+00:00,0.0,0.0,0.0
2026-05-26 22:00:00+00:00,0.0,0.0,0.0
2026-05-26 22:10:00+00:00,0.0,0.0,0.0
2026-05-26 22:20:00+00:00,0.0,0.0,0.0
2026-05-26 22:30:00+00:00,0.0,0.0,0.0
2026-05-26 22:40:00+00:00,0.0,0.0,0.0
2026-05-26 22:50:00+00:00,0.0,0.0,0.0
2026-05-26 23:00:00+00:00,0.0,0.0,0.0
2026-05-26 23:10:00+00:00,0.0,0.0,0.0
2026-05-26 23:20:00+00:00,0.0,0.0,0.0
2026-05-26 23:30:00+00:00,0.0,0.0,0.0
2026-05-26 23:40:00+00:00,0.0,0.0,0.0
2026-05-26 23:50:00+00:00,0.0,0.0,0.0
2026-05-27 00:00:00+00:00,0.0,0.0,0.0
2026-05-27 00:10:00+00:00,0.0,0.0,0.0
2026-05-27 00:20:00+00:00,0.0,0.0,0.0
2026-05-27 00:30:00+00:00,0.0,0.0,0.0
2026-05-27 00:40:00+00:00,0.0,0.0,0.0
2026-05-27 00:50:00+00:00,0.0,0.0,0.0
2026-05-27 01:00:00+00:00,0.0,0.0,0.0
2026-05-27 01:10:00+00:00,0.0,0.0,0.0
2026-05-27 01:20:00+00:00,0.0,0.0,0.0
2026-05-27 01:30:00+00:00,0.0,0.0,0.0
2026-05-27 01:40:00+00:00,0.0,0.0,0.0
2026-05-27 01:50:00+00:00,0.0,0.0,0.0
2026-05-27 02:00:00+00:00,0.0,0.0,0.0
2026-05-27 02:10:00+00:00,0.0,0.0,0.0
2026-05-27 02:20:00+00:00,0.0,0.0,0.0
2026-05-27 02:30:00+00:00,0.0,0.0,0.0
2026-05-27 02:40:00+00:00,0.0,0.0,0.0
2026-05-27 02:50:00+00:00,0.0,0.0,0.0
2026-05-27 03:00:00+00:00,0.0,0.0,0.0
2026-05-27 03:10:00+00:00,0.0,0.0,0.0
2026-05-27 03:20:00+00:00,0.0,0.0,0.0
2026-05-27 03:30:00+00:00,0.0,0.0,0.0
2026-05-27 03:40:00+00:00,0.0,0.0,0.0
2026-05-27 03:50:00+00:00,0.0,0.0,0.0
2026-05-27 04:00:00+00:00,7.577633333333333,6.508433333333334,1.0692
2026-05-27 04:10:00+00:00,0.0,0.0,0.0
2026-05-27 04:20:00+00:00,0.0,0.0,0.0
2026-05-27 04:30:00+00:00,35.31539966666667,8.065866666666667,27.249533
2026-05-27 04:40:00+00:00,0.0,0.0,0.0
2026-05-27 04:50:00+00:00,0.0,0.0,0.0
2026-05-27 05:00:00+00:00,6.367199666666666,1.5471666666666666,4.820033
2026-05-27 05:10:00+00:00,0.0,0.0,0.0
2026-05-27 05:20:00+00:00,0.0,0.0,0.0
2026-05-27 05:30:00+00:00,15.540399999999998,0.0,15.540399999999998
2026-05-27 05:40:00+00:00,0.0,0.0,0.0
2026-05-27 05:50:00+00:00,0.0,0.0,0.0
2026-05-27 06:00:00+00:00,74.54386666666667,8.571633333333335,65.97223333333334
2026-05-27 06:10:00+00:00,0.0,0.0,0.0
2026-05-27 06:20:00+00:00,0.0,0.0,0.0
2026-05-27 06:30:00+00:00,41.77553333333333,0.0,41.77553333333333
2026-05-27 06:40:00+00:00,0.0,0.0,0.0
2026-05-27 06:50:00+00:00,0.0,0.0,0.0
2026-05-27 07:00:00+00:00,31.98836666666666,0.0,31.98836666666666
2026-05-27 07:10:00+00:00,0.0,0.0,0.0
2026-05-27 07:20:00+00:00,0.0,0.0,0.0
2026-05-27 07:30:00+00:00,68.47533299999999,0.0,68.47533299999999
2026-05-27 07:40:00+00:00,0.0,0.0,0.0
2026-05-27 07:50:00+00:00,0.0,0.0,0.0
2026-05-27 08:00:00+00:00,71.60306666666668,0.0,71.60306666666668
2026-05-27 08:10:00+00:00,0.0,0.0,0.0
2026-05-27 08:20:00+00:00,0.0,0.0,0.0
2026-05-27 08:30:00+00:00,94.92806666666667,0.0,94.92806666666667
2026-05-27 08:40:00+00:00,0.0,0.0,0.0
2026-05-27 08:50:00+00:00,0.0,0.0,0.0
2026-05-27 09:00:00+00:00,103.46696666666666,0.0,103.46696666666666
2026-05-27 09:10:00+00:00,0.0,0.0,0.0
2026-05-27 09:20:00+00:00,0.0,0.0,0.0
2026-05-27 09:30:00+00:00,116.04643333333333,0.0,116.04643333333333
2026-05-27 09:40:00+00:00,0.0,0.0,0.0
2026-05-27 09:50:00+00:00,0.0,0.0,0.0
2026-05-27 10:00:00+00:00,177.6919,0.0,177.6919
2026-05-27 10:10:00+00:00,0.0,0.0,0.0
2026-05-27 10:20:00+00:00,0.0,0.0,0.0
2026-05-27 10:30:00+00:00,111.15366633333335,9.730333333333332,101.423333
2026-05-27 10:40:00+00:00,0.0,0.0,0.0
2026-05-27 10:50:00+00:00,0.0,0.0,0.0
2026-05-27 11:00:00+00:00,110.85663333333333,0.0,110.85663333333333
2026-05-27 11:10:00+00:00,0.0,0.0,0.0
2026-05-27 11:20:00+00:00,0.0,0.0,0.0
2026-05-27 11:30:00+00:00,0.15316666666666667,0.0,0.15316666666666667
2026-05-27 11:40:00+00:00,0.0,0.0,0.0
2026-05-27 11:50:00+00:00,0.0,0.0,0.0
2026-05-27 12:00:00+00:00,0.0,0.0,0.0
2026-05-27 12:10:00+00:00,0.0,0.0,0.0
2026-05-27 12:20:00+00:00,0.0,0.0,0.0
2026-05-27 12:30:00+00:00,0.0,0.0,0.0
2026-05-27 12:40:00+00:00,0.0,0.0,0.0
2026-05-27 12:50:00+00:00,0.0,0.0,0.0
2026-05-27 13:00:00+00:00,0.0,0.0,0.0
2026-05-27 13:10:00+00:00,0.0,0.0,0.0
2026-05-27 13:20:00+00:00,0.0,0.0,0.0
2026-05-27 13:30:00+00:00,0.0,0.0,0.0
2026-05-27 13:40:00+00:00,0.0,0.0,0.0
2026-05-27 13:50:00+00:00,0.0,0.0,0.0
2026-05-27 14:00:00+00:00,0.0,0.0,0.0
2026-05-27 14:10:00+00:00,0.0,0.0,0.0
2026-05-27 14:20:00+00:00,0.0,0.0,0.0
2026-05-27 14:30:00+00:00,0.0,0.0,0.0
2026-05-27 14:40:00+00:00,0.0,0.0,0.0
2026-05-27 14:50:00+00:00,0.0,0.0,0.0
2026-05-27 15:00:00+00:00,2.391433333333333,2.391433333333333,0.0
2026-05-27 15:10:00+00:00,0.0,0.0,0.0
2026-05-27 15:20:00+00:00,0.0,0.0,0.0
2026-05-27 15:30:00+00:00,0.0,0.0,0.0
2026-05-27 15:40:00+00:00,0.0,0.0,0.0
2026-05-27 15:50:00+00:00,0.0,0.0,0.0
2026-05-27 16:00:00+00:00,0.0,0.0,0.0
2026-05-27 16:10:00+00:00,0.0,0.0,0.0
2026-05-27 16:20:00+00:00,0.0,0.0,0.0
2026-05-27 16:30:00+00:00,0.0,0.0,0.0
2026-05-27 16:40:00+00:00,0.0,0.0,0.0
2026-05-27 16:50:00+00:00,0.0,0.0,0.0
2026-05-27 17:00:00+00:00,0.0,0.0,0.0
2026-05-27 17:10:00+00:00,0.0,0.0,0.0
2026-05-27 17:20:00+00:00,0.0,0.0,0.0
2026-05-27 17:30:00+00:00,0.0,0.0,0.0
2026-05-27 17:40:00+00:00,0.0,0.0,0.0
2026-05-27 17:50:00+00:00,0.0,0.0,0.0
2026-05-27 18:00:00+00:00,0.0,0.0,0.0
2026-05-27 18:10:00+00:00,0.0,0.0,0.0
2026-05-27 18:20:00+00:00,0.0,0.0,0.0
2026-05-27 18:30:00+00:00,0.0,0.0,0.0
2026-05-27 18:40:00+00:00,0.0,0.0,0.0
2026-05-27 18:50:00+00:00,0.0,0.0,0.0
2026-05-27 19:00:00+00:00,0.0,0.0,0.0
2026-05-27 19:10:00+00:00,0.0,0.0,0.0
2026-05-27 19:20:00+00:00,0.0,0.0,0.0
2026-05-27 19:30:00+00:00,0.0,0.0,0.0
2026-05-27 19:40:00+00:00,0.0,0.0,0.0
2026-05-27 19:50:00+00:00,0.0,0.0,0.0
2026-05-27 20:00:00+00:00,0.0,0.0,0.0
2026-05-27 20:10:00+00:00,0.0,0.0,0.0
2026-05-27 20:20:00+00:00,0.0,0.0,0.0
2026-05-27 20:30:00+00:00,0.0,0.0,0.0
2026-05-27 20:40:00+00:00,0.0,0.0,0.0
2026-05-27 20:50:00+00:00,0.0,0.0,0.0
2026-05-27 21:00:00+00:00,0.0,0.0,0.0
2026-05-27 21:10:00+00:00,0.0,0.0,0.0
2026-05-27 21:20:00+00:00,0.0,0.0,0.0
2026-05-27 21:30:00+00:00,0.0,0.0,0.0
2026-05-27 21:40:00+00:00,0.0,0.0,0.0
2026-05-27 21:50:00+00:00,0.0,0.0,0.0
2026-05-27 22:00:00+00:00,0.0,0.0,0.0
2026-05-27 22:10:00+00:00,0.0,0.0,0.0
2026-05-27 22:20:00+00:00,0.0,0.0,0.0
2026-05-27 22:30:00+00:00,0.16963333333333333,0.16963333333333333,0.0
2026-05-27 22:40:00+00:00,0.0,0.0,0.0
2026-05-27 22:50:00+00:00,0.0,0.0,0.0
2026-05-27 23:00:00+00:00,0.0,0.0,0.0
2026-05-27 23:10:00+00:00,0.0,0.0,0.0
2026-05-27 23:20:00+00:00,0.0,0.0,0.0
2026-05-27 23:30:00+00:00,0.0,0.0,0.0
2026-05-27 23:40:00+00:00,0.0,0.0,0.0
2026-05-27 23:50:00+00:00,0.0,0.0,0.0
2026-05-28 00:00:00+00:00,0.0,0.0,0.0
2026-05-28 00:10:00+00:00,0.0,0.0,0.0
2026-05-28 00:20:00+00:00,0.0,0.0,0.0
2026-05-28 00:30:00+00:00,0.0,0.0,0.0
2026-05-28 00:40:00+00:00,0.0,0.0,0.0
2026-05-28 00:50:00+00:00,0.0,0.0,0.0
2026-05-28 01:00:00+00:00,0.0,0.0,0.0
2026-05-28 01:10:00+00:00,0.0,0.0,0.0
2026-05-28 01:20:00+00:00,0.0,0.0,0.0
2026-05-28 01:30:00+00:00,0.0,0.0,0.0
2026-05-28 01:40:00+00:00,0.0,0.0,0.0
2026-05-28 01:50:00+00:00,0.0,0.0,0.0
2026-05-28 02:00:00+00:00,0.0,0.0,0.0
2026-05-28 02:10:00+00:00,0.0,0.0,0.0
2026-05-28 02:20:00+00:00,0.0,0.0,0.0
2026-05-28 02:30:00+00:00,0.0,0.0,0.0
2026-05-28 02:40:00+00:00,0.0,0.0,0.0
2026-05-28 02:50:00+00:00,0.0,0.0,0.0
2026-05-28 03:00:00+00:00,0.0,0.0,0.0
2026-05-28 03:10:00+00:00,0.0,0.0,0.0
2026-05-28 03:20:00+00:00,0.0,0.0,0.0
2026-05-28 03:30:00+00:00,0.0,0.0,0.0
2026-05-28 03:40:00+00:00,0.0,0.0,0.0
2026-05-28 03:50:00+00:00,0.0,0.0,0.0
2026-05-28 04:00:00+00:00,0.0,0.0,0.0
2026-05-28 04:10:00+00:00,0.0,0.0,0.0
2026-05-28 04:20:00+00:00,0.0,0.0,0.0
2026-05-28 04:30:00+00:00,20.659433333333336,17.666066666666666,2.9933666666666667
2026-05-28 04:40:00+00:00,0.0,0.0,0.0
2026-05-28 04:50:00+00:00,0.0,0.0,0.0
2026-05-28 05:00:00+00:00,6.572533333333333,5.029866666666667,1.5426666666666666
2026-05-28 05:10:00+00:00,0.0,0.0,0.0
2026-05-28 05:20:00+00:00,0.0,0.0,0.0
2026-05-28 05:30:00+00:00,3.6331333333333333,2.4221666666666666,1.2109666666666667
2026-05-28 05:40:00+00:00,0.0,0.0,0.0
2026-05-28 05:50:00+00:00,0.0,0.0,0.0
2026-05-28 06:00:00+00:00,10.9005,0.0,10.9005
2026-05-28 06:10:00+00:00,0.0,0.0,0.0
2026-05-28 06:20:00+00:00,0.0,0.0,0.0
2026-05-28 06:30:00+00:00,13.477733333333333,0.0,13.477733333333333
2026-05-28 06:40:00+00:00,0.0,0.0,0.0
2026-05-28 06:50:00+00:00,0.0,0.0,0.0
2026-05-28 07:00:00+00:00,6.119166666666666,2.0997666666666666,4.0194
2026-05-28 07:10:00+00:00,0.0,0.0,0.0
2026-05-28 07:20:00+00:00,0.0,0.0,0.0
2026-05-28 07:30:00+00:00,20.7291,0.0,20.7291
2026-05-28 07:40:00+00:00,0.0,0.0,0.0
2026-05-28 07:50:00+00:00,0.0,0.0,0.0
2026-05-28 08:00:00+00:00,3.1231333333333335,0.0,3.1231333333333335
2026-05-28 08:10:00+00:00,0.0,0.0,0.0
2026-05-28 08:20:00+00:00,0.0,0.0,0.0
2026-05-28 08:30:00+00:00,6.5206333333333335,0.3601666666666667,6.160466666666667
2026-05-28 08:40:00+00:00,0.0,0.0,0.0
2026-05-28 08:50:00+00:00,0.0,0.0,0.0
2026-05-28 09:00:00+00:00,2.7315666666666667,0.2917,2.439866666666667
2026-05-28 09:10:00+00:00,0.0,0.0,0.0
2026-05-28 09:20:00+00:00,0.0,0.0,0.0
2026-05-28 09:30:00+00:00,25.063999666666664,0.0,25.063999666666664
2026-05-28 09:40:00+00:00,0.0,0.0,0.0
2026-05-28 09:50:00+00:00,0.0,0.0,0.0
2026-05-28 10:00:00+00:00,7.389766666666667,0.0,7.389766666666667
2026-05-28 10:10:00+00:00,0.0,0.0,0.0
2026-05-28 10:20:00+00:00,0.0,0.0,0.0
2026-05-28 10:30:00+00:00,3.9618333333333333,0.0,3.9618333333333333
2026-05-28 10:40:00+00:00,0.0,0.0,0.0
2026-05-28 10:50:00+00:00,0.0,0.0,0.0
2026-05-28 11:00:00+00:00,5.638299999999999,0.0,5.638299999999999
2026-05-28 11:10:00+00:00,0.0,0.0,0.0
2026-05-28 11:20:00+00:00,0.0,0.0,0.0
2026-05-28 11:30:00+00:00,0.6309333333333333,0.0,0.6309333333333333
2026-05-28 11:40:00+00:00,0.0,0.0,0.0
2026-05-28 11:50:00+00:00,0.0,0.0,0.0
2026-05-28 12:00:00+00:00,0.0,0.0,0.0
2026-05-28 12:10:00+00:00,0.0,0.0,0.0
2026-05-28 12:20:00+00:00,0.0,0.0,0.0
2026-05-28 12:30:00+00:00,0.4255999999999999,0.4255999999999999,0.0
2026-05-28 12:40:00+00:00,0.0,0.0,0.0
2026-05-28 12:50:00+00:00,0.0,0.0,0.0
2026-05-28 13:00:00+00:00,3.5023666666666666,3.5023666666666666,0.0
2026-05-28 13:10:00+00:00,0.0,0.0,0.0
2026-05-28 13:20:00+00:00,0.0,0.0,0.0
2026-05-28 13:30:00+00:00,0.0,0.0,0.0
2026-05-28 13:40:00+00:00,0.0,0.0,0.0
2026-05-28 13:50:00+00:00,0.0,0.0,0.0
2026-05-28 14:00:00+00:00,0.0,0.0,0.0
2026-05-28 14:10:00+00:00,0.0,0.0,0.0
2026-05-28 14:20:00+00:00,0.0,0.0,0.0
2026-05-28 14:30:00+00:00,0.0,0.0,0.0
2026-05-28 14:40:00+00:00,0.0,0.0,0.0
2026-05-28 14:50:00+00:00,0.0,0.0,0.0
2026-05-28 15:00:00+00:00,0.8643333333333333,0.8643333333333333,0.0
2026-05-28 15:10:00+00:00,0.0,0.0,0.0
2026-05-28 15:20:00+00:00,0.0,0.0,0.0
2026-05-28 15:30:00+00:00,0.0,0.0,0.0
2026-05-28 15:40:00+00:00,0.0,0.0,0.0
2026-05-28 15:50:00+00:00,0.0,0.0,0.0
2026-05-28 16:00:00+00:00,0.0,0.0,0.0
2026-05-28 16:10:00+00:00,0.0,0.0,0.0
2026-05-28 16:20:00+00:00,0.0,0.0,0.0
2026-05-28 16:30:00+00:00,0.0,0.0,0.0
2026-05-28 16:40:00+00:00,0.0,0.0,0.0
2026-05-28 16:50:00+00:00,0.0,0.0,0.0
2026-05-28 17:00:00+00:00,0.0,0.0,0.0
2026-05-28 17:10:00+00:00,0.0,0.0,0.0
2026-05-28 17:20:00+00:00,0.0,0.0,0.0
2026-05-28 17:30:00+00:00,0.0,0.0,0.0
2026-05-28 17:40:00+00:00,0.0,0.0,0.0
2026-05-28 17:50:00+00:00,0.0,0.0,0.0
2026-05-28 18:00:00+00:00,0.0,0.0,0.0
2026-05-28 18:10:00+00:00,0.0,0.0,0.0
2026-05-28 18:20:00+00:00,0.0,0.0,0.0
2026-05-28 18:30:00+00:00,0.0,0.0,0.0
2026-05-28 18:40:00+00:00,0.0,0.0,0.0
2026-05-28 18:50:00+00:00,0.0,0.0,0.0
2026-05-28 19:00:00+00:00,0.0,0.0,0.0
2026-05-28 19:10:00+00:00,0.0,0.0,0.0
2026-05-28 19:20:00+00:00,0.0,0.0,0.0
2026-05-28 19:30:00+00:00,0.0,0.0,0.0
2026-05-28 19:40:00+00:00,0.0,0.0,0.0
2026-05-28 19:50:00+00:00,0.0,0.0,0.0
2026-05-28 20:00:00+00:00,0.0,0.0,0.0
2026-05-28 20:10:00+00:00,0.0,0.0,0.0
2026-05-28 20:20:00+00:00,0.0,0.0,0.0
2026-05-28 20:30:00+00:00,0.0,0.0,0.0
2026-05-28 20:40:00+00:00,0.0,0.0,0.0
2026-05-28 20:50:00+00:00,0.0,0.0,0.0
2026-05-28 21:00:00+00:00,0.0,0.0,0.0
2026-05-28 21:10:00+00:00,0.0,0.0,0.0
2026-05-28 21:20:00+00:00,0.0,0.0,0.0
2026-05-28 21:30:00+00:00,0.0,0.0,0.0
2026-05-28 21:40:00+00:00,0.0,0.0,0.0
2026-05-28 21:50:00+00:00,0.0,0.0,0.0
2026-05-28 22:00:00+00:00,0.0,0.0,0.0
2026-05-28 22:10:00+00:00,0.0,0.0,0.0
2026-05-28 22:20:00+00:00,0.0,0.0,0.0
2026-05-28 22:30:00+00:00,0.0,0.0,0.0
2026-05-28 22:40:00+00:00,0.0,0.0,0.0
2026-05-28 22:50:00+00:00,0.0,0.0,0.0
2026-05-28 23:00:00+00:00,0.0,0.0,0.0
2026-05-28 23:10:00+00:00,0.0,0.0,0.0
2026-05-28 23:20:00+00:00,0.0,0.0,0.0
2026-05-28 23:30:00+00:00,0.0,0.0,0.0
2026-05-28 23:40:00+00:00,0.0,0.0,0.0
2026-05-28 23:50:00+00:00,0.0,0.0,0.0
2026-05-29 00:00:00+00:00,0.0,0.0,0.0
2026-05-29 00:10:00+00:00,0.0,0.0,0.0
2026-05-29 00:20:00+00:00,0.0,0.0,0.0
2026-05-29 00:30:00+00:00,0.0,0.0,0.0
2026-05-29 00:40:00+00:00,0.0,0.0,0.0
2026-05-29 00:50:00+00:00,0.0,0.0,0.0
2026-05-29 01:00:00+00:00,0.0,0.0,0.0
2026-05-29 01:10:00+00:00,0.0,0.0,0.0
2026-05-29 01:20:00+00:00,0.0,0.0,0.0
2026-05-29 01:30:00+00:00,0.0,0.0,0.0
2026-05-29 01:40:00+00:00,0.0,0.0,0.0
2026-05-29 01:50:00+00:00,0.0,0.0,0.0
2026-05-29 02:00:00+00:00,0.0,0.0,0.0
2026-05-29 02:10:00+00:00,0.0,0.0,0.0
2026-05-29 02:20:00+00:00,0.0,0.0,0.0
2026-05-29 02:30:00+00:00,0.0,0.0,0.0
2026-05-29 02:40:00+00:00,0.0,0.0,0.0
2026-05-29 02:50:00+00:00,0.0,0.0,0.0
2026-05-29 03:00:00+00:00,0.0,0.0,0.0
2026-05-29 03:10:00+00:00,0.0,0.0,0.0
2026-05-29 03:20:00+00:00,0.0,0.0,0.0
2026-05-29 03:30:00+00:00,0.0,0.0,0.0
2026-05-29 03:40:00+00:00,0.0,0.0,0.0
2026-05-29 03:50:00+00:00,0.0,0.0,0.0
2026-05-29 04:00:00+00:00,1.569,0.0,1.569
2026-05-29 04:10:00+00:00,0.0,0.0,0.0
2026-05-29 04:20:00+00:00,0.0,0.0,0.0
2026-05-29 04:30:00+00:00,67.58076666666668,6.422766666666667,61.158
2026-05-29 04:40:00+00:00,0.0,0.0,0.0
2026-05-29 04:50:00+00:00,0.0,0.0,0.0
2026-05-29 05:00:00+00:00,58.15943333333333,0.0,58.15943333333333
2026-05-29 05:10:00+00:00,0.0,0.0,0.0
2026-05-29 05:20:00+00:00,0.0,0.0,0.0
2026-05-29 05:30:00+00:00,57.31106666666667,3.6794000000000002,53.63166666666667
2026-05-29 05:40:00+00:00,0.0,0.0,0.0
2026-05-29 05:50:00+00:00,0.0,0.0,0.0
2026-05-29 06:00:00+00:00,159.7533,43.99743333333333,115.75586666666666
2026-05-29 06:10:00+00:00,0.0,0.0,0.0
2026-05-29 06:20:00+00:00,0.0,0.0,0.0
2026-05-29 06:30:00+00:00,281.3094,5.6231,275.6863
2026-05-29 06:40:00+00:00,0.0,0.0,0.0
2026-05-29 06:50:00+00:00,0.0,0.0,0.0
2026-05-29 07:00:00+00:00,266.7514,2.3131333333333335,264.43826666666666
2026-05-29 07:10:00+00:00,0.0,0.0,0.0
2026-05-29 07:20:00+00:00,0.0,0.0,0.0
2026-05-29 07:30:00+00:00,263.61173333333335,7.628566666666667,255.98316666666662
2026-05-29 07:40:00+00:00,0.0,0.0,0.0
2026-05-29 07:50:00+00:00,0.0,0.0,0.0
2026-05-29 08:00:00+00:00,302.0465333333333,8.468066666666667,293.57846666666666
2026-05-29 08:10:00+00:00,0.0,0.0,0.0
2026-05-29 08:20:00+00:00,0.0,0.0,0.0
2026-05-29 08:30:00+00:00,256.70633333333336,0.0,256.70633333333336
2026-05-29 08:40:00+00:00,0.0,0.0,0.0
2026-05-29 08:50:00+00:00,0.0,0.0,0.0
2026-05-29 09:00:00+00:00,103.11946666666667,0.17193333333333333,102.94753333333333
2026-05-29 09:10:00+00:00,0.0,0.0,0.0
2026-05-29 09:20:00+00:00,0.0,0.0,0.0
2026-05-29 09:30:00+00:00,15.243233333333334,0.0,15.243233333333334
2026-05-29 09:40:00+00:00,0.0,0.0,0.0
2026-05-29 09:50:00+00:00,0.0,0.0,0.0
2026-05-29 10:00:00+00:00,64.82616666666667,0.0,64.82616666666667
2026-05-29 10:10:00+00:00,0.0,0.0,0.0
2026-05-29 10:20:00+00:00,0.0,0.0,0.0
2026-05-29 10:30:00+00:00,139.114433,0.0,139.114433
2026-05-29 10:40:00+00:00,0.0,0.0,0.0
2026-05-29 10:50:00+00:00,0.0,0.0,0.0
2026-05-29 11:00:00+00:00,46.163666666666664,0.0,46.163666666666664
2026-05-29 11:10:00+00:00,0.0,0.0,0.0
2026-05-29 11:20:00+00:00,0.0,0.0,0.0
2026-05-29 11:30:00+00:00,78.1542,5.217066666666667,72.93713333333332
2026-05-29 11:40:00+00:00,0.0,0.0,0.0
2026-05-29 11:50:00+00:00,0.0,0.0,0.0
2026-05-29 12:00:00+00:00,0.1373333333333333,0.1373333333333333,0.0
2026-05-29 12:10:00+00:00,0.0,0.0,0.0
2026-05-29 12:20:00+00:00,0.0,0.0,0.0
2026-05-29 12:30:00+00:00,0.0,0.0,0.0
2026-05-29 12:40:00+00:00,0.0,0.0,0.0
2026-05-29 12:50:00+00:00,0.0,0.0,0.0
2026-05-29 13:00:00+00:00,0.0,0.0,0.0
2026-05-29 13:10:00+00:00,0.0,0.0,0.0
2026-05-29 13:20:00+00:00,0.0,0.0,0.0
2026-05-29 13:30:00+00:00,0.0,0.0,0.0
2026-05-29 13:40:00+00:00,0.0,0.0,0.0
2026-05-29 13:50:00+00:00,0.0,0.0,0.0
2026-05-29 14:00:00+00:00,0.0,0.0,0.0
2026-05-29 14:10:00+00:00,0.0,0.0,0.0
2026-05-29 14:20:00+00:00,0.0,0.0,0.0
2026-05-29 14:30:00+00:00,0.0,0.0,0.0
2026-05-29 14:40:00+00:00,0.0,0.0,0.0
2026-05-29 14:50:00+00:00,0.0,0.0,0.0
2026-05-29 15:00:00+00:00,0.0,0.0,0.0
2026-05-29 15:10:00+00:00,0.0,0.0,0.0
2026-05-29 15:20:00+00:00,0.0,0.0,0.0
2026-05-29 15:30:00+00:00,0.0,0.0,0.0
2026-05-29 15:40:00+00:00,0.0,0.0,0.0
2026-05-29 15:50:00+00:00,0.0,0.0,0.0
2026-05-29 16:00:00+00:00,0.0,0.0,0.0
2026-05-29 16:10:00+00:00,0.0,0.0,0.0
2026-05-29 16:20:00+00:00,0.0,0.0,0.0
2026-05-29 16:30:00+00:00,0.0,0.0,0.0
2026-05-29 16:40:00+00:00,0.0,0.0,0.0
2026-05-29 16:50:00+00:00,0.0,0.0,0.0
2026-05-29 17:00:00+00:00,0.0,0.0,0.0
2026-05-29 17:10:00+00:00,0.0,0.0,0.0
2026-05-29 17:20:00+00:00,0.0,0.0,0.0
2026-05-29 17:30:00+00:00,0.0,0.0,0.0
2026-05-29 17:40:00+00:00,0.0,0.0,0.0
2026-05-29 17:50:00+00:00,0.0,0.0,0.0
2026-05-29 18:00:00+00:00,0.0,0.0,0.0
2026-05-29 18:10:00+00:00,0.0,0.0,0.0
2026-05-29 18:20:00+00:00,0.0,0.0,0.0
2026-05-29 18:30:00+00:00,0.0,0.0,0.0
2026-05-29 18:40:00+00:00,0.0,0.0,0.0
2026-05-29 18:50:00+00:00,0.0,0.0,0.0
2026-05-29 19:00:00+00:00,0.0,0.0,0.0
2026-05-29 19:10:00+00:00,0.0,0.0,0.0
2026-05-29 19:20:00+00:00,0.0,0.0,0.0
2026-05-29 19:30:00+00:00,0.0,0.0,0.0
2026-05-29 19:40:00+00:00,0.0,0.0,0.0
2026-05-29 19:50:00+00:00,0.0,0.0,0.0
2026-05-29 20:00:00+00:00,0.0,0.0,0.0
2026-05-29 20:10:00+00:00,0.0,0.0,0.0
2026-05-29 20:20:00+00:00,0.0,0.0,0.0
2026-05-29 20:30:00+00:00,0.0,0.0,0.0
2026-05-29 20:40:00+00:00,0.0,0.0,0.0
2026-05-29 20:50:00+00:00,0.0,0.0,0.0
2026-05-29 21:00:00+00:00,0.0,0.0,0.0
2026-05-29 21:10:00+00:00,0.0,0.0,0.0
2026-05-29 21:20:00+00:00,0.0,0.0,0.0
2026-05-29 21:30:00+00:00,0.0,0.0,0.0
2026-05-29 21:40:00+00:00,0.0,0.0,0.0
2026-05-29 21:50:00+00:00,0.0,0.0,0.0
2026-05-29 22:00:00+00:00,0.0,0.0,0.0
2026-05-29 22:10:00+00:00,0.0,0.0,0.0
2026-05-29 22:20:00+00:00,0.0,0.0,0.0
2026-05-29 22:30:00+00:00,0.0,0.0,0.0
2026-05-29 22:40:00+00:00,0.0,0.0,0.0
2026-05-29 22:50:00+00:00,0.0,0.0,0.0
2026-05-29 23:00:00+00:00,0.0,0.0,0.0
2026-05-29 23:10:00+00:00,0.0,0.0,0.0
2026-05-29 23:20:00+00:00,0.0,0.0,0.0
2026-05-29 23:30:00+00:00,0.0,0.0,0.0
2026-05-29 23:40:00+00:00,0.0,0.0,0.0
2026-05-29 23:50:00+00:00,0.0,0.0,0.0
2026-05-30 00:00:00+00:00,0.0,0.0,0.0
2026-05-30 00:10:00+00:00,0.0,0.0,0.0
2026-05-30 00:20:00+00:00,0.0,0.0,0.0
2026-05-30 00:30:00+00:00,0.0,0.0,0.0
2026-05-30 00:40:00+00:00,0.0,0.0,0.0
2026-05-30 00:50:00+00:00,0.0,0.0,0.0
2026-05-30 01:00:00+00:00,0.0,0.0,0.0
2026-05-30 01:10:00+00:00,0.0,0.0,0.0
2026-05-30 01:20:00+00:00,0.0,0.0,0.0
2026-05-30 01:30:00+00:00,0.0,0.0,0.0
2026-05-30 01:40:00+00:00,0.0,0.0,0.0
2026-05-30 01:50:00+00:00,0.0,0.0,0.0
2026-05-30 02:00:00+00:00,0.0,0.0,0.0
2026-05-30 02:10:00+00:00,0.0,0.0,0.0
2026-05-30 02:20:00+00:00,0.0,0.0,0.0
2026-05-30 02:30:00+00:00,0.0,0.0,0.0
2026-05-30 02:40:00+00:00,0.0,0.0,0.0
2026-05-30 02:50:00+00:00,0.0,0.0,0.0
2026-05-30 03:00:00+00:00,0.0,0.0,0.0
2026-05-30 03:10:00+00:00,0.0,0.0,0.0
2026-05-30 03:20:00+00:00,0.0,0.0,0.0
2026-05-30 03:30:00+00:00,0.0,0.0,0.0
2026-05-30 03:40:00+00:00,0.0,0.0,0.0
2026-05-30 03:50:00+00:00,0.0,0.0,0.0
2026-05-30 04:00:00+00:00,1.0211,0.0,1.0211
2026-05-30 04:10:00+00:00,0.0,0.0,0.0
2026-05-30 04:20:00+00:00,0.0,0.0,0.0
2026-05-30 04:30:00+00:00,3.8033000000000006,0.0,3.8033000000000006
2026-05-30 04:40:00+00:00,0.0,0.0,0.0
2026-05-30 04:50:00+00:00,0.0,0.0,0.0
2026-05-30 05:00:00+00:00,1.0327666666666668,0.0,1.0327666666666668
2026-05-30 05:10:00+00:00,0.0,0.0,0.0
2026-05-30 05:20:00+00:00,0.0,0.0,0.0
2026-05-30 05:30:00+00:00,4.937966333333333,0.0,4.937966333333333
2026-05-30 05:40:00+00:00,0.0,0.0,0.0
2026-05-30 05:50:00+00:00,0.0,0.0,0.0
2026-05-30 06:00:00+00:00,94.27513333333334,0.0,94.27513333333334
2026-05-30 06:10:00+00:00,0.0,0.0,0.0
2026-05-30 06:20:00+00:00,0.0,0.0,0.0
2026-05-30 06:30:00+00:00,42.00363333333333,0.0,42.00363333333333
2026-05-30 06:40:00+00:00,0.0,0.0,0.0
2026-05-30 06:50:00+00:00,0.0,0.0,0.0
2026-05-30 07:00:00+00:00,36.049399666666666,0.0,36.049399666666666
2026-05-30 07:10:00+00:00,0.0,0.0,0.0
2026-05-30 07:20:00+00:00,0.0,0.0,0.0
2026-05-30 07:30:00+00:00,87.4502,0.0,87.4502
2026-05-30 07:40:00+00:00,0.0,0.0,0.0
2026-05-30 07:50:00+00:00,0.0,0.0,0.0
2026-05-30 08:00:00+00:00,139.58343333333332,0.0,139.58343333333332
2026-05-30 08:10:00+00:00,0.0,0.0,0.0
2026-05-30 08:20:00+00:00,0.0,0.0,0.0
2026-05-30 08:30:00+00:00,128.19679933333333,0.0,128.19679933333333
2026-05-30 08:40:00+00:00,0.0,0.0,0.0
2026-05-30 08:50:00+00:00,0.0,0.0,0.0
2026-05-30 09:00:00+00:00,91.82136633333332,25.0284,66.79296633333333
2026-05-30 09:10:00+00:00,0.0,0.0,0.0
2026-05-30 09:20:00+00:00,0.0,0.0,0.0
2026-05-30 09:30:00+00:00,73.43196666666665,0.0,73.43196666666665
2026-05-30 09:40:00+00:00,0.0,0.0,0.0
2026-05-30 09:50:00+00:00,0.0,0.0,0.0
2026-05-30 10:00:00+00:00,69.73466666666667,0.0,69.73466666666667
2026-05-30 10:10:00+00:00,0.0,0.0,0.0
2026-05-30 10:20:00+00:00,0.0,0.0,0.0
2026-05-30 10:30:00+00:00,37.39533333333333,0.0,37.39533333333333
2026-05-30 10:40:00+00:00,0.0,0.0,0.0
2026-05-30 10:50:00+00:00,0.0,0.0,0.0
2026-05-30 11:00:00+00:00,42.81433299999999,0.0,42.81433299999999
2026-05-30 11:10:00+00:00,0.0,0.0,0.0
2026-05-30 11:20:00+00:00,0.0,0.0,0.0
2026-05-30 11:30:00+00:00,12.209533333333333,0.0,12.209533333333333
2026-05-30 11:40:00+00:00,0.0,0.0,0.0
2026-05-30 11:50:00+00:00,0.0,0.0,0.0
2026-05-30 12:00:00+00:00,0.0,0.0,0.0
2026-05-30 12:10:00+00:00,0.0,0.0,0.0
2026-05-30 12:20:00+00:00,0.0,0.0,0.0
2026-05-30 12:30:00+00:00,0.0,0.0,0.0
2026-05-30 12:40:00+00:00,0.0,0.0,0.0
2026-05-30 12:50:00+00:00,0.0,0.0,0.0
2026-05-30 13:00:00+00:00,0.0,0.0,0.0
2026-05-30 13:10:00+00:00,0.0,0.0,0.0
2026-05-30 13:20:00+00:00,0.0,0.0,0.0
2026-05-30 13:30:00+00:00,0.0,0.0,0.0
2026-05-30 13:40:00+00:00,0.0,0.0,0.0
2026-05-30 13:50:00+00:00,0.0,0.0,0.0
2026-05-30 14:00:00+00:00,0.0,0.0,0.0
2026-05-30 14:10:00+00:00,0.0,0.0,0.0
2026-05-30 14:20:00+00:00,0.0,0.0,0.0
2026-05-30 14:30:00+00:00,0.0,0.0,0.0
2026-05-30 14:40:00+00:00,0.0,0.0,0.0
2026-05-30 14:50:00+00:00,0.0,0.0,0.0
2026-05-30 15:00:00+00:00,26.11906633333333,24.182333,1.9367333333333334
2026-05-30 15:10:00+00:00,0.0,0.0,0.0
2026-05-30 15:20:00+00:00,0.0,0.0,0.0
2026-05-30 15:30:00+00:00,0.0,0.0,0.0
2026-05-30 15:40:00+00:00,0.0,0.0,0.0
2026-05-30 15:50:00+00:00,0.0,0.0,0.0
2026-05-30 16:00:00+00:00,0.16703333333333334,0.16703333333333334,0.0
2026-05-30 16:10:00+00:00,0.0,0.0,0.0
2026-05-30 16:20:00+00:00,0.0,0.0,0.0
2026-05-30 16:30:00+00:00,0.0,0.0,0.0
2026-05-30 16:40:00+00:00,0.0,0.0,0.0
2026-05-30 16:50:00+00:00,0.0,0.0,0.0
2026-05-30 17:00:00+00:00,0.0,0.0,0.0
2026-05-30 17:10:00+00:00,0.0,0.0,0.0
2026-05-30 17:20:00+00:00,0.0,0.0,0.0
2026-05-30 17:30:00+00:00,0.0,0.0,0.0
2026-05-30 17:40:00+00:00,0.0,0.0,0.0
2026-05-30 17:50:00+00:00,0.0,0.0,0.0
2026-05-30 18:00:00+00:00,0.0,0.0,0.0
2026-05-30 18:10:00+00:00,0.0,0.0,0.0
2026-05-30 18:20:00+00:00,0.0,0.0,0.0
2026-05-30 18:30:00+00:00,0.0,0.0,0.0
2026-05-30 18:40:00+00:00,0.0,0.0,0.0
2026-05-30 18:50:00+00:00,0.0,0.0,0.0
2026-05-30 19:00:00+00:00,0.0,0.0,0.0
2026-05-30 19:10:00+00:00,0.0,0.0,0.0
2026-05-30 19:20:00+00:00,0.0,0.0,0.0
2026-05-30 19:30:00+00:00,0.0,0.0,0.0
2026-05-30 19:40:00+00:00,0.0,0.0,0.0
2026-05-30 19:50:00+00:00,0.0,0.0,0.0
2026-05-30 20:00:00+00:00,0.0,0.0,0.0
2026-05-30 20:10:00+00:00,0.0,0.0,0.0
2026-05-30 20:20:00+00:00,0.0,0.0,0.0
2026-05-30 20:30:00+00:00,0.0,0.0,0.0
2026-05-30 20:40:00+00:00,0.0,0.0,0.0
2026-05-30 20:50:00+00:00,0.0,0.0,0.0
2026-05-30 21:00:00+00:00,0.0,0.0,0.0
2026-05-30 21:10:00+00:00,0.0,0.0,0.0
2026-05-30 21:20:00+00:00,0.0,0.0,0.0
2026-05-30 21:30:00+00:00,0.0,0.0,0.0
2026-05-30 21:40:00+00:00,0.0,0.0,0.0
2026-05-30 21:50:00+00:00,0.0,0.0,0.0
2026-05-30 22:00:00+00:00,0.0,0.0,0.0
2026-05-30 22:10:00+00:00,0.0,0.0,0.0
2026-05-30 22:20:00+00:00,0.0,0.0,0.0
2026-05-30 22:30:00+00:00,0.0,0.0,0.0
2026-05-30 22:40:00+00:00,0.0,0.0,0.0
2026-05-30 22:50:00+00:00,0.0,0.0,0.0
2026-05-30 23:00:00+00:00,0.0,0.0,0.0
2026-05-30 23:10:00+00:00,0.0,0.0,0.0
2026-05-30 23:20:00+00:00,0.0,0.0,0.0
2026-05-30 23:30:00+00:00,0.0,0.0,0.0
2026-05-30 23:40:00+00:00,0.0,0.0,0.0
2026-05-30 23:50:00+00:00,0.0,0.0,0.0
2026-05-31 00:00:00+00:00,0.0,0.0,0.0
2026-05-31 00:10:00+00:00,0.0,0.0,0.0
2026-05-31 00:20:00+00:00,0.0,0.0,0.0
2026-05-31 00:30:00+00:00,0.0,0.0,0.0
2026-05-31 00:40:00+00:00,0.0,0.0,0.0
2026-05-31 00:50:00+00:00,0.0,0.0,0.0
2026-05-31 01:00:00+00:00,0.0,0.0,0.0
2026-05-31 01:10:00+00:00,0.0,0.0,0.0
2026-05-31 01:20:00+00:00,0.0,0.0,0.0
2026-05-31 01:30:00+00:00,0.0,0.0,0.0
2026-05-31 01:40:00+00:00,0.0,0.0,0.0
2026-05-31 01:50:00+00:00,0.0,0.0,0.0
2026-05-31 02:00:00+00:00,0.0,0.0,0.0
2026-05-31 02:10:00+00:00,0.0,0.0,0.0
2026-05-31 02:20:00+00:00,0.0,0.0,0.0
2026-05-31 02:30:00+00:00,0.0,0.0,0.0
2026-05-31 02:40:00+00:00,0.0,0.0,0.0
2026-05-31 02:50:00+00:00,0.0,0.0,0.0
2026-05-31 03:00:00+00:00,0.0,0.0,0.0
2026-05-31 03:10:00+00:00,0.0,0.0,0.0
2026-05-31 03:20:00+00:00,0.0,0.0,0.0
2026-05-31 03:30:00+00:00,0.0,0.0,0.0
2026-05-31 03:40:00+00:00,0.0,0.0,0.0
2026-05-31 03:50:00+00:00,0.0,0.0,0.0
2026-05-31 04:00:00+00:00,0.0,0.0,0.0
2026-05-31 04:10:00+00:00,0.0,0.0,0.0
2026-05-31 04:20:00+00:00,0.0,0.0,0.0
2026-05-31 04:30:00+00:00,20.419333333333334,3.295666666666667,17.12366666666667
2026-05-31 04:40:00+00:00,0.0,0.0,0.0
2026-05-31 04:50:00+00:00,0.0,0.0,0.0
2026-05-31 05:00:00+00:00,14.988799666666667,3.214466666666667,11.774333
2026-05-31 05:10:00+00:00,0.0,0.0,0.0
2026-05-31 05:20:00+00:00,0.0,0.0,0.0
2026-05-31 05:30:00+00:00,49.82866633333333,0.0,49.82866633333333
2026-05-31 05:40:00+00:00,0.0,0.0,0.0
2026-05-31 05:50:00+00:00,0.0,0.0,0.0
2026-05-31 06:00:00+00:00,75.43636599999999,0.0,75.43636599999999
2026-05-31 06:10:00+00:00,0.0,0.0,0.0
2026-05-31 06:20:00+00:00,0.0,0.0,0.0
2026-05-31 06:30:00+00:00,77.80473333333333,0.0,77.80473333333333
2026-05-31 06:40:00+00:00,0.0,0.0,0.0
2026-05-31 06:50:00+00:00,0.0,0.0,0.0
2026-05-31 07:00:00+00:00,86.01856666666666,0.0,86.01856666666666
2026-05-31 07:10:00+00:00,0.0,0.0,0.0
2026-05-31 07:20:00+00:00,0.0,0.0,0.0
2026-05-31 07:30:00+00:00,120.98996666666666,0.0,120.98996666666666
2026-05-31 07:40:00+00:00,0.0,0.0,0.0
2026-05-31 07:50:00+00:00,0.0,0.0,0.0
2026-05-31 08:00:00+00:00,110.74623333333334,0.0,110.74623333333334
2026-05-31 08:10:00+00:00,0.0,0.0,0.0
2026-05-31 08:20:00+00:00,0.0,0.0,0.0
2026-05-31 08:30:00+00:00,66.064133,0.0,66.064133
2026-05-31 08:40:00+00:00,0.0,0.0,0.0
2026-05-31 08:50:00+00:00,0.0,0.0,0.0
2026-05-31 09:00:00+00:00,82.24249966666667,0.0,82.24249966666667
2026-05-31 09:10:00+00:00,0.0,0.0,0.0
2026-05-31 09:20:00+00:00,0.0,0.0,0.0
2026-05-31 09:30:00+00:00,107.08419933333333,0.0,107.08419933333333
2026-05-31 09:40:00+00:00,0.0,0.0,0.0
2026-05-31 09:50:00+00:00,0.0,0.0,0.0
2026-05-31 10:00:00+00:00,65.57769966666666,0.0,65.57769966666666
2026-05-31 10:10:00+00:00,0.0,0.0,0.0
2026-05-31 10:20:00+00:00,0.0,0.0,0.0
2026-05-31 10:30:00+00:00,101.489133,0.0,101.489133
2026-05-31 10:40:00+00:00,0.0,0.0,0.0
2026-05-31 10:50:00+00:00,0.0,0.0,0.0
2026-05-31 11:00:00+00:00,55.09366633333334,0.0,55.09366633333334
2026-05-31 11:10:00+00:00,0.0,0.0,0.0
2026-05-31 11:20:00+00:00,0.0,0.0,0.0
2026-05-31 11:30:00+00:00,0.0,0.0,0.0
2026-05-31 11:40:00+00:00,0.0,0.0,0.0
2026-05-31 11:50:00+00:00,0.0,0.0,0.0
2026-05-31 12:00:00+00:00,0.0,0.0,0.0
2026-05-31 12:10:00+00:00,0.0,0.0,0.0
2026-05-31 12:20:00+00:00,0.0,0.0,0.0
2026-05-31 12:30:00+00:00,0.0,0.0,0.0
2026-05-31 12:40:00+00:00,0.0,0.0,0.0
2026-05-31 12:50:00+00:00,0.0,0.0,0.0
2026-05-31 13:00:00+00:00,0.0,0.0,0.0
2026-05-31 13:10:00+00:00,0.0,0.0,0.0
2026-05-31 13:20:00+00:00,0.0,0.0,0.0
2026-05-31 13:30:00+00:00,0.0,0.0,0.0
2026-05-31 13:40:00+00:00,0.0,0.0,0.0
2026-05-31 13:50:00+00:00,0.0,0.0,0.0
2026-05-31 14:00:00+00:00,0.0,0.0,0.0
2026-05-31 14:10:00+00:00,0.0,0.0,0.0
2026-05-31 14:20:00+00:00,0.0,0.0,0.0
2026-05-31 14:30:00+00:00,0.0,0.0,0.0
2026-05-31 14:40:00+00:00,0.0,0.0,0.0
2026-05-31 14:50:00+00:00,0.0,0.0,0.0
2026-05-31 15:00:00+00:00,0.0,0.0,0.0
2026-05-31 15:10:00+00:00,0.0,0.0,0.0
2026-05-31 15:20:00+00:00,0.0,0.0,0.0
2026-05-31 15:30:00+00:00,0.0,0.0,0.0
2026-05-31 15:40:00+00:00,0.0,0.0,0.0
2026-05-31 15:50:00+00:00,0.0,0.0,0.0
2026-05-31 16:00:00+00:00,0.0,0.0,0.0
2026-05-31 16:10:00+00:00,0.0,0.0,0.0
2026-05-31 16:20:00+00:00,0.0,0.0,0.0
2026-05-31 16:30:00+00:00,0.0,0.0,0.0
2026-05-31 16:40:00+00:00,0.0,0.0,0.0
2026-05-31 16:50:00+00:00,0.0,0.0,0.0
2026-05-31 17:00:00+00:00,0.0,0.0,0.0
2026-05-31 17:10:00+00:00,0.0,0.0,0.0
2026-05-31 17:20:00+00:00,0.0,0.0,0.0
2026-05-31 17:30:00+00:00,0.0,0.0,0.0
2026-05-31 17:40:00+00:00,0.0,0.0,0.0
2026-05-31 17:50:00+00:00,0.0,0.0,0.0
2026-05-31 18:00:00+00:00,0.0,0.0,0.0
2026-05-31 18:10:00+00:00,0.0,0.0,0.0
2026-05-31 18:20:00+00:00,0.0,0.0,0.0
2026-05-31 18:30:00+00:00,0.0,0.0,0.0
2026-05-31 18:40:00+00:00,0.0,0.0,0.0
2026-05-31 18:50:00+00:00,0.0,0.0,0.0
2026-05-31 19:00:00+00:00,0.16949999999999998,0.16949999999999998,0.0
2026-05-31 19:10:00+00:00,0.0,0.0,0.0
2026-05-31 19:20:00+00:00,0.0,0.0,0.0
2026-05-31 19:30:00+00:00,0.0,0.0,0.0
2026-05-31 19:40:00+00:00,0.0,0.0,0.0
2026-05-31 19:50:00+00:00,0.0,0.0,0.0
2026-05-31 20:00:00+00:00,0.0,0.0,0.0
2026-05-31 20:10:00+00:00,0.0,0.0,0.0
2026-05-31 20:20:00+00:00,0.0,0.0,0.0
2026-05-31 20:30:00+00:00,0.0,0.0,0.0
2026-05-31 20:40:00+00:00,0.0,0.0,0.0
2026-05-31 20:50:00+00:00,0.0,0.0,0.0
2026-05-31 21:00:00+00:00,0.0,0.0,0.0
2026-05-31 21:10:00+00:00,0.0,0.0,0.0
2026-05-31 21:20:00+00:00,0.0,0.0,0.0
2026-05-31 21:30:00+00:00,0.0,0.0,0.0
2026-05-31 21:40:00+00:00,0.0,0.0,0.0
2026-05-31 21:50:00+00:00,0.0,0.0,0.0
2026-05-31 22:00:00+00:00,0.0,0.0,0.0
2026-05-31 22:10:00+00:00,0.0,0.0,0.0
2026-05-31 22:20:00+00:00,0.0,0.0,0.0
2026-05-31 22:30:00+00:00,0.0,0.0,0.0
2026-05-31 22:40:00+00:00,0.0,0.0,0.0
2026-05-31 22:50:00+00:00,0.0,0.0,0.0
2026-05-31 23:00:00+00:00,0.0,0.0,0.0
2026-05-31 23:10:00+00:00,0.0,0.0,0.0
2026-05-31 23:20:00+00:00,0.0,0.0,0.0
2026-05-31 23:30:00+00:00,0.0,0.0,0.0
2026-05-31 23:40:00+00:00,0.0,0.0,0.0
2026-05-31 23:50:00+00:00,0.0,0.0,0.0
2026-06-01 00:00:00+00:00,0.0,0.0,0.0
2026-06-01 00:10:00+00:00,0.0,0.0,0.0
2026-06-01 00:20:00+00:00,0.0,0.0,0.0
2026-06-01 00:30:00+00:00,0.0,0.0,0.0
2026-06-01 00:40:00+00:00,0.0,0.0,0.0
2026-06-01 00:50:00+00:00,0.0,0.0,0.0
2026-06-01 01:00:00+00:00,0.0,0.0,0.0
2026-06-01 01:10:00+00:00,0.0,0.0,0.0
2026-06-01 01:20:00+00:00,0.0,0.0,0.0
2026-06-01 01:30:00+00:00,0.0,0.0,0.0
2026-06-01 01:40:00+00:00,0.0,0.0,0.0
2026-06-01 01:50:00+00:00,0.0,0.0,0.0
2026-06-01 02:00:00+00:00,0.0,0.0,0.0
2026-06-01 02:10:00+00:00,0.0,0.0,0.0
2026-06-01 02:20:00+00:00,0.0,0.0,0.0
2026-06-01 02:30:00+00:00,0.0,0.0,0.0
2026-06-01 02:40:00+00:00,0.0,0.0,0.0
2026-06-01 02:50:00+00:00,0.0,0.0,0.0
2026-06-01 03:00:00+00:00,0.0,0.0,0.0
2026-06-01 03:10:00+00:00,0.0,0.0,0.0
2026-06-01 03:20:00+00:00,0.0,0.0,0.0
2026-06-01 03:30:00+00:00,0.0,0.0,0.0
2026-06-01 03:40:00+00:00,0.0,0.0,0.0
2026-06-01 03:50:00+00:00,0.0,0.0,0.0
2026-06-01 04:00:00+00:00,0.0,0.0,0.0
2026-06-01 04:10:00+00:00,0.0,0.0,0.0
2026-06-01 04:20:00+00:00,0.0,0.0,0.0
2026-06-01 04:30:00+00:00,3.9639,2.1554,1.8084999999999998
2026-06-01 04:40:00+00:00,0.0,0.0,0.0
2026-06-01 04:50:00+00:00,0.0,0.0,0.0
2026-06-01 05:00:00+00:00,10.941300000000002,4.097266666666666,6.844033333333334
2026-06-01 05:10:00+00:00,0.0,0.0,0.0
2026-06-01 05:20:00+00:00,0.0,0.0,0.0
2026-06-01 05:30:00+00:00,22.007099999999998,0.0,22.007099999999998
2026-06-01 05:40:00+00:00,0.0,0.0,0.0
2026-06-01 05:50:00+00:00,0.0,0.0,0.0
2026-06-01 06:00:00+00:00,7.068066666666667,0.0,7.068066666666667
2026-06-01 06:10:00+00:00,0.0,0.0,0.0
2026-06-01 06:20:00+00:00,0.0,0.0,0.0
2026-06-01 06:30:00+00:00,26.530699666666667,0.0,26.530699666666667
2026-06-01 06:40:00+00:00,0.0,0.0,0.0
2026-06-01 06:50:00+00:00,0.0,0.0,0.0
2026-06-01 07:00:00+00:00,47.644666666666666,0.0,47.644666666666666
2026-06-01 07:10:00+00:00,0.0,0.0,0.0
2026-06-01 07:20:00+00:00,0.0,0.0,0.0
2026-06-01 07:30:00+00:00,49.7398,0.0,49.7398
2026-06-01 07:40:00+00:00,0.0,0.0,0.0
2026-06-01 07:50:00+00:00,0.0,0.0,0.0
2026-06-01 08:00:00+00:00,101.91430000000001,0.0,101.91430000000001
2026-06-01 08:10:00+00:00,0.0,0.0,0.0
2026-06-01 08:20:00+00:00,0.0,0.0,0.0
2026-06-01 08:30:00+00:00,157.408666,0.0,157.408666
2026-06-01 08:40:00+00:00,0.0,0.0,0.0
2026-06-01 08:50:00+00:00,0.0,0.0,0.0
2026-06-01 09:00:00+00:00,180.79296633333334,0.0,180.79296633333334
2026-06-01 09:10:00+00:00,0.0,0.0,0.0
2026-06-01 09:20:00+00:00,0.0,0.0,0.0
2026-06-01 09:30:00+00:00,196.63326666666669,0.0,196.63326666666669
2026-06-01 09:40:00+00:00,0.0,0.0,0.0
2026-06-01 09:50:00+00:00,0.0,0.0,0.0
2026-06-01 10:00:00+00:00,212.71739966666667,0.0,212.71739966666667
2026-06-01 10:10:00+00:00,0.0,0.0,0.0
2026-06-01 10:20:00+00:00,0.0,0.0,0.0
2026-06-01 10:30:00+00:00,153.475233,0.0,153.475233
2026-06-01 10:40:00+00:00,0.0,0.0,0.0
2026-06-01 10:50:00+00:00,0.0,0.0,0.0
2026-06-01 11:00:00+00:00,35.69936666666666,0.0,35.69936666666666
2026-06-01 11:10:00+00:00,0.0,0.0,0.0
2026-06-01 11:20:00+00:00,0.0,0.0,0.0
2026-06-01 11:30:00+00:00,0.0,0.0,0.0
2026-06-01 11:40:00+00:00,0.0,0.0,0.0
2026-06-01 11:50:00+00:00,0.0,0.0,0.0
2026-06-01 12:00:00+00:00,0.0,0.0,0.0
2026-06-01 12:10:00+00:00,0.0,0.0,0.0
2026-06-01 12:20:00+00:00,0.0,0.0,0.0
2026-06-01 12:30:00+00:00,0.0,0.0,0.0
2026-06-01 12:40:00+00:00,0.0,0.0,0.0
2026-06-01 12:50:00+00:00,0.0,0.0,0.0
2026-06-01 13:00:00+00:00,0.0,0.0,0.0
2026-06-01 13:10:00+00:00,0.0,0.0,0.0
2026-06-01 13:20:00+00:00,0.0,0.0,0.0
2026-06-01 13:30:00+00:00,0.0,0.0,0.0
2026-06-01 13:40:00+00:00,0.0,0.0,0.0
2026-06-01 13:50:00+00:00,0.0,0.0,0.0
2026-06-01 14:00:00+00:00,0.0,0.0,0.0
2026-06-01 14:10:00+00:00,0.0,0.0,0.0
2026-06-01 14:20:00+00:00,0.0,0.0,0.0
2026-06-01 14:30:00+00:00,0.0,0.0,0.0
2026-06-01 14:40:00+00:00,0.0,0.0,0.0
2026-06-01 14:50:00+00:00,0.0,0.0,0.0
2026-06-01 15:00:00+00:00,0.0,0.0,0.0
2026-06-01 15:10:00+00:00,0.0,0.0,0.0
2026-06-01 15:20:00+00:00,0.0,0.0,0.0
2026-06-01 15:30:00+00:00,0.0,0.0,0.0
2026-06-01 15:40:00+00:00,0.0,0.0,0.0
2026-06-01 15:50:00+00:00,0.0,0.0,0.0
2026-06-01 16:00:00+00:00,0.0,0.0,0.0
2026-06-01 16:10:00+00:00,0.0,0.0,0.0
2026-06-01 16:20:00+00:00,0.0,0.0,0.0
2026-06-01 16:30:00+00:00,0.0,0.0,0.0
2026-06-01 16:40:00+00:00,0.0,0.0,0.0
2026-06-01 16:50:00+00:00,0.0,0.0,0.0
2026-06-01 17:00:00+00:00,0.0,0.0,0.0
2026-06-01 17:10:00+00:00,0.0,0.0,0.0
2026-06-01 17:20:00+00:00,0.0,0.0,0.0
2026-06-01 17:30:00+00:00,0.0,0.0,0.0
2026-06-01 17:40:00+00:00,0.0,0.0,0.0
2026-06-01 17:50:00+00:00,0.0,0.0,0.0
2026-06-01 18:00:00+00:00,0.0,0.0,0.0
2026-06-01 18:10:00+00:00,0.0,0.0,0.0
2026-06-01 18:20:00+00:00,,,
