Time (UTC),10/11/24,10/12/24,10/13/24,10/14/24,10/15/24,10/16/24,10/17/24,10/18/24
00:00,,1.0,1.0,1.0,1.0,1.0,1.0,1.0
00:30,,1.0,2.666666666666667,2.6666666666666665,1.0,1.0,1.0,1.0
01:00,,1.0,1.0,1.0,1.0,1.0,1.0,1.0
01:30,,1.0,1.0,8.333333333333334,136.33333333333334,84.66666666666667,1.0,8.666666666666666
02:00,,298.33333333333337,1028.0,5398.0,1776.0,1.0,1.0,132.66666666666666
02:30,,2.6666666666666665,650.0,2916.0,2.6666666666666665,1.0,1.0,74.33333333333333
03:00,,1.0,94.66666666666667,722.0,1.0,1.0,1.0,1.0
03:30,,1.0,84.33333333333333,432.0,1.0,1.0,1.0,1.0
04:00,,1.0,40.66666666666667,60.333333333333336,1.0,1.0,1.0,1.0
04:30,,1.0,22.666666666666664,1.0,1.0,1.0,1.0,1.0
05:00,,1.0,2.6666666666666665,1.0,66.66666666666667,1.0,1.0,1.0
05:30,,1.0,1.0,2.666666666666667,2.6666666666666665,1.0,1.0,1.0
06:00,,1.0,1.0,1.0,1.0,1.0,1.0,1.0
06:30,,1.0,12.666666666666666,1.0,1.0,1.0,1.0,1.0
07:00,,1.0,1.0,1.0,1.0,1.0,1.0,1.0
07:30,,142.33333333333334,1.0,1.0,1.0,1.0,1.0,1.0
08:00,,1.0,1.0,1.0,1.0,1.0,1.0,1.0
08:30,,1.0,216.33333333333334,1.0,1.0,1.0,1.0,1.0
09:00,,68.66666666666667,112.66666666666667,1.0,1.0,1.0,1.0,1.0
09:30,,76.66666666666666,1.0,1.0,1.0,1.0,1.0,1.0
10:00,,1.0,1.0,6.666666666666666,1.0,1.0,1.0,1.0
10:30,,28.666666666666668,58.333333333333336,1.0,1.0,1.0,1.0,1.0
11:00,,1.0,1.0,1.0,1.0,1.0,1.0,1.0
11:30,,2.666666666666667,1.0,102.66666666666666,1.0,1.0,1.0,1.0
12:00,,1.0,1.0,1.0,1.0,1.0,1.0,1.0
12:30,,1.0,2.6666666666666665,1.0,1.0,1.0,1.0,1.0
13:00,,1.0,1.0,1.0,1.0,1.0,1.0,1.0
13:30,,1.0,1.0,1.0,1.0,1.0,1.0,1.0
14:00,,1.0,1.0,1.0,1.0,1.0,1.0,1.0
14:30,,1.0,2.6666666666666665,1.0,1.0,1.0,1.0,1.0
15:00,,1.0,1.0,1.0,1.0,1.0,1.0,1.0
15:30,,1.0,1.0,1.0,1.0,1.0,1.0,1.0
16:00,,1.0,1.0,1.0,1.0,1.0,1.0,1.0
16:30,,1.0,1.0,1.0,1.0,1.0,1.0,1.0
17:00,,1.0,1.0,1.0,1.0,1.0,1.0,1.0
17:30,,1.0,2.6666666666666665,1.0,1.0,1.0,1.0,1.0
18:00,,1.0,1.0,1.0,1.0,1.0,1.0,1.0
18:30,,1.0,2.6666666666666665,1.0,1.0,1.0,1.0,1.0
19:00,,2.666666666666667,1.0,1.0,1.0,1.0,1.0,1.0
19:30,,1.0,1.0,2.6666666666666665,1.0,2.6666666666666665,1.0,1.0
20:00,,1.0,1.0,1.0,1.0,1.0,1.0,1.0
20:30,,1.0,4.666666666666667,1.0,2.6666666666666665,1.0,1.0,1.0
21:00,0.6666666666666666,1.0,1.0,1.0,1.0,1.0,1.0,1.0
21:30,1.0,1.0,2.6666666666666665,1.0,1.0,1.0,1.0,1.0
22:00,1.0,1.0,1.0,1.0,1.0,1.0,1.0,1.0
22:30,2.6666666666666665,1.0,1.0,1.0,1.0,1.0,1.0,0.0
23:00,1.0,1.0,1.0,1.0,1.0,1.0,2.6666666666666665,
23:30,1.0,1.0,2.666666666666667,1.0,1.0,1.0,1.0,
