date_and_time_UTC,num_of_detections,LFnum_of_detections,HFnum_of_detections
2024-10-04 21:00:00+00:00,2.0,2.0,0.3333333333333333
2024-10-04 21:10:00+00:00,2.0,2.0,0.3333333333333333
2024-10-04 21:20:00+00:00,2.0,2.0,0.3333333333333333
2024-10-04 21:30:00+00:00,0.3333333333333333,0.3333333333333333,0.3333333333333333
2024-10-04 21:40:00+00:00,24.0,24.0,0.3333333333333333
2024-10-04 21:50:00+00:00,0.3333333333333333,0.3333333333333333,0.3333333333333333
2024-10-04 22:00:00+00:00,0.3333333333333333,0.3333333333333333,0.3333333333333333
2024-10-04 22:10:00+00:00,0.3333333333333333,0.3333333333333333,0.3333333333333333
2024-10-04 22:20:00+00:00,0.3333333333333333,0.3333333333333333,0.3333333333333333
2024-10-04 22:30:00+00:00,0.3333333333333333,0.3333333333333333,0.3333333333333333
2024-10-04 22:40:00+00:00,0.3333333333333333,0.3333333333333333,0.3333333333333333
2024-10-04 22:50:00+00:00,0.3333333333333333,0.3333333333333333,0.3333333333333333
2024-10-04 23:00:00+00:00,0.3333333333333333,0.3333333333333333,0.3333333333333333
2024-10-04 23:10:00+00:00,0.3333333333333333,0.3333333333333333,0.3333333333333333
2024-10-04 23:20:00+00:00,0.3333333333333333,0.3333333333333333,0.3333333333333333
2024-10-04 23:30:00+00:00,0.3333333333333333,0.3333333333333333,0.3333333333333333
2024-10-04 23:40:00+00:00,0.3333333333333333,0.3333333333333333,0.3333333333333333
2024-10-04 23:50:00+00:00,0.3333333333333333,0.3333333333333333,0.3333333333333333
2024-10-05 00:00:00+00:00,0.3333333333333333,0.3333333333333333,0.3333333333333333
2024-10-05 00:10:00+00:00,0.3333333333333333,0.3333333333333333,0.3333333333333333
2024-10-05 00:20:00+00:00,0.3333333333333333,0.3333333333333333,0.3333333333333333
2024-10-05 00:30:00+00:00,0.3333333333333333,0.3333333333333333,0.3333333333333333
2024-10-05 00:40:00+00:00,0.3333333333333333,0.3333333333333333,0.3333333333333333
2024-10-05 00:50:00+00:00,2.0,2.0,0.3333333333333333
2024-10-05 01:00:00+00:00,0.3333333333333333,0.3333333333333333,0.3333333333333333
2024-10-05 01:10:00+00:00,0.3333333333333333,0.3333333333333333,0.3333333333333333
2024-10-05 01:20:00+00:00,0.3333333333333333,0.3333333333333333,0.3333333333333333
2024-10-05 01:30:00+00:00,0.3333333333333333,0.3333333333333333,0.3333333333333333
2024-10-05 01:40:00+00:00,0.3333333333333333,0.3333333333333333,0.3333333333333333
2024-10-05 01:50:00+00:00,0.3333333333333333,0.3333333333333333,0.3333333333333333
2024-10-05 02:00:00+00:00,0.3333333333333333,0.3333333333333333,0.3333333333333333
2024-10-05 02:10:00+00:00,572.0,0.3333333333333333,572.0
2024-10-05 02:20:00+00:00,1012.0,0.3333333333333333,1012.0
2024-10-05 02:30:00+00:00,842.0,0.3333333333333333,842.0
2024-10-05 02:40:00+00:00,724.0,0.3333333333333333,724.0
2024-10-05 02:50:00+00:00,644.0,2.0,642.0
2024-10-05 03:00:00+00:00,1190.0,0.3333333333333333,1190.0
2024-10-05 03:10:00+00:00,706.0,4.0,702.0
2024-10-05 03:20:00+00:00,910.0,0.3333333333333333,910.0
2024-10-05 03:30:00+00:00,556.0,0.3333333333333333,556.0
2024-10-05 03:40:00+00:00,526.0,4.0,522.0
2024-10-05 03:50:00+00:00,596.0,48.0,548.0
2024-10-05 04:00:00+00:00,386.0,0.3333333333333333,386.0
2024-10-05 04:10:00+00:00,510.0,0.3333333333333333,510.0
2024-10-05 04:20:00+00:00,32.0,0.3333333333333333,32.0
2024-10-05 04:30:00+00:00,0.3333333333333333,0.3333333333333333,0.3333333333333333
2024-10-05 04:40:00+00:00,248.0,0.3333333333333333,248.0
2024-10-05 04:50:00+00:00,94.0,0.3333333333333333,94.0
2024-10-05 05:00:00+00:00,592.0,124.0,468.0
2024-10-05 05:10:00+00:00,380.0,0.3333333333333333,380.0
2024-10-05 05:20:00+00:00,0.3333333333333333,0.3333333333333333,0.3333333333333333
2024-10-05 05:30:00+00:00,10.0,0.3333333333333333,10.0
2024-10-05 05:40:00+00:00,178.0,0.3333333333333333,178.0
2024-10-05 05:50:00+00:00,278.0,0.3333333333333333,278.0
2024-10-05 06:00:00+00:00,514.0,0.3333333333333333,514.0
2024-10-05 06:10:00+00:00,1044.0,0.3333333333333333,1044.0
2024-10-05 06:20:00+00:00,986.0,0.3333333333333333,986.0
2024-10-05 06:30:00+00:00,616.0,8.0,608.0
2024-10-05 06:40:00+00:00,816.0,0.3333333333333333,816.0
2024-10-05 06:50:00+00:00,846.0,0.3333333333333333,846.0
2024-10-05 07:00:00+00:00,914.0,0.3333333333333333,914.0
2024-10-05 07:10:00+00:00,1262.0,0.3333333333333333,1262.0
2024-10-05 07:20:00+00:00,726.0,0.3333333333333333,726.0
2024-10-05 07:30:00+00:00,606.0,0.3333333333333333,606.0
2024-10-05 07:40:00+00:00,794.0,0.3333333333333333,794.0
2024-10-05 07:50:00+00:00,336.0,0.3333333333333333,336.0
2024-10-05 08:00:00+00:00,436.0,0.3333333333333333,436.0
2024-10-05 08:10:00+00:00,494.0,0.3333333333333333,494.0
2024-10-05 08:20:00+00:00,408.0,0.3333333333333333,408.0
2024-10-05 08:30:00+00:00,372.0,0.3333333333333333,372.0
2024-10-05 08:40:00+00:00,564.0,0.3333333333333333,564.0
2024-10-05 08:50:00+00:00,650.0,0.3333333333333333,650.0
2024-10-05 09:00:00+00:00,708.0,2.0,706.0
2024-10-05 09:10:00+00:00,924.0,0.3333333333333333,924.0
2024-10-05 09:20:00+00:00,820.0,0.3333333333333333,820.0
2024-10-05 09:30:00+00:00,722.0,6.0,716.0
2024-10-05 09:40:00+00:00,510.0,0.3333333333333333,510.0
2024-10-05 09:50:00+00:00,540.0,0.3333333333333333,540.0
2024-10-05 10:00:00+00:00,552.0,0.3333333333333333,552.0
2024-10-05 10:10:00+00:00,322.0,32.0,290.0
2024-10-05 10:20:00+00:00,566.0,16.0,550.0
2024-10-05 10:30:00+00:00,230.0,48.0,182.0
2024-10-05 10:40:00+00:00,378.0,36.0,342.0
2024-10-05 10:50:00+00:00,652.0,2.0,650.0
2024-10-05 11:00:00+00:00,326.0,0.3333333333333333,326.0
2024-10-05 11:10:00+00:00,318.0,0.3333333333333333,318.0
2024-10-05 11:20:00+00:00,24.0,0.3333333333333333,24.0
2024-10-05 11:30:00+00:00,0.3333333333333333,0.3333333333333333,0.3333333333333333
2024-10-05 11:40:00+00:00,0.3333333333333333,0.3333333333333333,0.3333333333333333
2024-10-05 11:50:00+00:00,24.0,0.3333333333333333,24.0
2024-10-05 12:00:00+00:00,6.0,0.3333333333333333,6.0
2024-10-05 12:10:00+00:00,40.0,0.3333333333333333,40.0
2024-10-05 12:20:00+00:00,92.0,0.3333333333333333,92.0
2024-10-05 12:30:00+00:00,250.0,0.3333333333333333,250.0
2024-10-05 12:40:00+00:00,236.0,0.3333333333333333,236.0
2024-10-05 12:50:00+00:00,102.0,0.3333333333333333,102.0
2024-10-05 13:00:00+00:00,50.0,0.3333333333333333,50.0
2024-10-05 13:10:00+00:00,202.0,0.3333333333333333,202.0
2024-10-05 13:20:00+00:00,308.0,0.3333333333333333,308.0
2024-10-05 13:30:00+00:00,198.0,0.3333333333333333,198.0
2024-10-05 13:40:00+00:00,1696.0,0.3333333333333333,1696.0
2024-10-05 13:50:00+00:00,0.3333333333333333,0.3333333333333333,0.3333333333333333
2024-10-05 14:00:00+00:00,0.3333333333333333,0.3333333333333333,0.3333333333333333
2024-10-05 14:10:00+00:00,0.3333333333333333,0.3333333333333333,0.3333333333333333
2024-10-05 14:20:00+00:00,0.3333333333333333,0.3333333333333333,0.3333333333333333
2024-10-05 14:30:00+00:00,0.3333333333333333,0.3333333333333333,0.3333333333333333
2024-10-05 14:40:00+00:00,0.3333333333333333,0.3333333333333333,0.3333333333333333
2024-10-05 14:50:00+00:00,2.0,2.0,0.3333333333333333
2024-10-05 15:00:00+00:00,0.3333333333333333,0.3333333333333333,0.3333333333333333
2024-10-05 15:10:00+00:00,0.3333333333333333,0.3333333333333333,0.3333333333333333
2024-10-05 15:20:00+00:00,0.3333333333333333,0.3333333333333333,0.3333333333333333
2024-10-05 15:30:00+00:00,0.3333333333333333,0.3333333333333333,0.3333333333333333
2024-10-05 15:40:00+00:00,0.3333333333333333,0.3333333333333333,0.3333333333333333
2024-10-05 15:50:00+00:00,0.3333333333333333,0.3333333333333333,0.3333333333333333
2024-10-05 16:00:00+00:00,0.3333333333333333,0.3333333333333333,0.3333333333333333
2024-10-05 16:10:00+00:00,0.3333333333333333,0.3333333333333333,0.3333333333333333
2024-10-05 16:20:00+00:00,0.3333333333333333,0.3333333333333333,0.3333333333333333
2024-10-05 16:30:00+00:00,0.3333333333333333,0.3333333333333333,0.3333333333333333
2024-10-05 16:40:00+00:00,2.0,2.0,0.3333333333333333
2024-10-05 16:50:00+00:00,0.3333333333333333,0.3333333333333333,0.3333333333333333
2024-10-05 17:00:00+00:00,0.3333333333333333,0.3333333333333333,0.3333333333333333
2024-10-05 17:10:00+00:00,0.3333333333333333,0.3333333333333333,0.3333333333333333
2024-10-05 17:20:00+00:00,0.3333333333333333,0.3333333333333333,0.3333333333333333
2024-10-05 17:30:00+00:00,0.3333333333333333,0.3333333333333333,0.3333333333333333
2024-10-05 17:40:00+00:00,0.3333333333333333,0.3333333333333333,0.3333333333333333
2024-10-05 17:50:00+00:00,0.3333333333333333,0.3333333333333333,0.3333333333333333
2024-10-05 18:00:00+00:00,0.3333333333333333,0.3333333333333333,0.3333333333333333
2024-10-05 18:10:00+00:00,0.3333333333333333,0.3333333333333333,0.3333333333333333
2024-10-05 18:20:00+00:00,0.3333333333333333,0.3333333333333333,0.3333333333333333
2024-10-05 18:30:00+00:00,0.3333333333333333,0.3333333333333333,0.3333333333333333
2024-10-05 18:40:00+00:00,0.3333333333333333,0.3333333333333333,0.3333333333333333
2024-10-05 18:50:00+00:00,0.3333333333333333,0.3333333333333333,0.3333333333333333
2024-10-05 19:00:00+00:00,0.3333333333333333,0.3333333333333333,0.3333333333333333
2024-10-05 19:10:00+00:00,0.3333333333333333,0.3333333333333333,0.3333333333333333
2024-10-05 19:20:00+00:00,0.3333333333333333,0.3333333333333333,0.3333333333333333
2024-10-05 19:30:00+00:00,0.3333333333333333,0.3333333333333333,0.3333333333333333
2024-10-05 19:40:00+00:00,0.3333333333333333,0.3333333333333333,0.3333333333333333
2024-10-05 19:50:00+00:00,0.3333333333333333,0.3333333333333333,0.3333333333333333
2024-10-05 20:00:00+00:00,0.3333333333333333,0.3333333333333333,0.3333333333333333
2024-10-05 20:10:00+00:00,0.3333333333333333,0.3333333333333333,0.3333333333333333
2024-10-05 20:20:00+00:00,0.3333333333333333,0.3333333333333333,0.3333333333333333
2024-10-05 20:30:00+00:00,0.3333333333333333,0.3333333333333333,0.3333333333333333
2024-10-05 20:40:00+00:00,0.3333333333333333,0.3333333333333333,0.3333333333333333
2024-10-05 20:50:00+00:00,0.3333333333333333,0.3333333333333333,0.3333333333333333
2024-10-05 21:00:00+00:00,0.3333333333333333,0.3333333333333333,0.3333333333333333
2024-10-05 21:10:00+00:00,0.3333333333333333,0.3333333333333333,0.3333333333333333
2024-10-05 21:20:00+00:00,0.3333333333333333,0.3333333333333333,0.3333333333333333
2024-10-05 21:30:00+00:00,0.3333333333333333,0.3333333333333333,0.3333333333333333
2024-10-05 21:40:00+00:00,0.3333333333333333,0.3333333333333333,0.3333333333333333
2024-10-05 21:50:00+00:00,0.3333333333333333,0.3333333333333333,0.3333333333333333
2024-10-05 22:00:00+00:00,0.3333333333333333,0.3333333333333333,0.3333333333333333
2024-10-05 22:10:00+00:00,0.3333333333333333,0.3333333333333333,0.3333333333333333
2024-10-05 22:20:00+00:00,0.3333333333333333,0.3333333333333333,0.3333333333333333
2024-10-05 22:30:00+00:00,0.3333333333333333,0.3333333333333333,0.3333333333333333
2024-10-05 22:40:00+00:00,0.3333333333333333,0.3333333333333333,0.3333333333333333
2024-10-05 22:50:00+00:00,0.3333333333333333,0.3333333333333333,0.3333333333333333
2024-10-05 23:00:00+00:00,0.3333333333333333,0.3333333333333333,0.3333333333333333
2024-10-05 23:10:00+00:00,0.3333333333333333,0.3333333333333333,0.3333333333333333
2024-10-05 23:20:00+00:00,0.3333333333333333,0.3333333333333333,0.3333333333333333
2024-10-05 23:30:00+00:00,0.3333333333333333,0.3333333333333333,0.3333333333333333
2024-10-05 23:40:00+00:00,0.3333333333333333,0.3333333333333333,0.3333333333333333
2024-10-05 23:50:00+00:00,0.3333333333333333,0.3333333333333333,0.3333333333333333
2024-10-06 00:00:00+00:00,0.3333333333333333,0.3333333333333333,0.3333333333333333
2024-10-06 00:10:00+00:00,0.3333333333333333,0.3333333333333333,0.3333333333333333
2024-10-06 00:20:00+00:00,0.3333333333333333,0.3333333333333333,0.3333333333333333
2024-10-06 00:30:00+00:00,0.3333333333333333,0.3333333333333333,0.3333333333333333
2024-10-06 00:40:00+00:00,0.3333333333333333,0.3333333333333333,0.3333333333333333
2024-10-06 00:50:00+00:00,0.3333333333333333,0.3333333333333333,0.3333333333333333
2024-10-06 01:00:00+00:00,0.3333333333333333,0.3333333333333333,0.3333333333333333
2024-10-06 01:10:00+00:00,0.3333333333333333,0.3333333333333333,0.3333333333333333
2024-10-06 01:20:00+00:00,0.3333333333333333,0.3333333333333333,0.3333333333333333
2024-10-06 01:30:00+00:00,0.3333333333333333,0.3333333333333333,0.3333333333333333
2024-10-06 01:40:00+00:00,0.3333333333333333,0.3333333333333333,0.3333333333333333
2024-10-06 01:50:00+00:00,0.3333333333333333,0.3333333333333333,0.3333333333333333
2024-10-06 02:00:00+00:00,0.3333333333333333,0.3333333333333333,0.3333333333333333
2024-10-06 02:10:00+00:00,682.0,26.0,656.0
2024-10-06 02:20:00+00:00,356.0,0.3333333333333333,356.0
2024-10-06 02:30:00+00:00,472.0,0.3333333333333333,472.0
2024-10-06 02:40:00+00:00,410.0,0.3333333333333333,410.0
2024-10-06 02:50:00+00:00,518.0,6.0,512.0
2024-10-06 03:00:00+00:00,432.0,0.3333333333333333,432.0
2024-10-06 03:10:00+00:00,628.0,0.3333333333333333,628.0
2024-10-06 03:20:00+00:00,90.0,0.3333333333333333,90.0
2024-10-06 03:30:00+00:00,32.0,0.3333333333333333,32.0
2024-10-06 03:40:00+00:00,192.0,0.3333333333333333,192.0
2024-10-06 03:50:00+00:00,0.3333333333333333,0.3333333333333333,0.3333333333333333
2024-10-06 04:00:00+00:00,156.0,2.0,154.0
2024-10-06 04:10:00+00:00,178.0,2.0,176.0
2024-10-06 04:20:00+00:00,292.0,0.3333333333333333,292.0
2024-10-06 04:30:00+00:00,0.3333333333333333,0.3333333333333333,0.3333333333333333
2024-10-06 04:40:00+00:00,0.3333333333333333,0.3333333333333333,0.3333333333333333
2024-10-06 04:50:00+00:00,0.3333333333333333,0.3333333333333333,0.3333333333333333
2024-10-06 05:00:00+00:00,116.0,0.3333333333333333,116.0
2024-10-06 05:10:00+00:00,0.3333333333333333,0.3333333333333333,0.3333333333333333
2024-10-06 05:20:00+00:00,8.0,8.0,0.3333333333333333
2024-10-06 05:30:00+00:00,4.0,4.0,0.3333333333333333
2024-10-06 05:40:00+00:00,84.0,6.0,78.0
2024-10-06 05:50:00+00:00,0.3333333333333333,0.3333333333333333,0.3333333333333333
2024-10-06 06:00:00+00:00,198.0,2.0,196.0
2024-10-06 06:10:00+00:00,0.3333333333333333,0.3333333333333333,0.3333333333333333
2024-10-06 06:20:00+00:00,0.3333333333333333,0.3333333333333333,0.3333333333333333
2024-10-06 06:30:00+00:00,58.0,0.3333333333333333,58.0
2024-10-06 06:40:00+00:00,0.3333333333333333,0.3333333333333333,0.3333333333333333
2024-10-06 06:50:00+00:00,10.0,10.0,0.3333333333333333
2024-10-06 07:00:00+00:00,32.0,0.3333333333333333,32.0
2024-10-06 07:10:00+00:00,10.0,10.0,0.3333333333333333
2024-10-06 07:20:00+00:00,46.0,0.3333333333333333,46.0
2024-10-06 07:30:00+00:00,0.3333333333333333,0.3333333333333333,0.3333333333333333
2024-10-06 07:40:00+00:00,16.0,16.0,0.3333333333333333
2024-10-06 07:50:00+00:00,0.3333333333333333,0.3333333333333333,0.3333333333333333
2024-10-06 08:00:00+00:00,16.0,0.3333333333333333,16.0
2024-10-06 08:10:00+00:00,98.0,2.0,96.0
2024-10-06 08:20:00+00:00,0.3333333333333333,0.3333333333333333,0.3333333333333333
2024-10-06 08:30:00+00:00,0.3333333333333333,0.3333333333333333,0.3333333333333333
2024-10-06 08:40:00+00:00,0.3333333333333333,0.3333333333333333,0.3333333333333333
2024-10-06 08:50:00+00:00,84.0,0.3333333333333333,84.0
2024-10-06 09:00:00+00:00,0.3333333333333333,0.3333333333333333,0.3333333333333333
2024-10-06 09:10:00+00:00,0.3333333333333333,0.3333333333333333,0.3333333333333333
2024-10-06 09:20:00+00:00,38.0,38.0,0.3333333333333333
2024-10-06 09:30:00+00:00,0.3333333333333333,0.3333333333333333,0.3333333333333333
2024-10-06 09:40:00+00:00,2.0,2.0,0.3333333333333333
2024-10-06 09:50:00+00:00,0.3333333333333333,0.3333333333333333,0.3333333333333333
2024-10-06 10:00:00+00:00,0.3333333333333333,0.3333333333333333,0.3333333333333333
2024-10-06 10:10:00+00:00,0.3333333333333333,0.3333333333333333,0.3333333333333333
2024-10-06 10:20:00+00:00,0.3333333333333333,0.3333333333333333,0.3333333333333333
2024-10-06 10:30:00+00:00,0.3333333333333333,0.3333333333333333,0.3333333333333333
2024-10-06 10:40:00+00:00,0.3333333333333333,0.3333333333333333,0.3333333333333333
2024-10-06 10:50:00+00:00,0.3333333333333333,0.3333333333333333,0.3333333333333333
2024-10-06 11:00:00+00:00,22.0,0.3333333333333333,22.0
2024-10-06 11:10:00+00:00,0.3333333333333333,0.3333333333333333,0.3333333333333333
2024-10-06 11:20:00+00:00,0.3333333333333333,0.3333333333333333,0.3333333333333333
2024-10-06 11:30:00+00:00,0.3333333333333333,0.3333333333333333,0.3333333333333333
2024-10-06 11:40:00+00:00,2.0,2.0,0.3333333333333333
2024-10-06 11:50:00+00:00,0.3333333333333333,0.3333333333333333,0.3333333333333333
2024-10-06 12:00:00+00:00,0.3333333333333333,0.3333333333333333,0.3333333333333333
2024-10-06 12:10:00+00:00,0.3333333333333333,0.3333333333333333,0.3333333333333333
2024-10-06 12:20:00+00:00,0.3333333333333333,0.3333333333333333,0.3333333333333333
2024-10-06 12:30:00+00:00,0.3333333333333333,0.3333333333333333,0.3333333333333333
2024-10-06 12:40:00+00:00,0.3333333333333333,0.3333333333333333,0.3333333333333333
2024-10-06 12:50:00+00:00,0.3333333333333333,0.3333333333333333,0.3333333333333333
2024-10-06 13:00:00+00:00,0.3333333333333333,0.3333333333333333,0.3333333333333333
2024-10-06 13:10:00+00:00,0.3333333333333333,0.3333333333333333,0.3333333333333333
2024-10-06 13:20:00+00:00,0.3333333333333333,0.3333333333333333,0.3333333333333333
2024-10-06 13:30:00+00:00,0.3333333333333333,0.3333333333333333,0.3333333333333333
2024-10-06 13:40:00+00:00,0.3333333333333333,0.3333333333333333,0.3333333333333333
2024-10-06 13:50:00+00:00,0.3333333333333333,0.3333333333333333,0.3333333333333333
2024-10-06 14:00:00+00:00,0.3333333333333333,0.3333333333333333,0.3333333333333333
2024-10-06 14:10:00+00:00,0.3333333333333333,0.3333333333333333,0.3333333333333333
2024-10-06 14:20:00+00:00,0.3333333333333333,0.3333333333333333,0.3333333333333333
2024-10-06 14:30:00+00:00,0.3333333333333333,0.3333333333333333,0.3333333333333333
2024-10-06 14:40:00+00:00,0.3333333333333333,0.3333333333333333,0.3333333333333333
2024-10-06 14:50:00+00:00,0.3333333333333333,0.3333333333333333,0.3333333333333333
2024-10-06 15:00:00+00:00,0.3333333333333333,0.3333333333333333,0.3333333333333333
2024-10-06 15:10:00+00:00,0.3333333333333333,0.3333333333333333,0.3333333333333333
2024-10-06 15:20:00+00:00,0.3333333333333333,0.3333333333333333,0.3333333333333333
2024-10-06 15:30:00+00:00,0.3333333333333333,0.3333333333333333,0.3333333333333333
2024-10-06 15:40:00+00:00,0.3333333333333333,0.3333333333333333,0.3333333333333333
2024-10-06 15:50:00+00:00,2.0,2.0,0.3333333333333333
2024-10-06 16:00:00+00:00,0.3333333333333333,0.3333333333333333,0.3333333333333333
2024-10-06 16:10:00+00:00,0.3333333333333333,0.3333333333333333,0.3333333333333333
2024-10-06 16:20:00+00:00,0.3333333333333333,0.3333333333333333,0.3333333333333333
2024-10-06 16:30:00+00:00,0.3333333333333333,0.3333333333333333,0.3333333333333333
2024-10-06 16:40:00+00:00,0.3333333333333333,0.3333333333333333,0.3333333333333333
2024-10-06 16:50:00+00:00,0.3333333333333333,0.3333333333333333,0.3333333333333333
2024-10-06 17:00:00+00:00,0.3333333333333333,0.3333333333333333,0.3333333333333333
2024-10-06 17:10:00+00:00,0.3333333333333333,0.3333333333333333,0.3333333333333333
2024-10-06 17:20:00+00:00,0.3333333333333333,0.3333333333333333,0.3333333333333333
2024-10-06 17:30:00+00:00,0.3333333333333333,0.3333333333333333,0.3333333333333333
2024-10-06 17:40:00+00:00,0.3333333333333333,0.3333333333333333,0.3333333333333333
2024-10-06 17:50:00+00:00,2.0,2.0,0.3333333333333333
2024-10-06 18:00:00+00:00,0.3333333333333333,0.3333333333333333,0.3333333333333333
2024-10-06 18:10:00+00:00,0.3333333333333333,0.3333333333333333,0.3333333333333333
2024-10-06 18:20:00+00:00,0.3333333333333333,0.3333333333333333,0.3333333333333333
2024-10-06 18:30:00+00:00,0.3333333333333333,0.3333333333333333,0.3333333333333333
2024-10-06 18:40:00+00:00,0.3333333333333333,0.3333333333333333,0.3333333333333333
2024-10-06 18:50:00+00:00,0.3333333333333333,0.3333333333333333,0.3333333333333333
2024-10-06 19:00:00+00:00,0.3333333333333333,0.3333333333333333,0.3333333333333333
2024-10-06 19:10:00+00:00,0.3333333333333333,0.3333333333333333,0.3333333333333333
2024-10-06 19:20:00+00:00,0.3333333333333333,0.3333333333333333,0.3333333333333333
2024-10-06 19:30:00+00:00,0.3333333333333333,0.3333333333333333,0.3333333333333333
2024-10-06 19:40:00+00:00,2.0,2.0,0.3333333333333333
2024-10-06 19:50:00+00:00,0.3333333333333333,0.3333333333333333,0.3333333333333333
2024-10-06 20:00:00+00:00,0.3333333333333333,0.3333333333333333,0.3333333333333333
2024-10-06 20:10:00+00:00,0.3333333333333333,0.3333333333333333,0.3333333333333333
2024-10-06 20:20:00+00:00,0.3333333333333333,0.3333333333333333,0.3333333333333333
2024-10-06 20:30:00+00:00,0.3333333333333333,0.3333333333333333,0.3333333333333333
2024-10-06 20:40:00+00:00,0.3333333333333333,0.3333333333333333,0.3333333333333333
2024-10-06 20:50:00+00:00,0.3333333333333333,0.3333333333333333,0.3333333333333333
2024-10-06 21:00:00+00:00,0.3333333333333333,0.3333333333333333,0.3333333333333333
2024-10-06 21:10:00+00:00,0.3333333333333333,0.3333333333333333,0.3333333333333333
2024-10-06 21:20:00+00:00,0.3333333333333333,0.3333333333333333,0.3333333333333333
2024-10-06 21:30:00+00:00,0.3333333333333333,0.3333333333333333,0.3333333333333333
2024-10-06 21:40:00+00:00,0.3333333333333333,0.3333333333333333,0.3333333333333333
2024-10-06 21:50:00+00:00,0.3333333333333333,0.3333333333333333,0.3333333333333333
2024-10-06 22:00:00+00:00,0.3333333333333333,0.3333333333333333,0.3333333333333333
2024-10-06 22:10:00+00:00,0.3333333333333333,0.3333333333333333,0.3333333333333333
2024-10-06 22:20:00+00:00,0.3333333333333333,0.3333333333333333,0.3333333333333333
2024-10-06 22:30:00+00:00,0.3333333333333333,0.3333333333333333,0.3333333333333333
2024-10-06 22:40:00+00:00,0.3333333333333333,0.3333333333333333,0.3333333333333333
2024-10-06 22:50:00+00:00,0.3333333333333333,0.3333333333333333,0.3333333333333333
2024-10-06 23:00:00+00:00,0.3333333333333333,0.3333333333333333,0.3333333333333333
2024-10-06 23:10:00+00:00,2.0,2.0,0.3333333333333333
2024-10-06 23:20:00+00:00,0.3333333333333333,0.3333333333333333,0.3333333333333333
2024-10-06 23:30:00+00:00,0.3333333333333333,0.3333333333333333,0.3333333333333333
2024-10-06 23:40:00+00:00,0.3333333333333333,0.3333333333333333,0.3333333333333333
2024-10-06 23:50:00+00:00,0.3333333333333333,0.3333333333333333,0.3333333333333333
2024-10-07 00:00:00+00:00,0.3333333333333333,0.3333333333333333,0.3333333333333333
2024-10-07 00:10:00+00:00,0.3333333333333333,0.3333333333333333,0.3333333333333333
2024-10-07 00:20:00+00:00,0.3333333333333333,0.3333333333333333,0.3333333333333333
2024-10-07 00:30:00+00:00,0.3333333333333333,0.3333333333333333,0.3333333333333333
2024-10-07 00:40:00+00:00,0.3333333333333333,0.3333333333333333,0.3333333333333333
2024-10-07 00:50:00+00:00,0.3333333333333333,0.3333333333333333,0.3333333333333333
2024-10-07 01:00:00+00:00,0.3333333333333333,0.3333333333333333,0.3333333333333333
2024-10-07 01:10:00+00:00,0.3333333333333333,0.3333333333333333,0.3333333333333333
2024-10-07 01:20:00+00:00,2.0,2.0,0.3333333333333333
2024-10-07 01:30:00+00:00,0.3333333333333333,0.3333333333333333,0.3333333333333333
2024-10-07 01:40:00+00:00,0.3333333333333333,0.3333333333333333,0.3333333333333333
2024-10-07 01:50:00+00:00,0.3333333333333333,0.3333333333333333,0.3333333333333333
2024-10-07 02:00:00+00:00,0.3333333333333333,0.3333333333333333,0.3333333333333333
2024-10-07 02:10:00+00:00,716.0,56.0,660.0
2024-10-07 02:20:00+00:00,510.0,184.0,326.0
2024-10-07 02:30:00+00:00,162.0,42.0,120.0
2024-10-07 02:40:00+00:00,320.0,2.0,318.0
2024-10-07 02:50:00+00:00,98.0,0.3333333333333333,98.0
2024-10-07 03:00:00+00:00,102.0,0.3333333333333333,102.0
2024-10-07 03:10:00+00:00,0.3333333333333333,0.3333333333333333,0.3333333333333333
2024-10-07 03:20:00+00:00,2.0,2.0,0.3333333333333333
2024-10-07 03:30:00+00:00,36.0,36.0,0.3333333333333333
2024-10-07 03:40:00+00:00,0.3333333333333333,0.3333333333333333,0.3333333333333333
2024-10-07 03:50:00+00:00,0.3333333333333333,0.3333333333333333,0.3333333333333333
2024-10-07 04:00:00+00:00,0.3333333333333333,0.3333333333333333,0.3333333333333333
2024-10-07 04:10:00+00:00,42.0,34.0,8.0
2024-10-07 04:20:00+00:00,0.3333333333333333,0.3333333333333333,0.3333333333333333
2024-10-07 04:30:00+00:00,0.3333333333333333,0.3333333333333333,0.3333333333333333
2024-10-07 04:40:00+00:00,0.3333333333333333,0.3333333333333333,0.3333333333333333
2024-10-07 04:50:00+00:00,6.0,0.3333333333333333,6.0
2024-10-07 05:00:00+00:00,32.0,0.3333333333333333,32.0
2024-10-07 05:10:00+00:00,0.3333333333333333,0.3333333333333333,0.3333333333333333
2024-10-07 05:20:00+00:00,84.0,82.0,2.0
2024-10-07 05:30:00+00:00,26.0,26.0,0.3333333333333333
2024-10-07 05:40:00+00:00,0.3333333333333333,0.3333333333333333,0.3333333333333333
2024-10-07 05:50:00+00:00,0.3333333333333333,0.3333333333333333,0.3333333333333333
2024-10-07 06:00:00+00:00,0.3333333333333333,0.3333333333333333,0.3333333333333333
2024-10-07 06:10:00+00:00,0.3333333333333333,0.3333333333333333,0.3333333333333333
2024-10-07 06:20:00+00:00,0.3333333333333333,0.3333333333333333,0.3333333333333333
2024-10-07 06:30:00+00:00,32.0,32.0,0.3333333333333333
2024-10-07 06:40:00+00:00,0.3333333333333333,0.3333333333333333,0.3333333333333333
2024-10-07 06:50:00+00:00,84.0,84.0,0.3333333333333333
2024-10-07 07:00:00+00:00,0.3333333333333333,0.3333333333333333,0.3333333333333333
2024-10-07 07:10:00+00:00,0.3333333333333333,0.3333333333333333,0.3333333333333333
2024-10-07 07:20:00+00:00,0.3333333333333333,0.3333333333333333,0.3333333333333333
2024-10-07 07:30:00+00:00,44.0,44.0,0.3333333333333333
2024-10-07 07:40:00+00:00,0.3333333333333333,0.3333333333333333,0.3333333333333333
2024-10-07 07:50:00+00:00,0.3333333333333333,0.3333333333333333,0.3333333333333333
2024-10-07 08:00:00+00:00,6.0,6.0,0.3333333333333333
2024-10-07 08:10:00+00:00,0.3333333333333333,0.3333333333333333,0.3333333333333333
2024-10-07 08:20:00+00:00,8.0,0.3333333333333333,8.0
2024-10-07 08:30:00+00:00,0.3333333333333333,0.3333333333333333,0.3333333333333333
2024-10-07 08:40:00+00:00,0.3333333333333333,0.3333333333333333,0.3333333333333333
2024-10-07 08:50:00+00:00,0.3333333333333333,0.3333333333333333,0.3333333333333333
2024-10-07 09:00:00+00:00,0.3333333333333333,0.3333333333333333,0.3333333333333333
2024-10-07 09:10:00+00:00,0.3333333333333333,0.3333333333333333,0.3333333333333333
2024-10-07 09:20:00+00:00,0.3333333333333333,0.3333333333333333,0.3333333333333333
2024-10-07 09:30:00+00:00,0.3333333333333333,0.3333333333333333,0.3333333333333333
2024-10-07 09:40:00+00:00,0.3333333333333333,0.3333333333333333,0.3333333333333333
2024-10-07 09:50:00+00:00,0.3333333333333333,0.3333333333333333,0.3333333333333333
2024-10-07 10:00:00+00:00,0.3333333333333333,0.3333333333333333,0.3333333333333333
2024-10-07 10:10:00+00:00,22.0,22.0,0.3333333333333333
2024-10-07 10:20:00+00:00,0.3333333333333333,0.3333333333333333,0.3333333333333333
2024-10-07 10:30:00+00:00,26.0,26.0,0.3333333333333333
2024-10-07 10:40:00+00:00,0.3333333333333333,0.3333333333333333,0.3333333333333333
2024-10-07 10:50:00+00:00,0.3333333333333333,0.3333333333333333,0.3333333333333333
2024-10-07 11:00:00+00:00,0.3333333333333333,0.3333333333333333,0.3333333333333333
2024-10-07 11:10:00+00:00,0.3333333333333333,0.3333333333333333,0.3333333333333333
2024-10-07 11:20:00+00:00,0.3333333333333333,0.3333333333333333,0.3333333333333333
2024-10-07 11:30:00+00:00,14.0,14.0,0.3333333333333333
2024-10-07 11:40:00+00:00,0.3333333333333333,0.3333333333333333,0.3333333333333333
2024-10-07 11:50:00+00:00,0.3333333333333333,0.3333333333333333,0.3333333333333333
2024-10-07 12:00:00+00:00,0.3333333333333333,0.3333333333333333,0.3333333333333333
2024-10-07 12:10:00+00:00,0.3333333333333333,0.3333333333333333,0.3333333333333333
2024-10-07 12:20:00+00:00,0.3333333333333333,0.3333333333333333,0.3333333333333333
2024-10-07 12:30:00+00:00,0.3333333333333333,0.3333333333333333,0.3333333333333333
2024-10-07 12:40:00+00:00,0.3333333333333333,0.3333333333333333,0.3333333333333333
2024-10-07 12:50:00+00:00,0.3333333333333333,0.3333333333333333,0.3333333333333333
2024-10-07 13:00:00+00:00,0.3333333333333333,0.3333333333333333,0.3333333333333333
2024-10-07 13:10:00+00:00,0.3333333333333333,0.3333333333333333,0.3333333333333333
2024-10-07 13:20:00+00:00,0.3333333333333333,0.3333333333333333,0.3333333333333333
2024-10-07 13:30:00+00:00,0.3333333333333333,0.3333333333333333,0.3333333333333333
2024-10-07 13:40:00+00:00,0.3333333333333333,0.3333333333333333,0.3333333333333333
2024-10-07 13:50:00+00:00,0.3333333333333333,0.3333333333333333,0.3333333333333333
2024-10-07 14:00:00+00:00,0.3333333333333333,0.3333333333333333,0.3333333333333333
2024-10-07 14:10:00+00:00,0.3333333333333333,0.3333333333333333,0.3333333333333333
2024-10-07 14:20:00+00:00,0.3333333333333333,0.3333333333333333,0.3333333333333333
2024-10-07 14:30:00+00:00,0.3333333333333333,0.3333333333333333,0.3333333333333333
2024-10-07 14:40:00+00:00,0.3333333333333333,0.3333333333333333,0.3333333333333333
2024-10-07 14:50:00+00:00,0.3333333333333333,0.3333333333333333,0.3333333333333333
2024-10-07 15:00:00+00:00,0.3333333333333333,0.3333333333333333,0.3333333333333333
2024-10-07 15:10:00+00:00,0.3333333333333333,0.3333333333333333,0.3333333333333333
2024-10-07 15:20:00+00:00,0.3333333333333333,0.3333333333333333,0.3333333333333333
2024-10-07 15:30:00+00:00,0.3333333333333333,0.3333333333333333,0.3333333333333333
2024-10-07 15:40:00+00:00,0.3333333333333333,0.3333333333333333,0.3333333333333333
2024-10-07 15:50:00+00:00,0.3333333333333333,0.3333333333333333,0.3333333333333333
2024-10-07 16:00:00+00:00,2.0,2.0,0.3333333333333333
2024-10-07 16:10:00+00:00,0.3333333333333333,0.3333333333333333,0.3333333333333333
2024-10-07 16:20:00+00:00,0.3333333333333333,0.3333333333333333,0.3333333333333333
2024-10-07 16:30:00+00:00,0.3333333333333333,0.3333333333333333,0.3333333333333333
2024-10-07 16:40:00+00:00,0.3333333333333333,0.3333333333333333,0.3333333333333333
2024-10-07 16:50:00+00:00,0.3333333333333333,0.3333333333333333,0.3333333333333333
2024-10-07 17:00:00+00:00,0.3333333333333333,0.3333333333333333,0.3333333333333333
2024-10-07 17:10:00+00:00,0.3333333333333333,0.3333333333333333,0.3333333333333333
2024-10-07 17:20:00+00:00,0.3333333333333333,0.3333333333333333,0.3333333333333333
2024-10-07 17:30:00+00:00,0.3333333333333333,0.3333333333333333,0.3333333333333333
2024-10-07 17:40:00+00:00,0.3333333333333333,0.3333333333333333,0.3333333333333333
2024-10-07 17:50:00+00:00,0.3333333333333333,0.3333333333333333,0.3333333333333333
2024-10-07 18:00:00+00:00,2.0,2.0,0.3333333333333333
2024-10-07 18:10:00+00:00,0.3333333333333333,0.3333333333333333,0.3333333333333333
2024-10-07 18:20:00+00:00,0.3333333333333333,0.3333333333333333,0.3333333333333333
2024-10-07 18:30:00+00:00,0.3333333333333333,0.3333333333333333,0.3333333333333333
2024-10-07 18:40:00+00:00,0.3333333333333333,0.3333333333333333,0.3333333333333333
2024-10-07 18:50:00+00:00,0.3333333333333333,0.3333333333333333,0.3333333333333333
2024-10-07 19:00:00+00:00,0.3333333333333333,0.3333333333333333,0.3333333333333333
2024-10-07 19:10:00+00:00,0.3333333333333333,0.3333333333333333,0.3333333333333333
2024-10-07 19:20:00+00:00,0.3333333333333333,0.3333333333333333,0.3333333333333333
2024-10-07 19:30:00+00:00,0.3333333333333333,0.3333333333333333,0.3333333333333333
2024-10-07 19:40:00+00:00,2.0,2.0,0.3333333333333333
2024-10-07 19:50:00+00:00,0.3333333333333333,0.3333333333333333,0.3333333333333333
2024-10-07 20:00:00+00:00,0.3333333333333333,0.3333333333333333,0.3333333333333333
2024-10-07 20:10:00+00:00,0.3333333333333333,0.3333333333333333,0.3333333333333333
2024-10-07 20:20:00+00:00,0.3333333333333333,0.3333333333333333,0.3333333333333333
2024-10-07 20:30:00+00:00,0.3333333333333333,0.3333333333333333,0.3333333333333333
2024-10-07 20:40:00+00:00,0.3333333333333333,0.3333333333333333,0.3333333333333333
2024-10-07 20:50:00+00:00,0.3333333333333333,0.3333333333333333,0.3333333333333333
2024-10-07 21:00:00+00:00,0.3333333333333333,0.3333333333333333,0.3333333333333333
2024-10-07 21:10:00+00:00,0.3333333333333333,0.3333333333333333,0.3333333333333333
2024-10-07 21:20:00+00:00,0.3333333333333333,0.3333333333333333,0.3333333333333333
2024-10-07 21:30:00+00:00,0.3333333333333333,0.3333333333333333,0.3333333333333333
2024-10-07 21:40:00+00:00,2.0,2.0,0.3333333333333333
2024-10-07 21:50:00+00:00,0.3333333333333333,0.3333333333333333,0.3333333333333333
2024-10-07 22:00:00+00:00,0.3333333333333333,0.3333333333333333,0.3333333333333333
2024-10-07 22:10:00+00:00,0.3333333333333333,0.3333333333333333,0.3333333333333333
2024-10-07 22:20:00+00:00,0.3333333333333333,0.3333333333333333,0.3333333333333333
2024-10-07 22:30:00+00:00,0.3333333333333333,0.3333333333333333,0.3333333333333333
2024-10-07 22:40:00+00:00,0.3333333333333333,0.3333333333333333,0.3333333333333333
2024-10-07 22:50:00+00:00,0.3333333333333333,0.3333333333333333,0.3333333333333333
2024-10-07 23:00:00+00:00,0.3333333333333333,0.3333333333333333,0.3333333333333333
2024-10-07 23:10:00+00:00,0.3333333333333333,0.3333333333333333,0.3333333333333333
2024-10-07 23:20:00+00:00,0.3333333333333333,0.3333333333333333,0.3333333333333333
2024-10-07 23:30:00+00:00,0.3333333333333333,0.3333333333333333,0.3333333333333333
2024-10-07 23:40:00+00:00,0.3333333333333333,0.3333333333333333,0.3333333333333333
2024-10-07 23:50:00+00:00,0.3333333333333333,0.3333333333333333,0.3333333333333333
2024-10-08 00:00:00+00:00,0.3333333333333333,0.3333333333333333,0.3333333333333333
2024-10-08 00:10:00+00:00,0.3333333333333333,0.3333333333333333,0.3333333333333333
2024-10-08 00:20:00+00:00,0.3333333333333333,0.3333333333333333,0.3333333333333333
2024-10-08 00:30:00+00:00,0.3333333333333333,0.3333333333333333,0.3333333333333333
2024-10-08 00:40:00+00:00,0.3333333333333333,0.3333333333333333,0.3333333333333333
2024-10-08 00:50:00+00:00,0.3333333333333333,0.3333333333333333,0.3333333333333333
2024-10-08 01:00:00+00:00,0.3333333333333333,0.3333333333333333,0.3333333333333333
2024-10-08 01:10:00+00:00,0.3333333333333333,0.3333333333333333,0.3333333333333333
2024-10-08 01:20:00+00:00,0.3333333333333333,0.3333333333333333,0.3333333333333333
2024-10-08 01:30:00+00:00,0.3333333333333333,0.3333333333333333,0.3333333333333333
2024-10-08 01:40:00+00:00,0.3333333333333333,0.3333333333333333,0.3333333333333333
2024-10-08 01:50:00+00:00,0.3333333333333333,0.3333333333333333,0.3333333333333333
2024-10-08 02:00:00+00:00,84.0,84.0,0.3333333333333333
2024-10-08 02:10:00+00:00,298.0,160.0,138.0
2024-10-08 02:20:00+00:00,512.0,500.0,12.0
2024-10-08 02:30:00+00:00,348.0,64.0,284.0
2024-10-08 02:40:00+00:00,444.0,0.3333333333333333,444.0
2024-10-08 02:50:00+00:00,156.0,0.3333333333333333,156.0
2024-10-08 03:00:00+00:00,434.0,50.0,384.0
2024-10-08 03:10:00+00:00,462.0,32.0,430.0
2024-10-08 03:20:00+00:00,132.0,72.0,60.0
2024-10-08 03:30:00+00:00,84.0,0.3333333333333333,84.0
2024-10-08 03:40:00+00:00,594.0,4.0,590.0
2024-10-08 03:50:00+00:00,384.0,204.0,180.0
2024-10-08 04:00:00+00:00,100.0,0.3333333333333333,100.0
2024-10-08 04:10:00+00:00,96.0,0.3333333333333333,96.0
2024-10-08 04:20:00+00:00,28.0,2.0,26.0
2024-10-08 04:30:00+00:00,0.3333333333333333,0.3333333333333333,0.3333333333333333
2024-10-08 04:40:00+00:00,20.0,0.3333333333333333,20.0
2024-10-08 04:50:00+00:00,28.0,0.3333333333333333,28.0
2024-10-08 05:00:00+00:00,0.3333333333333333,0.3333333333333333,0.3333333333333333
2024-10-08 05:10:00+00:00,22.0,0.3333333333333333,22.0
2024-10-08 05:20:00+00:00,70.0,0.3333333333333333,70.0
2024-10-08 05:30:00+00:00,6.0,0.3333333333333333,6.0
2024-10-08 05:40:00+00:00,0.3333333333333333,0.3333333333333333,0.3333333333333333
2024-10-08 05:50:00+00:00,0.3333333333333333,0.3333333333333333,0.3333333333333333
2024-10-08 06:00:00+00:00,0.3333333333333333,0.3333333333333333,0.3333333333333333
2024-10-08 06:10:00+00:00,62.0,0.3333333333333333,62.0
2024-10-08 06:20:00+00:00,0.3333333333333333,0.3333333333333333,0.3333333333333333
2024-10-08 06:30:00+00:00,86.0,0.3333333333333333,86.0
2024-10-08 06:40:00+00:00,42.0,0.3333333333333333,42.0
2024-10-08 06:50:00+00:00,30.0,0.3333333333333333,30.0
2024-10-08 07:00:00+00:00,86.0,86.0,0.3333333333333333
2024-10-08 07:10:00+00:00,0.3333333333333333,0.3333333333333333,0.3333333333333333
2024-10-08 07:20:00+00:00,0.3333333333333333,0.3333333333333333,0.3333333333333333
2024-10-08 07:30:00+00:00,4.0,0.3333333333333333,4.0
2024-10-08 07:40:00+00:00,274.0,0.3333333333333333,274.0
2024-10-08 07:50:00+00:00,1144.0,116.0,1028.0
2024-10-08 08:00:00+00:00,2626.0,632.0,1994.0
2024-10-08 08:10:00+00:00,2454.0,542.0,1912.0
2024-10-08 08:20:00+00:00,2156.0,288.0,1868.0
2024-10-08 08:30:00+00:00,2450.0,556.0,1894.0
2024-10-08 08:40:00+00:00,1972.0,902.0,1070.0
2024-10-08 08:50:00+00:00,1954.0,618.0,1336.0
2024-10-08 09:00:00+00:00,1386.0,462.0,924.0
2024-10-08 09:10:00+00:00,1068.0,736.0,332.0
2024-10-08 09:20:00+00:00,840.0,466.0,374.0
2024-10-08 09:30:00+00:00,1366.0,864.0,502.0
2024-10-08 09:40:00+00:00,1132.0,0.3333333333333333,1132.0
2024-10-08 09:50:00+00:00,216.0,0.3333333333333333,216.0
2024-10-08 10:00:00+00:00,2422.0,90.0,2332.0
2024-10-08 10:10:00+00:00,2032.0,0.3333333333333333,2032.0
2024-10-08 10:20:00+00:00,1106.0,0.3333333333333333,1106.0
2024-10-08 10:30:00+00:00,1038.0,2.0,1036.0
2024-10-08 10:40:00+00:00,924.0,0.3333333333333333,924.0
2024-10-08 10:50:00+00:00,1948.0,0.3333333333333333,1948.0
2024-10-08 11:00:00+00:00,674.0,0.3333333333333333,674.0
2024-10-08 11:10:00+00:00,850.0,0.3333333333333333,850.0
2024-10-08 11:20:00+00:00,1710.0,0.3333333333333333,1710.0
2024-10-08 11:30:00+00:00,564.0,0.3333333333333333,564.0
2024-10-08 11:40:00+00:00,338.0,0.3333333333333333,338.0
2024-10-08 11:50:00+00:00,746.0,0.3333333333333333,746.0
2024-10-08 12:00:00+00:00,786.0,0.3333333333333333,786.0
2024-10-08 12:10:00+00:00,936.0,0.3333333333333333,936.0
2024-10-08 12:20:00+00:00,500.0,0.3333333333333333,500.0
2024-10-08 12:30:00+00:00,68.0,0.3333333333333333,68.0
2024-10-08 12:40:00+00:00,92.0,0.3333333333333333,92.0
2024-10-08 12:50:00+00:00,0.3333333333333333,0.3333333333333333,0.3333333333333333
2024-10-08 13:00:00+00:00,0.3333333333333333,0.3333333333333333,0.3333333333333333
2024-10-08 13:10:00+00:00,0.3333333333333333,0.3333333333333333,0.3333333333333333
2024-10-08 13:20:00+00:00,0.3333333333333333,0.3333333333333333,0.3333333333333333
2024-10-08 13:30:00+00:00,0.3333333333333333,0.3333333333333333,0.3333333333333333
2024-10-08 13:40:00+00:00,0.3333333333333333,0.3333333333333333,0.3333333333333333
2024-10-08 13:50:00+00:00,0.3333333333333333,0.3333333333333333,0.3333333333333333
2024-10-08 14:00:00+00:00,0.3333333333333333,0.3333333333333333,0.3333333333333333
2024-10-08 14:10:00+00:00,0.3333333333333333,0.3333333333333333,0.3333333333333333
2024-10-08 14:20:00+00:00,0.3333333333333333,0.3333333333333333,0.3333333333333333
2024-10-08 14:30:00+00:00,0.3333333333333333,0.3333333333333333,0.3333333333333333
2024-10-08 14:40:00+00:00,0.3333333333333333,0.3333333333333333,0.3333333333333333
2024-10-08 14:50:00+00:00,0.3333333333333333,0.3333333333333333,0.3333333333333333
2024-10-08 15:00:00+00:00,0.3333333333333333,0.3333333333333333,0.3333333333333333
2024-10-08 15:10:00+00:00,0.3333333333333333,0.3333333333333333,0.3333333333333333
2024-10-08 15:20:00+00:00,0.3333333333333333,0.3333333333333333,0.3333333333333333
2024-10-08 15:30:00+00:00,0.3333333333333333,0.3333333333333333,0.3333333333333333
2024-10-08 15:40:00+00:00,0.3333333333333333,0.3333333333333333,0.3333333333333333
2024-10-08 15:50:00+00:00,0.3333333333333333,0.3333333333333333,0.3333333333333333
2024-10-08 16:00:00+00:00,0.3333333333333333,0.3333333333333333,0.3333333333333333
2024-10-08 16:10:00+00:00,0.3333333333333333,0.3333333333333333,0.3333333333333333
2024-10-08 16:20:00+00:00,0.3333333333333333,0.3333333333333333,0.3333333333333333
2024-10-08 16:30:00+00:00,0.3333333333333333,0.3333333333333333,0.3333333333333333
2024-10-08 16:40:00+00:00,0.3333333333333333,0.3333333333333333,0.3333333333333333
2024-10-08 16:50:00+00:00,0.3333333333333333,0.3333333333333333,0.3333333333333333
2024-10-08 17:00:00+00:00,0.3333333333333333,0.3333333333333333,0.3333333333333333
2024-10-08 17:10:00+00:00,0.3333333333333333,0.3333333333333333,0.3333333333333333
2024-10-08 17:20:00+00:00,0.3333333333333333,0.3333333333333333,0.3333333333333333
2024-10-08 17:30:00+00:00,0.3333333333333333,0.3333333333333333,0.3333333333333333
2024-10-08 17:40:00+00:00,0.3333333333333333,0.3333333333333333,0.3333333333333333
2024-10-08 17:50:00+00:00,0.3333333333333333,0.3333333333333333,0.3333333333333333
2024-10-08 18:00:00+00:00,0.3333333333333333,0.3333333333333333,0.3333333333333333
2024-10-08 18:10:00+00:00,0.3333333333333333,0.3333333333333333,0.3333333333333333
2024-10-08 18:20:00+00:00,0.3333333333333333,0.3333333333333333,0.3333333333333333
2024-10-08 18:30:00+00:00,0.3333333333333333,0.3333333333333333,0.3333333333333333
2024-10-08 18:40:00+00:00,0.3333333333333333,0.3333333333333333,0.3333333333333333
2024-10-08 18:50:00+00:00,0.3333333333333333,0.3333333333333333,0.3333333333333333
2024-10-08 19:00:00+00:00,0.3333333333333333,0.3333333333333333,0.3333333333333333
2024-10-08 19:10:00+00:00,0.3333333333333333,0.3333333333333333,0.3333333333333333
2024-10-08 19:20:00+00:00,0.3333333333333333,0.3333333333333333,0.3333333333333333
2024-10-08 19:30:00+00:00,0.3333333333333333,0.3333333333333333,0.3333333333333333
2024-10-08 19:40:00+00:00,0.3333333333333333,0.3333333333333333,0.3333333333333333
2024-10-08 19:50:00+00:00,0.3333333333333333,0.3333333333333333,0.3333333333333333
2024-10-08 20:00:00+00:00,0.3333333333333333,0.3333333333333333,0.3333333333333333
2024-10-08 20:10:00+00:00,0.3333333333333333,0.3333333333333333,0.3333333333333333
2024-10-08 20:20:00+00:00,0.3333333333333333,0.3333333333333333,0.3333333333333333
2024-10-08 20:30:00+00:00,0.3333333333333333,0.3333333333333333,0.3333333333333333
2024-10-08 20:40:00+00:00,0.3333333333333333,0.3333333333333333,0.3333333333333333
2024-10-08 20:50:00+00:00,0.3333333333333333,0.3333333333333333,0.3333333333333333
2024-10-08 21:00:00+00:00,0.3333333333333333,0.3333333333333333,0.3333333333333333
2024-10-08 21:10:00+00:00,0.3333333333333333,0.3333333333333333,0.3333333333333333
2024-10-08 21:20:00+00:00,0.3333333333333333,0.3333333333333333,0.3333333333333333
2024-10-08 21:30:00+00:00,0.3333333333333333,0.3333333333333333,0.3333333333333333
2024-10-08 21:40:00+00:00,0.3333333333333333,0.3333333333333333,0.3333333333333333
2024-10-08 21:50:00+00:00,0.3333333333333333,0.3333333333333333,0.3333333333333333
2024-10-08 22:00:00+00:00,0.3333333333333333,0.3333333333333333,0.3333333333333333
2024-10-08 22:10:00+00:00,0.3333333333333333,0.3333333333333333,0.3333333333333333
2024-10-08 22:20:00+00:00,0.3333333333333333,0.3333333333333333,0.3333333333333333
2024-10-08 22:30:00+00:00,0.3333333333333333,0.3333333333333333,0.3333333333333333
2024-10-08 22:40:00+00:00,0.3333333333333333,0.3333333333333333,0.3333333333333333
2024-10-08 22:50:00+00:00,0.3333333333333333,0.3333333333333333,0.3333333333333333
2024-10-08 23:00:00+00:00,0.3333333333333333,0.3333333333333333,0.3333333333333333
2024-10-08 23:10:00+00:00,0.3333333333333333,0.3333333333333333,0.3333333333333333
2024-10-08 23:20:00+00:00,2.0,2.0,0.3333333333333333
2024-10-08 23:30:00+00:00,0.3333333333333333,0.3333333333333333,0.3333333333333333
2024-10-08 23:40:00+00:00,0.3333333333333333,0.3333333333333333,0.3333333333333333
2024-10-08 23:50:00+00:00,0.3333333333333333,0.3333333333333333,0.3333333333333333
2024-10-09 00:00:00+00:00,0.3333333333333333,0.3333333333333333,0.3333333333333333
2024-10-09 00:10:00+00:00,0.3333333333333333,0.3333333333333333,0.3333333333333333
2024-10-09 00:20:00+00:00,0.3333333333333333,0.3333333333333333,0.3333333333333333
2024-10-09 00:30:00+00:00,0.3333333333333333,0.3333333333333333,0.3333333333333333
2024-10-09 00:40:00+00:00,0.3333333333333333,0.3333333333333333,0.3333333333333333
2024-10-09 00:50:00+00:00,0.3333333333333333,0.3333333333333333,0.3333333333333333
2024-10-09 01:00:00+00:00,0.3333333333333333,0.3333333333333333,0.3333333333333333
2024-10-09 01:10:00+00:00,0.3333333333333333,0.3333333333333333,0.3333333333333333
2024-10-09 01:20:00+00:00,2.0,2.0,0.3333333333333333
2024-10-09 01:30:00+00:00,0.3333333333333333,0.3333333333333333,0.3333333333333333
2024-10-09 01:40:00+00:00,0.3333333333333333,0.3333333333333333,0.3333333333333333
2024-10-09 01:50:00+00:00,0.3333333333333333,0.3333333333333333,0.3333333333333333
2024-10-09 02:00:00+00:00,82.0,0.3333333333333333,82.0
2024-10-09 02:10:00+00:00,386.0,14.0,372.0
2024-10-09 02:20:00+00:00,202.0,0.3333333333333333,202.0
2024-10-09 02:30:00+00:00,406.0,66.0,340.0
2024-10-09 02:40:00+00:00,170.0,0.3333333333333333,170.0
2024-10-09 02:50:00+00:00,1506.0,0.3333333333333333,1506.0
2024-10-09 03:00:00+00:00,444.0,50.0,394.0
2024-10-09 03:10:00+00:00,626.0,0.3333333333333333,626.0
2024-10-09 03:20:00+00:00,376.0,34.0,342.0
2024-10-09 03:30:00+00:00,76.0,0.3333333333333333,76.0
2024-10-09 03:40:00+00:00,308.0,2.0,306.0
2024-10-09 03:50:00+00:00,798.0,2.0,796.0
2024-10-09 04:00:00+00:00,218.0,0.3333333333333333,218.0
2024-10-09 04:10:00+00:00,572.0,0.3333333333333333,572.0
2024-10-09 04:20:00+00:00,544.0,0.3333333333333333,544.0
2024-10-09 04:30:00+00:00,368.0,90.0,278.0
2024-10-09 04:40:00+00:00,392.0,6.0,386.0
2024-10-09 04:50:00+00:00,284.0,70.0,214.0
2024-10-09 05:00:00+00:00,162.0,0.3333333333333333,162.0
2024-10-09 05:10:00+00:00,0.3333333333333333,0.3333333333333333,0.3333333333333333
2024-10-09 05:20:00+00:00,0.3333333333333333,0.3333333333333333,0.3333333333333333
2024-10-09 05:30:00+00:00,18.0,16.0,2.0
2024-10-09 05:40:00+00:00,90.0,10.0,80.0
2024-10-09 05:50:00+00:00,80.0,0.3333333333333333,80.0
2024-10-09 06:00:00+00:00,10.0,0.3333333333333333,10.0
2024-10-09 06:10:00+00:00,82.0,0.3333333333333333,82.0
2024-10-09 06:20:00+00:00,96.0,52.0,44.0
2024-10-09 06:30:00+00:00,246.0,0.3333333333333333,246.0
2024-10-09 06:40:00+00:00,138.0,0.3333333333333333,138.0
2024-10-09 06:50:00+00:00,12.0,0.3333333333333333,12.0
2024-10-09 07:00:00+00:00,48.0,0.3333333333333333,48.0
2024-10-09 07:10:00+00:00,0.3333333333333333,0.3333333333333333,0.3333333333333333
2024-10-09 07:20:00+00:00,62.0,0.3333333333333333,62.0
2024-10-09 07:30:00+00:00,62.0,0.3333333333333333,62.0
2024-10-09 07:40:00+00:00,2.0,0.3333333333333333,2.0
2024-10-09 07:50:00+00:00,38.0,0.3333333333333333,38.0
2024-10-09 08:00:00+00:00,352.0,0.3333333333333333,352.0
2024-10-09 08:10:00+00:00,52.0,0.3333333333333333,52.0
2024-10-09 08:20:00+00:00,444.0,0.3333333333333333,444.0
2024-10-09 08:30:00+00:00,624.0,2.0,622.0
2024-10-09 08:40:00+00:00,390.0,0.3333333333333333,390.0
2024-10-09 08:50:00+00:00,716.0,0.3333333333333333,716.0
2024-10-09 09:00:00+00:00,210.0,0.3333333333333333,210.0
2024-10-09 09:10:00+00:00,62.0,0.3333333333333333,62.0
2024-10-09 09:20:00+00:00,70.0,0.3333333333333333,70.0
2024-10-09 09:30:00+00:00,182.0,0.3333333333333333,182.0
2024-10-09 09:40:00+00:00,260.0,0.3333333333333333,260.0
2024-10-09 09:50:00+00:00,366.0,0.3333333333333333,366.0
2024-10-09 10:00:00+00:00,62.0,0.3333333333333333,62.0
2024-10-09 10:10:00+00:00,414.0,36.0,378.0
2024-10-09 10:20:00+00:00,352.0,0.3333333333333333,352.0
2024-10-09 10:30:00+00:00,282.0,0.3333333333333333,282.0
2024-10-09 10:40:00+00:00,156.0,0.3333333333333333,156.0
2024-10-09 10:50:00+00:00,232.0,0.3333333333333333,232.0
2024-10-09 11:00:00+00:00,344.0,0.3333333333333333,344.0
2024-10-09 11:10:00+00:00,228.0,0.3333333333333333,228.0
2024-10-09 11:20:00+00:00,104.0,0.3333333333333333,104.0
2024-10-09 11:30:00+00:00,418.0,0.3333333333333333,418.0
2024-10-09 11:40:00+00:00,26.0,0.3333333333333333,26.0
2024-10-09 11:50:00+00:00,100.0,0.3333333333333333,100.0
2024-10-09 12:00:00+00:00,30.0,0.3333333333333333,30.0
2024-10-09 12:10:00+00:00,306.0,0.3333333333333333,306.0
2024-10-09 12:20:00+00:00,122.0,0.3333333333333333,122.0
2024-10-09 12:30:00+00:00,74.0,0.3333333333333333,74.0
2024-10-09 12:40:00+00:00,24.0,0.3333333333333333,24.0
2024-10-09 12:50:00+00:00,0.3333333333333333,0.3333333333333333,0.3333333333333333
2024-10-09 13:00:00+00:00,0.3333333333333333,0.3333333333333333,0.3333333333333333
2024-10-09 13:10:00+00:00,0.3333333333333333,0.3333333333333333,0.3333333333333333
2024-10-09 13:20:00+00:00,64.0,0.3333333333333333,64.0
2024-10-09 13:30:00+00:00,14.0,0.3333333333333333,14.0
2024-10-09 13:40:00+00:00,62.0,0.3333333333333333,62.0
2024-10-09 13:50:00+00:00,28.0,0.3333333333333333,28.0
2024-10-09 14:00:00+00:00,0.3333333333333333,0.3333333333333333,0.3333333333333333
2024-10-09 14:10:00+00:00,0.3333333333333333,0.3333333333333333,0.3333333333333333
2024-10-09 14:20:00+00:00,0.3333333333333333,0.3333333333333333,0.3333333333333333
2024-10-09 14:30:00+00:00,0.3333333333333333,0.3333333333333333,0.3333333333333333
2024-10-09 14:40:00+00:00,0.3333333333333333,0.3333333333333333,0.3333333333333333
2024-10-09 14:50:00+00:00,0.3333333333333333,0.3333333333333333,0.3333333333333333
2024-10-09 15:00:00+00:00,0.3333333333333333,0.3333333333333333,0.3333333333333333
2024-10-09 15:10:00+00:00,0.3333333333333333,0.3333333333333333,0.3333333333333333
2024-10-09 15:20:00+00:00,0.3333333333333333,0.3333333333333333,0.3333333333333333
2024-10-09 15:30:00+00:00,0.3333333333333333,0.3333333333333333,0.3333333333333333
2024-10-09 15:40:00+00:00,0.3333333333333333,0.3333333333333333,0.3333333333333333
2024-10-09 15:50:00+00:00,0.3333333333333333,0.3333333333333333,0.3333333333333333
2024-10-09 16:00:00+00:00,0.3333333333333333,0.3333333333333333,0.3333333333333333
2024-10-09 16:10:00+00:00,0.3333333333333333,0.3333333333333333,0.3333333333333333
2024-10-09 16:20:00+00:00,0.3333333333333333,0.3333333333333333,0.3333333333333333
2024-10-09 16:30:00+00:00,0.3333333333333333,0.3333333333333333,0.3333333333333333
2024-10-09 16:40:00+00:00,0.3333333333333333,0.3333333333333333,0.3333333333333333
2024-10-09 16:50:00+00:00,0.3333333333333333,0.3333333333333333,0.3333333333333333
2024-10-09 17:00:00+00:00,0.3333333333333333,0.3333333333333333,0.3333333333333333
2024-10-09 17:10:00+00:00,0.3333333333333333,0.3333333333333333,0.3333333333333333
2024-10-09 17:20:00+00:00,0.3333333333333333,0.3333333333333333,0.3333333333333333
2024-10-09 17:30:00+00:00,0.3333333333333333,0.3333333333333333,0.3333333333333333
2024-10-09 17:40:00+00:00,2.0,2.0,0.3333333333333333
2024-10-09 17:50:00+00:00,0.3333333333333333,0.3333333333333333,0.3333333333333333
2024-10-09 18:00:00+00:00,0.3333333333333333,0.3333333333333333,0.3333333333333333
2024-10-09 18:10:00+00:00,0.3333333333333333,0.3333333333333333,0.3333333333333333
2024-10-09 18:20:00+00:00,0.3333333333333333,0.3333333333333333,0.3333333333333333
2024-10-09 18:30:00+00:00,0.3333333333333333,0.3333333333333333,0.3333333333333333
2024-10-09 18:40:00+00:00,0.3333333333333333,0.3333333333333333,0.3333333333333333
2024-10-09 18:50:00+00:00,0.3333333333333333,0.3333333333333333,0.3333333333333333
2024-10-09 19:00:00+00:00,0.3333333333333333,0.3333333333333333,0.3333333333333333
2024-10-09 19:10:00+00:00,0.3333333333333333,0.3333333333333333,0.3333333333333333
2024-10-09 19:20:00+00:00,0.3333333333333333,0.3333333333333333,0.3333333333333333
2024-10-09 19:30:00+00:00,0.3333333333333333,0.3333333333333333,0.3333333333333333
2024-10-09 19:40:00+00:00,0.3333333333333333,0.3333333333333333,0.3333333333333333
2024-10-09 19:50:00+00:00,0.3333333333333333,0.3333333333333333,0.3333333333333333
2024-10-09 20:00:00+00:00,0.3333333333333333,0.3333333333333333,0.3333333333333333
2024-10-09 20:10:00+00:00,0.3333333333333333,0.3333333333333333,0.3333333333333333
2024-10-09 20:20:00+00:00,0.3333333333333333,0.3333333333333333,0.3333333333333333
2024-10-09 20:30:00+00:00,0.3333333333333333,0.3333333333333333,0.3333333333333333
2024-10-09 20:40:00+00:00,0.3333333333333333,0.3333333333333333,0.3333333333333333
2024-10-09 20:50:00+00:00,0.3333333333333333,0.3333333333333333,0.3333333333333333
2024-10-09 21:00:00+00:00,0.3333333333333333,0.3333333333333333,0.3333333333333333
2024-10-09 21:10:00+00:00,0.3333333333333333,0.3333333333333333,0.3333333333333333
2024-10-09 21:20:00+00:00,0.3333333333333333,0.3333333333333333,0.3333333333333333
2024-10-09 21:30:00+00:00,0.3333333333333333,0.3333333333333333,0.3333333333333333
2024-10-09 21:40:00+00:00,0.3333333333333333,0.3333333333333333,0.3333333333333333
2024-10-09 21:50:00+00:00,0.3333333333333333,0.3333333333333333,0.3333333333333333
2024-10-09 22:00:00+00:00,0.3333333333333333,0.3333333333333333,0.3333333333333333
2024-10-09 22:10:00+00:00,0.3333333333333333,0.3333333333333333,0.3333333333333333
2024-10-09 22:20:00+00:00,0.3333333333333333,0.3333333333333333,0.3333333333333333
2024-10-09 22:30:00+00:00,0.3333333333333333,0.3333333333333333,0.3333333333333333
2024-10-09 22:40:00+00:00,0.3333333333333333,0.3333333333333333,0.3333333333333333
2024-10-09 22:50:00+00:00,0.3333333333333333,0.3333333333333333,0.3333333333333333
2024-10-09 23:00:00+00:00,0.3333333333333333,0.3333333333333333,0.3333333333333333
2024-10-09 23:10:00+00:00,0.3333333333333333,0.3333333333333333,0.3333333333333333
2024-10-09 23:20:00+00:00,0.3333333333333333,0.3333333333333333,0.3333333333333333
2024-10-09 23:30:00+00:00,0.3333333333333333,0.3333333333333333,0.3333333333333333
2024-10-09 23:40:00+00:00,0.3333333333333333,0.3333333333333333,0.3333333333333333
2024-10-09 23:50:00+00:00,0.3333333333333333,0.3333333333333333,0.3333333333333333
2024-10-10 00:00:00+00:00,0.3333333333333333,0.3333333333333333,0.3333333333333333
2024-10-10 00:10:00+00:00,0.3333333333333333,0.3333333333333333,0.3333333333333333
2024-10-10 00:20:00+00:00,0.3333333333333333,0.3333333333333333,0.3333333333333333
2024-10-10 00:30:00+00:00,0.3333333333333333,0.3333333333333333,0.3333333333333333
2024-10-10 00:40:00+00:00,0.3333333333333333,0.3333333333333333,0.3333333333333333
2024-10-10 00:50:00+00:00,0.3333333333333333,0.3333333333333333,0.3333333333333333
2024-10-10 01:00:00+00:00,0.3333333333333333,0.3333333333333333,0.3333333333333333
2024-10-10 01:10:00+00:00,0.3333333333333333,0.3333333333333333,0.3333333333333333
2024-10-10 01:20:00+00:00,0.3333333333333333,0.3333333333333333,0.3333333333333333
2024-10-10 01:30:00+00:00,0.3333333333333333,0.3333333333333333,0.3333333333333333
2024-10-10 01:40:00+00:00,0.3333333333333333,0.3333333333333333,0.3333333333333333
2024-10-10 01:50:00+00:00,0.3333333333333333,0.3333333333333333,0.3333333333333333
2024-10-10 02:00:00+00:00,104.0,100.0,4.0
2024-10-10 02:10:00+00:00,166.0,10.0,156.0
2024-10-10 02:20:00+00:00,544.0,0.3333333333333333,544.0
2024-10-10 02:30:00+00:00,770.0,0.3333333333333333,770.0
2024-10-10 02:40:00+00:00,578.0,0.3333333333333333,578.0
2024-10-10 02:50:00+00:00,958.0,0.3333333333333333,958.0
2024-10-10 03:00:00+00:00,110.0,0.3333333333333333,110.0
2024-10-10 03:10:00+00:00,204.0,0.3333333333333333,204.0
2024-10-10 03:20:00+00:00,324.0,0.3333333333333333,324.0
2024-10-10 03:30:00+00:00,210.0,0.3333333333333333,210.0
2024-10-10 03:40:00+00:00,80.0,2.0,78.0
2024-10-10 03:50:00+00:00,4.0,0.3333333333333333,4.0
2024-10-10 04:00:00+00:00,274.0,0.3333333333333333,274.0
2024-10-10 04:10:00+00:00,320.0,82.0,238.0
2024-10-10 04:20:00+00:00,0.3333333333333333,0.3333333333333333,0.3333333333333333
2024-10-10 04:30:00+00:00,592.0,0.3333333333333333,592.0
2024-10-10 04:40:00+00:00,760.0,0.3333333333333333,760.0
2024-10-10 04:50:00+00:00,502.0,0.3333333333333333,502.0
2024-10-10 05:00:00+00:00,0.3333333333333333,0.3333333333333333,0.3333333333333333
2024-10-10 05:10:00+00:00,8.0,0.3333333333333333,8.0
2024-10-10 05:20:00+00:00,186.0,0.3333333333333333,186.0
2024-10-10 05:30:00+00:00,894.0,0.3333333333333333,894.0
2024-10-10 05:40:00+00:00,902.0,0.3333333333333333,902.0
2024-10-10 05:50:00+00:00,122.0,0.3333333333333333,122.0
2024-10-10 06:00:00+00:00,28.0,0.3333333333333333,28.0
2024-10-10 06:10:00+00:00,64.0,0.3333333333333333,64.0
2024-10-10 06:20:00+00:00,100.0,0.3333333333333333,100.0
2024-10-10 06:30:00+00:00,0.3333333333333333,0.3333333333333333,0.3333333333333333
2024-10-10 06:40:00+00:00,0.3333333333333333,0.3333333333333333,0.3333333333333333
2024-10-10 06:50:00+00:00,0.3333333333333333,0.3333333333333333,0.3333333333333333
2024-10-10 07:00:00+00:00,0.3333333333333333,0.3333333333333333,0.3333333333333333
2024-10-10 07:10:00+00:00,0.3333333333333333,0.3333333333333333,0.3333333333333333
2024-10-10 07:20:00+00:00,0.3333333333333333,0.3333333333333333,0.3333333333333333
2024-10-10 07:30:00+00:00,0.3333333333333333,0.3333333333333333,0.3333333333333333
2024-10-10 07:40:00+00:00,0.3333333333333333,0.3333333333333333,0.3333333333333333
2024-10-10 07:50:00+00:00,0.3333333333333333,0.3333333333333333,0.3333333333333333
2024-10-10 08:00:00+00:00,6.0,0.3333333333333333,6.0
2024-10-10 08:10:00+00:00,0.3333333333333333,0.3333333333333333,0.3333333333333333
2024-10-10 08:20:00+00:00,78.0,0.3333333333333333,78.0
2024-10-10 08:30:00+00:00,0.3333333333333333,0.3333333333333333,0.3333333333333333
2024-10-10 08:40:00+00:00,0.3333333333333333,0.3333333333333333,0.3333333333333333
2024-10-10 08:50:00+00:00,0.3333333333333333,0.3333333333333333,0.3333333333333333
2024-10-10 09:00:00+00:00,34.0,0.3333333333333333,34.0
2024-10-10 09:10:00+00:00,74.0,0.3333333333333333,74.0
2024-10-10 09:20:00+00:00,106.0,0.3333333333333333,106.0
2024-10-10 09:30:00+00:00,0.3333333333333333,0.3333333333333333,0.3333333333333333
2024-10-10 09:40:00+00:00,0.3333333333333333,0.3333333333333333,0.3333333333333333
2024-10-10 09:50:00+00:00,0.3333333333333333,0.3333333333333333,0.3333333333333333
2024-10-10 10:00:00+00:00,0.3333333333333333,0.3333333333333333,0.3333333333333333
2024-10-10 10:10:00+00:00,142.0,0.3333333333333333,142.0
2024-10-10 10:20:00+00:00,18.0,0.3333333333333333,18.0
2024-10-10 10:30:00+00:00,0.3333333333333333,0.3333333333333333,0.3333333333333333
2024-10-10 10:40:00+00:00,0.3333333333333333,0.3333333333333333,0.3333333333333333
2024-10-10 10:50:00+00:00,0.3333333333333333,0.3333333333333333,0.3333333333333333
2024-10-10 11:00:00+00:00,34.0,0.3333333333333333,34.0
2024-10-10 11:10:00+00:00,0.3333333333333333,0.3333333333333333,0.3333333333333333
2024-10-10 11:20:00+00:00,0.3333333333333333,0.3333333333333333,0.3333333333333333
2024-10-10 11:30:00+00:00,0.3333333333333333,0.3333333333333333,0.3333333333333333
2024-10-10 11:40:00+00:00,0.3333333333333333,0.3333333333333333,0.3333333333333333
2024-10-10 11:50:00+00:00,0.3333333333333333,0.3333333333333333,0.3333333333333333
2024-10-10 12:00:00+00:00,0.3333333333333333,0.3333333333333333,0.3333333333333333
2024-10-10 12:10:00+00:00,0.3333333333333333,0.3333333333333333,0.3333333333333333
2024-10-10 12:20:00+00:00,0.3333333333333333,0.3333333333333333,0.3333333333333333
2024-10-10 12:30:00+00:00,0.3333333333333333,0.3333333333333333,0.3333333333333333
2024-10-10 12:40:00+00:00,2.0,0.3333333333333333,2.0
2024-10-10 12:50:00+00:00,0.3333333333333333,0.3333333333333333,0.3333333333333333
2024-10-10 13:00:00+00:00,0.3333333333333333,0.3333333333333333,0.3333333333333333
2024-10-10 13:10:00+00:00,0.3333333333333333,0.3333333333333333,0.3333333333333333
2024-10-10 13:20:00+00:00,0.3333333333333333,0.3333333333333333,0.3333333333333333
2024-10-10 13:30:00+00:00,0.3333333333333333,0.3333333333333333,0.3333333333333333
2024-10-10 13:40:00+00:00,0.3333333333333333,0.3333333333333333,0.3333333333333333
2024-10-10 13:50:00+00:00,0.3333333333333333,0.3333333333333333,0.3333333333333333
2024-10-10 14:00:00+00:00,2.0,2.0,0.3333333333333333
2024-10-10 14:10:00+00:00,0.3333333333333333,0.3333333333333333,0.3333333333333333
2024-10-10 14:20:00+00:00,0.3333333333333333,0.3333333333333333,0.3333333333333333
2024-10-10 14:30:00+00:00,0.3333333333333333,0.3333333333333333,0.3333333333333333
2024-10-10 14:40:00+00:00,0.3333333333333333,0.3333333333333333,0.3333333333333333
2024-10-10 14:50:00+00:00,0.3333333333333333,0.3333333333333333,0.3333333333333333
2024-10-10 15:00:00+00:00,0.3333333333333333,0.3333333333333333,0.3333333333333333
2024-10-10 15:10:00+00:00,0.3333333333333333,0.3333333333333333,0.3333333333333333
2024-10-10 15:20:00+00:00,0.3333333333333333,0.3333333333333333,0.3333333333333333
2024-10-10 15:30:00+00:00,0.3333333333333333,0.3333333333333333,0.3333333333333333
2024-10-10 15:40:00+00:00,0.3333333333333333,0.3333333333333333,0.3333333333333333
2024-10-10 15:50:00+00:00,0.3333333333333333,0.3333333333333333,0.3333333333333333
2024-10-10 16:00:00+00:00,0.3333333333333333,0.3333333333333333,0.3333333333333333
2024-10-10 16:10:00+00:00,0.3333333333333333,0.3333333333333333,0.3333333333333333
2024-10-10 16:20:00+00:00,0.3333333333333333,0.3333333333333333,0.3333333333333333
2024-10-10 16:30:00+00:00,0.3333333333333333,0.3333333333333333,0.3333333333333333
2024-10-10 16:40:00+00:00,0.3333333333333333,0.3333333333333333,0.3333333333333333
2024-10-10 16:50:00+00:00,0.3333333333333333,0.3333333333333333,0.3333333333333333
2024-10-10 17:00:00+00:00,0.3333333333333333,0.3333333333333333,0.3333333333333333
2024-10-10 17:10:00+00:00,0.3333333333333333,0.3333333333333333,0.3333333333333333
2024-10-10 17:20:00+00:00,0.3333333333333333,0.3333333333333333,0.3333333333333333
2024-10-10 17:30:00+00:00,0.3333333333333333,0.3333333333333333,0.3333333333333333
2024-10-10 17:40:00+00:00,0.3333333333333333,0.3333333333333333,0.3333333333333333
2024-10-10 17:50:00+00:00,0.3333333333333333,0.3333333333333333,0.3333333333333333
2024-10-10 18:00:00+00:00,0.3333333333333333,0.3333333333333333,0.3333333333333333
2024-10-10 18:10:00+00:00,2.0,2.0,0.3333333333333333
2024-10-10 18:20:00+00:00,0.3333333333333333,0.3333333333333333,0.3333333333333333
2024-10-10 18:30:00+00:00,0.3333333333333333,0.3333333333333333,0.3333333333333333
2024-10-10 18:40:00+00:00,0.3333333333333333,0.3333333333333333,0.3333333333333333
2024-10-10 18:50:00+00:00,0.3333333333333333,0.3333333333333333,0.3333333333333333
2024-10-10 19:00:00+00:00,0.3333333333333333,0.3333333333333333,0.3333333333333333
2024-10-10 19:10:00+00:00,0.3333333333333333,0.3333333333333333,0.3333333333333333
2024-10-10 19:20:00+00:00,0.3333333333333333,0.3333333333333333,0.3333333333333333
2024-10-10 19:30:00+00:00,0.3333333333333333,0.3333333333333333,0.3333333333333333
2024-10-10 19:40:00+00:00,0.3333333333333333,0.3333333333333333,0.3333333333333333
2024-10-10 19:50:00+00:00,0.3333333333333333,0.3333333333333333,0.3333333333333333
2024-10-10 20:00:00+00:00,0.3333333333333333,0.3333333333333333,0.3333333333333333
2024-10-10 20:10:00+00:00,0.3333333333333333,0.3333333333333333,0.3333333333333333
2024-10-10 20:20:00+00:00,0.3333333333333333,0.3333333333333333,0.3333333333333333
2024-10-10 20:30:00+00:00,0.3333333333333333,0.3333333333333333,0.3333333333333333
2024-10-10 20:40:00+00:00,0.3333333333333333,0.3333333333333333,0.3333333333333333
2024-10-10 20:50:00+00:00,0.3333333333333333,0.3333333333333333,0.3333333333333333
2024-10-10 21:00:00+00:00,0.3333333333333333,0.3333333333333333,0.3333333333333333
2024-10-10 21:10:00+00:00,0.3333333333333333,0.3333333333333333,0.3333333333333333
2024-10-10 21:20:00+00:00,0.3333333333333333,0.3333333333333333,0.3333333333333333
2024-10-10 21:30:00+00:00,2.0,2.0,0.3333333333333333
2024-10-10 21:40:00+00:00,0.3333333333333333,0.3333333333333333,0.3333333333333333
2024-10-10 21:50:00+00:00,0.3333333333333333,0.3333333333333333,0.3333333333333333
2024-10-10 22:00:00+00:00,0.3333333333333333,0.3333333333333333,0.3333333333333333
2024-10-10 22:10:00+00:00,0.3333333333333333,0.3333333333333333,0.3333333333333333
2024-10-10 22:20:00+00:00,0.3333333333333333,0.3333333333333333,0.3333333333333333
2024-10-10 22:30:00+00:00,0.3333333333333333,0.3333333333333333,0.3333333333333333
2024-10-10 22:40:00+00:00,0.3333333333333333,0.3333333333333333,0.3333333333333333
2024-10-10 22:50:00+00:00,0.3333333333333333,0.3333333333333333,0.3333333333333333
2024-10-10 23:00:00+00:00,0.3333333333333333,0.3333333333333333,0.3333333333333333
2024-10-10 23:10:00+00:00,0.3333333333333333,0.3333333333333333,0.3333333333333333
2024-10-10 23:20:00+00:00,2.0,2.0,0.3333333333333333
2024-10-10 23:30:00+00:00,0.3333333333333333,0.3333333333333333,0.3333333333333333
2024-10-10 23:40:00+00:00,0.3333333333333333,0.3333333333333333,0.3333333333333333
2024-10-10 23:50:00+00:00,0.3333333333333333,0.3333333333333333,0.3333333333333333
2024-10-11 00:00:00+00:00,0.3333333333333333,0.3333333333333333,0.3333333333333333
2024-10-11 00:10:00+00:00,0.3333333333333333,0.3333333333333333,0.3333333333333333
2024-10-11 00:20:00+00:00,0.3333333333333333,0.3333333333333333,0.3333333333333333
2024-10-11 00:30:00+00:00,0.3333333333333333,0.3333333333333333,0.3333333333333333
2024-10-11 00:40:00+00:00,0.3333333333333333,0.3333333333333333,0.3333333333333333
2024-10-11 00:50:00+00:00,0.3333333333333333,0.3333333333333333,0.3333333333333333
2024-10-11 01:00:00+00:00,0.3333333333333333,0.3333333333333333,0.3333333333333333
2024-10-11 01:10:00+00:00,0.3333333333333333,0.3333333333333333,0.3333333333333333
2024-10-11 01:20:00+00:00,0.3333333333333333,0.3333333333333333,0.3333333333333333
2024-10-11 01:30:00+00:00,0.3333333333333333,0.3333333333333333,0.3333333333333333
2024-10-11 01:40:00+00:00,0.3333333333333333,0.3333333333333333,0.3333333333333333
2024-10-11 01:50:00+00:00,0.3333333333333333,0.3333333333333333,0.3333333333333333
2024-10-11 02:00:00+00:00,30.0,0.3333333333333333,30.0
2024-10-11 02:10:00+00:00,140.0,0.3333333333333333,140.0
2024-10-11 02:20:00+00:00,86.0,0.3333333333333333,86.0
2024-10-11 02:30:00+00:00,0.3333333333333333,0.3333333333333333,0.3333333333333333
2024-10-11 02:40:00+00:00,34.0,0.3333333333333333,34.0
2024-10-11 02:50:00+00:00,88.0,88.0,0.3333333333333333
2024-10-11 03:00:00+00:00,22.0,0.3333333333333333,22.0
2024-10-11 03:10:00+00:00,0.3333333333333333,0.3333333333333333,0.3333333333333333
2024-10-11 03:20:00+00:00,0.3333333333333333,0.3333333333333333,0.3333333333333333
2024-10-11 03:30:00+00:00,0.3333333333333333,0.3333333333333333,0.3333333333333333
2024-10-11 03:40:00+00:00,0.3333333333333333,0.3333333333333333,0.3333333333333333
2024-10-11 03:50:00+00:00,0.3333333333333333,0.3333333333333333,0.3333333333333333
2024-10-11 04:00:00+00:00,4.0,0.3333333333333333,4.0
2024-10-11 04:10:00+00:00,0.3333333333333333,0.3333333333333333,0.3333333333333333
2024-10-11 04:20:00+00:00,0.3333333333333333,0.3333333333333333,0.3333333333333333
2024-10-11 04:30:00+00:00,0.3333333333333333,0.3333333333333333,0.3333333333333333
2024-10-11 04:40:00+00:00,2.0,2.0,0.3333333333333333
2024-10-11 04:50:00+00:00,0.3333333333333333,0.3333333333333333,0.3333333333333333
2024-10-11 05:00:00+00:00,0.3333333333333333,0.3333333333333333,0.3333333333333333
2024-10-11 05:10:00+00:00,2.0,0.3333333333333333,2.0
2024-10-11 05:20:00+00:00,0.3333333333333333,0.3333333333333333,0.3333333333333333
2024-10-11 05:30:00+00:00,0.3333333333333333,0.3333333333333333,0.3333333333333333
2024-10-11 05:40:00+00:00,0.3333333333333333,0.3333333333333333,0.3333333333333333
2024-10-11 05:50:00+00:00,0.3333333333333333,0.3333333333333333,0.3333333333333333
2024-10-11 06:00:00+00:00,20.0,4.0,16.0
2024-10-11 06:10:00+00:00,0.3333333333333333,0.3333333333333333,0.3333333333333333
2024-10-11 06:20:00+00:00,60.0,60.0,0.3333333333333333
2024-10-11 06:30:00+00:00,40.0,40.0,0.3333333333333333
2024-10-11 06:40:00+00:00,0.3333333333333333,0.3333333333333333,0.3333333333333333
2024-10-11 06:50:00+00:00,0.3333333333333333,0.3333333333333333,0.3333333333333333
2024-10-11 07:00:00+00:00,0.3333333333333333,0.3333333333333333,0.3333333333333333
2024-10-11 07:10:00+00:00,0.3333333333333333,0.3333333333333333,0.3333333333333333
2024-10-11 07:20:00+00:00,0.3333333333333333,0.3333333333333333,0.3333333333333333
2024-10-11 07:30:00+00:00,6.0,6.0,0.3333333333333333
2024-10-11 07:40:00+00:00,0.3333333333333333,0.3333333333333333,0.3333333333333333
2024-10-11 07:50:00+00:00,0.3333333333333333,0.3333333333333333,0.3333333333333333
2024-10-11 08:00:00+00:00,8.0,8.0,0.3333333333333333
2024-10-11 08:10:00+00:00,30.0,30.0,0.3333333333333333
2024-10-11 08:20:00+00:00,0.3333333333333333,0.3333333333333333,0.3333333333333333
2024-10-11 08:30:00+00:00,0.3333333333333333,0.3333333333333333,0.3333333333333333
2024-10-11 08:40:00+00:00,0.3333333333333333,0.3333333333333333,0.3333333333333333
2024-10-11 08:50:00+00:00,0.3333333333333333,0.3333333333333333,0.3333333333333333
2024-10-11 09:00:00+00:00,0.3333333333333333,0.3333333333333333,0.3333333333333333
2024-10-11 09:10:00+00:00,0.3333333333333333,0.3333333333333333,0.3333333333333333
2024-10-11 09:20:00+00:00,0.3333333333333333,0.3333333333333333,0.3333333333333333
2024-10-11 09:30:00+00:00,0.3333333333333333,0.3333333333333333,0.3333333333333333
2024-10-11 09:40:00+00:00,0.3333333333333333,0.3333333333333333,0.3333333333333333
2024-10-11 09:50:00+00:00,72.0,52.0,20.0
2024-10-11 10:00:00+00:00,0.3333333333333333,0.3333333333333333,0.3333333333333333
2024-10-11 10:10:00+00:00,8.0,0.3333333333333333,8.0
2024-10-11 10:20:00+00:00,0.3333333333333333,0.3333333333333333,0.3333333333333333
2024-10-11 10:30:00+00:00,0.3333333333333333,0.3333333333333333,0.3333333333333333
2024-10-11 10:40:00+00:00,0.3333333333333333,0.3333333333333333,0.3333333333333333
2024-10-11 10:50:00+00:00,0.3333333333333333,0.3333333333333333,0.3333333333333333
2024-10-11 11:00:00+00:00,0.3333333333333333,0.3333333333333333,0.3333333333333333
2024-10-11 11:10:00+00:00,0.3333333333333333,0.3333333333333333,0.3333333333333333
2024-10-11 11:20:00+00:00,0.3333333333333333,0.3333333333333333,0.3333333333333333
2024-10-11 11:30:00+00:00,0.3333333333333333,0.3333333333333333,0.3333333333333333
2024-10-11 11:40:00+00:00,0.3333333333333333,0.3333333333333333,0.3333333333333333
2024-10-11 11:50:00+00:00,0.3333333333333333,0.3333333333333333,0.3333333333333333
2024-10-11 12:00:00+00:00,0.3333333333333333,0.3333333333333333,0.3333333333333333
2024-10-11 12:10:00+00:00,0.3333333333333333,0.3333333333333333,0.3333333333333333
2024-10-11 12:20:00+00:00,0.3333333333333333,0.3333333333333333,0.3333333333333333
2024-10-11 12:30:00+00:00,0.3333333333333333,0.3333333333333333,0.3333333333333333
2024-10-11 12:40:00+00:00,0.3333333333333333,0.3333333333333333,0.3333333333333333
2024-10-11 12:50:00+00:00,0.3333333333333333,0.3333333333333333,0.3333333333333333
2024-10-11 13:00:00+00:00,0.3333333333333333,0.3333333333333333,0.3333333333333333
2024-10-11 13:10:00+00:00,0.3333333333333333,0.3333333333333333,0.3333333333333333
2024-10-11 13:20:00+00:00,0.3333333333333333,0.3333333333333333,0.3333333333333333
2024-10-11 13:30:00+00:00,0.3333333333333333,0.3333333333333333,0.3333333333333333
2024-10-11 13:40:00+00:00,0.3333333333333333,0.3333333333333333,0.3333333333333333
2024-10-11 13:50:00+00:00,0.3333333333333333,0.3333333333333333,0.3333333333333333
2024-10-11 14:00:00+00:00,0.3333333333333333,0.3333333333333333,0.3333333333333333
2024-10-11 14:10:00+00:00,0.3333333333333333,0.3333333333333333,0.3333333333333333
2024-10-11 14:20:00+00:00,0.3333333333333333,0.3333333333333333,0.3333333333333333
2024-10-11 14:30:00+00:00,0.3333333333333333,0.3333333333333333,0.3333333333333333
2024-10-11 14:40:00+00:00,0.3333333333333333,0.3333333333333333,0.3333333333333333
2024-10-11 14:50:00+00:00,0.3333333333333333,0.3333333333333333,0.3333333333333333
2024-10-11 15:00:00+00:00,0.3333333333333333,0.3333333333333333,0.3333333333333333
2024-10-11 15:10:00+00:00,0.3333333333333333,0.3333333333333333,0.3333333333333333
2024-10-11 15:20:00+00:00,0.3333333333333333,0.3333333333333333,0.3333333333333333
2024-10-11 15:30:00+00:00,0.3333333333333333,0.3333333333333333,0.3333333333333333
2024-10-11 15:40:00+00:00,0.3333333333333333,0.3333333333333333,0.3333333333333333
2024-10-11 15:50:00+00:00,0.3333333333333333,0.3333333333333333,0.3333333333333333
2024-10-11 16:00:00+00:00,0.3333333333333333,0.3333333333333333,0.3333333333333333
2024-10-11 16:10:00+00:00,0.3333333333333333,0.3333333333333333,0.3333333333333333
2024-10-11 16:20:00+00:00,0.3333333333333333,0.3333333333333333,0.3333333333333333
2024-10-11 16:30:00+00:00,0.3333333333333333,0.3333333333333333,0.3333333333333333
2024-10-11 16:40:00+00:00,0.3333333333333333,0.3333333333333333,0.3333333333333333
2024-10-11 16:50:00+00:00,0.3333333333333333,0.3333333333333333,0.3333333333333333
2024-10-11 17:00:00+00:00,0.3333333333333333,0.3333333333333333,0.3333333333333333
2024-10-11 17:10:00+00:00,0.3333333333333333,0.3333333333333333,0.3333333333333333
2024-10-11 17:20:00+00:00,0.3333333333333333,0.3333333333333333,0.3333333333333333
2024-10-11 17:30:00+00:00,0.3333333333333333,0.3333333333333333,0.3333333333333333
2024-10-11 17:40:00+00:00,0.3333333333333333,0.3333333333333333,0.3333333333333333
2024-10-11 17:50:00+00:00,0.3333333333333333,0.3333333333333333,0.3333333333333333
2024-10-11 18:00:00+00:00,0.3333333333333333,0.3333333333333333,0.3333333333333333
2024-10-11 18:10:00+00:00,0.3333333333333333,0.3333333333333333,0.3333333333333333
2024-10-11 18:20:00+00:00,0.3333333333333333,0.3333333333333333,0.3333333333333333
2024-10-11 18:30:00+00:00,0.3333333333333333,0.3333333333333333,0.3333333333333333
2024-10-11 18:40:00+00:00,0.3333333333333333,0.3333333333333333,0.3333333333333333
2024-10-11 18:50:00+00:00,0.3333333333333333,0.3333333333333333,0.3333333333333333
2024-10-11 19:00:00+00:00,0.3333333333333333,0.3333333333333333,0.3333333333333333
2024-10-11 19:10:00+00:00,0.3333333333333333,0.3333333333333333,0.3333333333333333
2024-10-11 19:20:00+00:00,0.3333333333333333,0.3333333333333333,0.3333333333333333
2024-10-11 19:30:00+00:00,0.3333333333333333,0.3333333333333333,0.3333333333333333
2024-10-11 19:40:00+00:00,0.3333333333333333,0.3333333333333333,0.3333333333333333
2024-10-11 19:50:00+00:00,0.3333333333333333,0.3333333333333333,0.3333333333333333
2024-10-11 20:00:00+00:00,0.3333333333333333,0.3333333333333333,0.3333333333333333
2024-10-11 20:10:00+00:00,0.3333333333333333,0.3333333333333333,0.3333333333333333
2024-10-11 20:20:00+00:00,0.3333333333333333,0.3333333333333333,0.3333333333333333
2024-10-11 20:30:00+00:00,0.3333333333333333,0.3333333333333333,0.3333333333333333
2024-10-11 20:40:00+00:00,0.3333333333333333,0.3333333333333333,0.3333333333333333
2024-10-11 20:50:00+00:00,0.3333333333333333,0.3333333333333333,0.3333333333333333
2024-10-11 21:00:00+00:00,0.3333333333333333,0.3333333333333333,0.3333333333333333
2024-10-11 21:10:00+00:00,0.3333333333333333,0.3333333333333333,0.3333333333333333
2024-10-11 21:20:00+00:00,2.0,2.0,0.3333333333333333
2024-10-11 21:30:00+00:00,0.3333333333333333,0.3333333333333333,0.3333333333333333
2024-10-11 21:40:00+00:00,0.3333333333333333,0.3333333333333333,0.3333333333333333
2024-10-11 21:50:00+00:00,0.3333333333333333,0.3333333333333333,0.3333333333333333
2024-10-11 22:00:00+00:00,0.3333333333333333,0.3333333333333333,0.3333333333333333
2024-10-11 22:10:00+00:00,0.0,0.0,0.0
