date_and_time_UTC,callrate,LFcallrate,HFcallrate
2026-07-24 17:30:00+00:00,0.2,0.0,0.2
2026-07-24 17:40:00+00:00,0.6,0.4,0.2
2026-07-24 17:50:00+00:00,0.0,0.0,0.0
2026-07-24 18:00:00+00:00,0.0,0.0,0.0
2026-07-24 18:10:00+00:00,0.2,0.2,0.0
2026-07-24 18:20:00+00:00,0.0,0.0,0.0
2026-07-24 18:30:00+00:00,0.4,0.4,0.0
2026-07-24 18:40:00+00:00,0.0,0.0,0.0
2026-07-24 18:50:00+00:00,0.0,0.0,0.0
2026-07-24 19:00:00+00:00,0.0,0.0,0.0
2026-07-24 19:10:00+00:00,0.0,0.0,0.0
2026-07-24 19:20:00+00:00,0.0,0.0,0.0
2026-07-24 19:30:00+00:00,0.0,0.0,0.0
2026-07-24 19:40:00+00:00,0.0,0.0,0.0
2026-07-24 19:50:00+00:00,0.0,0.0,0.0
2026-07-24 20:00:00+00:00,0.0,0.0,0.0
2026-07-24 20:10:00+00:00,0.0,0.0,0.0
2026-07-24 20:20:00+00:00,0.0,0.0,0.0
2026-07-24 20:30:00+00:00,0.0,0.0,0.0
2026-07-24 20:40:00+00:00,0.0,0.0,0.0
2026-07-24 20:50:00+00:00,0.0,0.0,0.0
2026-07-24 21:00:00+00:00,0.0,0.0,0.0
2026-07-24 21:10:00+00:00,0.0,0.0,0.0
2026-07-24 21:20:00+00:00,0.0,0.0,0.0
2026-07-24 21:30:00+00:00,0.0,0.0,0.0
2026-07-24 21:40:00+00:00,0.0,0.0,0.0
2026-07-24 21:50:00+00:00,0.0,0.0,0.0
2026-07-24 22:00:00+00:00,0.0,0.0,0.0
2026-07-24 22:10:00+00:00,0.0,0.0,0.0
2026-07-24 22:20:00+00:00,0.0,0.0,0.0
2026-07-24 22:30:00+00:00,0.0,0.0,0.0
2026-07-24 22:40:00+00:00,0.0,0.0,0.0
2026-07-24 22:50:00+00:00,0.0,0.0,0.0
2026-07-24 23:00:00+00:00,0.0,0.0,0.0
2026-07-24 23:10:00+00:00,0.0,0.0,0.0
2026-07-24 23:20:00+00:00,0.0,0.0,0.0
2026-07-24 23:30:00+00:00,0.0,0.0,0.0
2026-07-24 23:40:00+00:00,0.0,0.0,0.0
2026-07-24 23:50:00+00:00,0.0,0.0,0.0
2026-07-25 00:00:00+00:00,0.0,0.0,0.0
2026-07-25 00:10:00+00:00,0.0,0.0,0.0
2026-07-25 00:20:00+00:00,0.0,0.0,0.0
2026-07-25 00:30:00+00:00,0.0,0.0,0.0
2026-07-25 00:40:00+00:00,0.0,0.0,0.0
2026-07-25 00:50:00+00:00,0.0,0.0,0.0
2026-07-25 01:00:00+00:00,0.0,0.0,0.0
2026-07-25 01:10:00+00:00,0.0,0.0,0.0
2026-07-25 01:20:00+00:00,0.0,0.0,0.0
2026-07-25 01:30:00+00:00,0.0,0.0,0.0
2026-07-25 01:40:00+00:00,0.0,0.0,0.0
2026-07-25 01:50:00+00:00,0.0,0.0,0.0
2026-07-25 02:00:00+00:00,0.0,0.0,0.0
2026-07-25 02:10:00+00:00,0.0,0.0,0.0
2026-07-25 02:20:00+00:00,0.0,0.0,0.0
2026-07-25 02:30:00+00:00,0.0,0.0,0.0
2026-07-25 02:40:00+00:00,0.0,0.0,0.0
2026-07-25 02:50:00+00:00,0.0,0.0,0.0
2026-07-25 03:00:00+00:00,0.0,0.0,0.0
2026-07-25 03:10:00+00:00,0.0,0.0,0.0
2026-07-25 03:20:00+00:00,0.0,0.0,0.0
2026-07-25 03:30:00+00:00,0.0,0.0,0.0
2026-07-25 03:40:00+00:00,0.0,0.0,0.0
2026-07-25 03:50:00+00:00,0.0,0.0,0.0
2026-07-25 04:00:00+00:00,0.0,0.0,0.0
2026-07-25 04:10:00+00:00,0.0,0.0,0.0
2026-07-25 04:20:00+00:00,0.0,0.0,0.0
2026-07-25 04:30:00+00:00,3.8,3.8,0.0
2026-07-25 04:40:00+00:00,0.0,0.0,0.0
2026-07-25 04:50:00+00:00,0.0,0.0,0.0
2026-07-25 05:00:00+00:00,0.8,0.8,0.0
2026-07-25 05:10:00+00:00,6.4,0.0,6.4
2026-07-25 05:20:00+00:00,0.6,0.6,0.0
2026-07-25 05:30:00+00:00,12.0,0.0,12.0
2026-07-25 05:40:00+00:00,0.0,0.0,0.0
2026-07-25 05:50:00+00:00,5.2,5.2,0.0
2026-07-25 06:00:00+00:00,0.0,0.0,0.0
2026-07-25 06:10:00+00:00,15.4,9.2,6.2
2026-07-25 06:20:00+00:00,0.0,0.0,0.0
2026-07-25 06:30:00+00:00,0.0,0.0,0.0
2026-07-25 06:40:00+00:00,7.0,0.0,7.0
2026-07-25 06:50:00+00:00,9.0,9.0,0.0
2026-07-25 07:00:00+00:00,8.8,6.0,2.8
2026-07-25 07:10:00+00:00,1.2,0.4,0.8
2026-07-25 07:20:00+00:00,1.0,0.6,0.4
2026-07-25 07:30:00+00:00,44.6,1.8,42.8
2026-07-25 07:40:00+00:00,7.6,0.2,7.4
2026-07-25 07:50:00+00:00,3.6,0.0,3.6
2026-07-25 08:00:00+00:00,134.2,0.0,134.2
2026-07-25 08:10:00+00:00,16.6,0.0,16.6
2026-07-25 08:20:00+00:00,11.0,2.6,8.4
2026-07-25 08:30:00+00:00,0.0,0.0,0.0
2026-07-25 08:40:00+00:00,1.6,0.0,1.6
2026-07-25 08:50:00+00:00,9.6,0.0,9.6
2026-07-25 09:00:00+00:00,3.4,0.0,3.4
2026-07-25 09:10:00+00:00,0.4,0.4,0.0
2026-07-25 09:20:00+00:00,4.2,0.0,4.2
2026-07-25 09:30:00+00:00,0.0,0.0,0.0
2026-07-25 09:40:00+00:00,138.4,0.0,138.4
2026-07-25 09:50:00+00:00,48.8,0.8,48.0
2026-07-25 10:00:00+00:00,49.0,0.0,49.0
2026-07-25 10:10:00+00:00,69.8,0.4,69.4
2026-07-25 10:20:00+00:00,111.6,0.0,111.6
2026-07-25 10:30:00+00:00,285.2,0.0,285.2
2026-07-25 10:40:00+00:00,121.6,0.0,121.6
2026-07-25 10:50:00+00:00,82.4,0.0,82.4
2026-07-25 11:00:00+00:00,188.8,0.0,188.8
2026-07-25 11:10:00+00:00,329.8,0.2,329.6
2026-07-25 11:20:00+00:00,34.2,0.0,34.2
2026-07-25 11:30:00+00:00,39.2,0.0,39.2
2026-07-25 11:40:00+00:00,67.4,0.0,67.4
2026-07-25 11:50:00+00:00,0.4,0.0,0.4
2026-07-25 12:00:00+00:00,0.0,0.0,0.0
2026-07-25 12:10:00+00:00,0.0,0.0,0.0
2026-07-25 12:20:00+00:00,0.0,0.0,0.0
2026-07-25 12:30:00+00:00,0.0,0.0,0.0
2026-07-25 12:40:00+00:00,0.0,0.0,0.0
2026-07-25 12:50:00+00:00,0.0,0.0,0.0
2026-07-25 13:00:00+00:00,0.0,0.0,0.0
2026-07-25 13:10:00+00:00,0.0,0.0,0.0
2026-07-25 13:20:00+00:00,0.0,0.0,0.0
2026-07-25 13:30:00+00:00,0.0,0.0,0.0
2026-07-25 13:40:00+00:00,0.0,0.0,0.0
2026-07-25 13:50:00+00:00,0.0,0.0,0.0
2026-07-25 14:00:00+00:00,0.0,0.0,0.0
2026-07-25 14:10:00+00:00,0.0,0.0,0.0
2026-07-25 14:20:00+00:00,0.0,0.0,0.0
2026-07-25 14:30:00+00:00,0.2,0.2,0.0
2026-07-25 14:40:00+00:00,0.0,0.0,0.0
2026-07-25 14:50:00+00:00,0.0,0.0,0.0
2026-07-25 15:00:00+00:00,0.0,0.0,0.0
2026-07-25 15:10:00+00:00,0.0,0.0,0.0
2026-07-25 15:20:00+00:00,0.0,0.0,0.0
2026-07-25 15:30:00+00:00,0.0,0.0,0.0
2026-07-25 15:40:00+00:00,0.0,0.0,0.0
2026-07-25 15:50:00+00:00,0.0,0.0,0.0
2026-07-25 16:00:00+00:00,0.0,0.0,0.0
2026-07-25 16:10:00+00:00,0.0,0.0,0.0
2026-07-25 16:20:00+00:00,0.0,0.0,0.0
2026-07-25 16:30:00+00:00,0.0,0.0,0.0
2026-07-25 16:40:00+00:00,0.0,0.0,0.0
2026-07-25 16:50:00+00:00,0.0,0.0,0.0
2026-07-25 17:00:00+00:00,0.0,0.0,0.0
2026-07-25 17:10:00+00:00,0.0,0.0,0.0
2026-07-25 17:20:00+00:00,0.0,0.0,0.0
2026-07-25 17:30:00+00:00,0.0,0.0,0.0
2026-07-25 17:40:00+00:00,0.0,0.0,0.0
2026-07-25 17:50:00+00:00,0.0,0.0,0.0
2026-07-25 18:00:00+00:00,0.0,0.0,0.0
2026-07-25 18:10:00+00:00,0.0,0.0,0.0
2026-07-25 18:20:00+00:00,0.0,0.0,0.0
2026-07-25 18:30:00+00:00,0.0,0.0,0.0
2026-07-25 18:40:00+00:00,0.0,0.0,0.0
2026-07-25 18:50:00+00:00,0.0,0.0,0.0
2026-07-25 19:00:00+00:00,0.0,0.0,0.0
2026-07-25 19:10:00+00:00,0.0,0.0,0.0
2026-07-25 19:20:00+00:00,0.0,0.0,0.0
2026-07-25 19:30:00+00:00,0.0,0.0,0.0
2026-07-25 19:40:00+00:00,0.0,0.0,0.0
2026-07-25 19:50:00+00:00,0.0,0.0,0.0
2026-07-25 20:00:00+00:00,0.2,0.2,0.0
2026-07-25 20:10:00+00:00,0.0,0.0,0.0
2026-07-25 20:20:00+00:00,0.0,0.0,0.0
2026-07-25 20:30:00+00:00,0.0,0.0,0.0
2026-07-25 20:40:00+00:00,0.0,0.0,0.0
2026-07-25 20:50:00+00:00,0.0,0.0,0.0
2026-07-25 21:00:00+00:00,0.0,0.0,0.0
2026-07-25 21:10:00+00:00,0.0,0.0,0.0
2026-07-25 21:20:00+00:00,0.0,0.0,0.0
2026-07-25 21:30:00+00:00,0.0,0.0,0.0
2026-07-25 21:40:00+00:00,0.2,0.2,0.0
2026-07-25 21:50:00+00:00,0.0,0.0,0.0
2026-07-25 22:00:00+00:00,0.0,0.0,0.0
2026-07-25 22:10:00+00:00,0.0,0.0,0.0
2026-07-25 22:20:00+00:00,0.0,0.0,0.0
2026-07-25 22:30:00+00:00,0.0,0.0,0.0
2026-07-25 22:40:00+00:00,0.2,0.2,0.0
2026-07-25 22:50:00+00:00,0.0,0.0,0.0
2026-07-25 23:00:00+00:00,0.0,0.0,0.0
2026-07-25 23:10:00+00:00,0.0,0.0,0.0
2026-07-25 23:20:00+00:00,0.0,0.0,0.0
2026-07-25 23:30:00+00:00,0.0,0.0,0.0
2026-07-25 23:40:00+00:00,0.0,0.0,0.0
2026-07-25 23:50:00+00:00,0.0,0.0,0.0
2026-07-26 00:00:00+00:00,0.0,0.0,0.0
2026-07-26 00:10:00+00:00,0.0,0.0,0.0
2026-07-26 00:20:00+00:00,0.0,0.0,0.0
2026-07-26 00:30:00+00:00,0.2,0.2,0.0
2026-07-26 00:40:00+00:00,0.0,0.0,0.0
2026-07-26 00:50:00+00:00,0.0,0.0,0.0
2026-07-26 01:00:00+00:00,0.0,0.0,0.0
2026-07-26 01:10:00+00:00,0.0,0.0,0.0
2026-07-26 01:20:00+00:00,0.2,0.2,0.0
2026-07-26 01:30:00+00:00,0.0,0.0,0.0
2026-07-26 01:40:00+00:00,0.0,0.0,0.0
2026-07-26 01:50:00+00:00,0.0,0.0,0.0
2026-07-26 02:00:00+00:00,0.0,0.0,0.0
2026-07-26 02:10:00+00:00,0.0,0.0,0.0
2026-07-26 02:20:00+00:00,0.0,0.0,0.0
2026-07-26 02:30:00+00:00,0.0,0.0,0.0
2026-07-26 02:40:00+00:00,0.0,0.0,0.0
2026-07-26 02:50:00+00:00,0.0,0.0,0.0
2026-07-26 03:00:00+00:00,0.0,0.0,0.0
2026-07-26 03:10:00+00:00,0.0,0.0,0.0
2026-07-26 03:20:00+00:00,0.0,0.0,0.0
2026-07-26 03:30:00+00:00,0.0,0.0,0.0
2026-07-26 03:40:00+00:00,0.0,0.0,0.0
2026-07-26 03:50:00+00:00,0.0,0.0,0.0
2026-07-26 04:00:00+00:00,0.0,0.0,0.0
2026-07-26 04:10:00+00:00,0.0,0.0,0.0
2026-07-26 04:20:00+00:00,0.0,0.0,0.0
2026-07-26 04:30:00+00:00,0.0,0.0,0.0
2026-07-26 04:40:00+00:00,10.6,0.0,10.6
2026-07-26 04:50:00+00:00,25.4,5.4,20.0
2026-07-26 05:00:00+00:00,8.6,0.0,8.6
2026-07-26 05:10:00+00:00,77.2,11.2,66.0
2026-07-26 05:20:00+00:00,33.8,21.0,12.8
2026-07-26 05:30:00+00:00,7.8,4.2,3.6
2026-07-26 05:40:00+00:00,22.4,14.2,8.2
2026-07-26 05:50:00+00:00,33.2,0.0,33.2
2026-07-26 06:00:00+00:00,40.0,1.6,38.4
2026-07-26 06:10:00+00:00,99.8,33.4,66.4
2026-07-26 06:20:00+00:00,14.8,4.4,10.4
2026-07-26 06:30:00+00:00,49.0,15.0,34.0
2026-07-26 06:40:00+00:00,94.0,57.8,36.2
2026-07-26 06:50:00+00:00,248.2,32.0,216.2
2026-07-26 07:00:00+00:00,24.4,0.0,24.4
2026-07-26 07:10:00+00:00,21.0,0.6,20.4
2026-07-26 07:20:00+00:00,14.2,8.4,5.8
2026-07-26 07:30:00+00:00,26.4,0.4,26.0
2026-07-26 07:40:00+00:00,115.0,0.8,114.2
2026-07-26 07:50:00+00:00,5.4,1.4,4.0
2026-07-26 08:00:00+00:00,14.8,4.6,10.2
2026-07-26 08:10:00+00:00,16.6,7.4,9.2
2026-07-26 08:20:00+00:00,92.0,0.0,92.0
2026-07-26 08:30:00+00:00,19.6,1.0,18.6
2026-07-26 08:40:00+00:00,18.0,0.0,18.0
2026-07-26 08:50:00+00:00,1.2,0.0,1.2
2026-07-26 09:00:00+00:00,76.2,0.0,76.2
2026-07-26 09:10:00+00:00,77.8,0.0,77.8
2026-07-26 09:20:00+00:00,71.2,0.0,71.2
2026-07-26 09:30:00+00:00,55.6,0.0,55.6
2026-07-26 09:40:00+00:00,88.4,0.0,88.4
2026-07-26 09:50:00+00:00,84.6,0.0,84.6
2026-07-26 10:00:00+00:00,120.8,0.0,120.8
2026-07-26 10:10:00+00:00,191.4,0.6,190.8
2026-07-26 10:20:00+00:00,92.8,0.0,92.8
2026-07-26 10:30:00+00:00,135.2,0.0,135.2
2026-07-26 10:40:00+00:00,239.4,0.0,239.4
2026-07-26 10:50:00+00:00,184.2,0.0,184.2
2026-07-26 11:00:00+00:00,82.4,0.0,82.4
2026-07-26 11:10:00+00:00,56.0,0.0,56.0
2026-07-26 11:20:00+00:00,47.8,0.0,47.8
2026-07-26 11:30:00+00:00,79.2,0.0,79.2
2026-07-26 11:40:00+00:00,22.8,0.0,22.8
2026-07-26 11:50:00+00:00,1.0,0.0,1.0
2026-07-26 12:00:00+00:00,0.0,0.0,0.0
2026-07-26 12:10:00+00:00,0.0,0.0,0.0
2026-07-26 12:20:00+00:00,0.0,0.0,0.0
2026-07-26 12:30:00+00:00,0.0,0.0,0.0
2026-07-26 12:40:00+00:00,0.0,0.0,0.0
2026-07-26 12:50:00+00:00,0.0,0.0,0.0
2026-07-26 13:00:00+00:00,0.0,0.0,0.0
2026-07-26 13:10:00+00:00,0.0,0.0,0.0
2026-07-26 13:20:00+00:00,0.0,0.0,0.0
2026-07-26 13:30:00+00:00,0.0,0.0,0.0
2026-07-26 13:40:00+00:00,0.0,0.0,0.0
2026-07-26 13:50:00+00:00,0.0,0.0,0.0
2026-07-26 14:00:00+00:00,0.0,0.0,0.0
2026-07-26 14:10:00+00:00,0.0,0.0,0.0
2026-07-26 14:20:00+00:00,0.0,0.0,0.0
2026-07-26 14:30:00+00:00,0.0,0.0,0.0
2026-07-26 14:40:00+00:00,0.0,0.0,0.0
2026-07-26 14:50:00+00:00,0.0,0.0,0.0
2026-07-26 15:00:00+00:00,0.0,0.0,0.0
2026-07-26 15:10:00+00:00,0.0,0.0,0.0
2026-07-26 15:20:00+00:00,0.0,0.0,0.0
2026-07-26 15:30:00+00:00,0.0,0.0,0.0
2026-07-26 15:40:00+00:00,0.0,0.0,0.0
2026-07-26 15:50:00+00:00,0.0,0.0,0.0
2026-07-26 16:00:00+00:00,0.0,0.0,0.0
2026-07-26 16:10:00+00:00,0.0,0.0,0.0
2026-07-26 16:20:00+00:00,0.0,0.0,0.0
2026-07-26 16:30:00+00:00,0.0,0.0,0.0
2026-07-26 16:40:00+00:00,0.0,0.0,0.0
2026-07-26 16:50:00+00:00,0.0,0.0,0.0
2026-07-26 17:00:00+00:00,0.0,0.0,0.0
2026-07-26 17:10:00+00:00,0.0,0.0,0.0
2026-07-26 17:20:00+00:00,0.0,0.0,0.0
2026-07-26 17:30:00+00:00,0.0,0.0,0.0
2026-07-26 17:40:00+00:00,0.0,0.0,0.0
2026-07-26 17:50:00+00:00,0.0,0.0,0.0
2026-07-26 18:00:00+00:00,0.0,0.0,0.0
2026-07-26 18:10:00+00:00,0.0,0.0,0.0
2026-07-26 18:20:00+00:00,0.0,0.0,0.0
2026-07-26 18:30:00+00:00,0.0,0.0,0.0
2026-07-26 18:40:00+00:00,0.0,0.0,0.0
2026-07-26 18:50:00+00:00,0.0,0.0,0.0
2026-07-26 19:00:00+00:00,0.0,0.0,0.0
2026-07-26 19:10:00+00:00,0.0,0.0,0.0
2026-07-26 19:20:00+00:00,0.0,0.0,0.0
2026-07-26 19:30:00+00:00,0.0,0.0,0.0
2026-07-26 19:40:00+00:00,0.0,0.0,0.0
2026-07-26 19:50:00+00:00,0.0,0.0,0.0
2026-07-26 20:00:00+00:00,0.0,0.0,0.0
2026-07-26 20:10:00+00:00,0.0,0.0,0.0
2026-07-26 20:20:00+00:00,0.0,0.0,0.0
2026-07-26 20:30:00+00:00,0.0,0.0,0.0
2026-07-26 20:40:00+00:00,0.0,0.0,0.0
2026-07-26 20:50:00+00:00,0.0,0.0,0.0
2026-07-26 21:00:00+00:00,0.0,0.0,0.0
2026-07-26 21:10:00+00:00,0.0,0.0,0.0
2026-07-26 21:20:00+00:00,0.0,0.0,0.0
2026-07-26 21:30:00+00:00,0.0,0.0,0.0
2026-07-26 21:40:00+00:00,0.0,0.0,0.0
2026-07-26 21:50:00+00:00,0.0,0.0,0.0
2026-07-26 22:00:00+00:00,0.0,0.0,0.0
2026-07-26 22:10:00+00:00,0.0,0.0,0.0
2026-07-26 22:20:00+00:00,0.0,0.0,0.0
2026-07-26 22:30:00+00:00,0.0,0.0,0.0
2026-07-26 22:40:00+00:00,0.0,0.0,0.0
2026-07-26 22:50:00+00:00,0.0,0.0,0.0
2026-07-26 23:00:00+00:00,0.0,0.0,0.0
2026-07-26 23:10:00+00:00,0.0,0.0,0.0
2026-07-26 23:20:00+00:00,0.0,0.0,0.0
2026-07-26 23:30:00+00:00,0.0,0.0,0.0
2026-07-26 23:40:00+00:00,0.0,0.0,0.0
2026-07-26 23:50:00+00:00,0.0,0.0,0.0
2026-07-27 00:00:00+00:00,0.0,0.0,0.0
2026-07-27 00:10:00+00:00,0.0,0.0,0.0
2026-07-27 00:20:00+00:00,0.0,0.0,0.0
2026-07-27 00:30:00+00:00,0.0,0.0,0.0
2026-07-27 00:40:00+00:00,0.2,0.2,0.0
2026-07-27 00:50:00+00:00,0.0,0.0,0.0
2026-07-27 01:00:00+00:00,0.0,0.0,0.0
2026-07-27 01:10:00+00:00,0.0,0.0,0.0
2026-07-27 01:20:00+00:00,0.0,0.0,0.0
2026-07-27 01:30:00+00:00,0.0,0.0,0.0
2026-07-27 01:40:00+00:00,0.0,0.0,0.0
2026-07-27 01:50:00+00:00,0.0,0.0,0.0
2026-07-27 02:00:00+00:00,0.0,0.0,0.0
2026-07-27 02:10:00+00:00,0.0,0.0,0.0
2026-07-27 02:20:00+00:00,0.0,0.0,0.0
2026-07-27 02:30:00+00:00,0.0,0.0,0.0
2026-07-27 02:40:00+00:00,0.0,0.0,0.0
2026-07-27 02:50:00+00:00,0.0,0.0,0.0
2026-07-27 03:00:00+00:00,0.0,0.0,0.0
2026-07-27 03:10:00+00:00,0.0,0.0,0.0
2026-07-27 03:20:00+00:00,0.0,0.0,0.0
2026-07-27 03:30:00+00:00,0.0,0.0,0.0
2026-07-27 03:40:00+00:00,0.0,0.0,0.0
2026-07-27 03:50:00+00:00,0.0,0.0,0.0
2026-07-27 04:00:00+00:00,0.0,0.0,0.0
2026-07-27 04:10:00+00:00,0.0,0.0,0.0
2026-07-27 04:20:00+00:00,14.0,13.4,0.6
2026-07-27 04:30:00+00:00,13.4,1.6,11.8
2026-07-27 04:40:00+00:00,30.2,30.2,0.0
2026-07-27 04:50:00+00:00,0.4,0.4,0.0
2026-07-27 05:00:00+00:00,57.0,39.4,17.6
2026-07-27 05:10:00+00:00,18.8,18.4,0.4
2026-07-27 05:20:00+00:00,44.4,29.0,15.4
2026-07-27 05:30:00+00:00,156.4,67.8,88.6
2026-07-27 05:40:00+00:00,260.2,153.8,106.4
2026-07-27 05:50:00+00:00,134.6,26.8,107.8
2026-07-27 06:00:00+00:00,69.4,0.0,69.4
2026-07-27 06:10:00+00:00,278.2,8.4,269.8
2026-07-27 06:20:00+00:00,406.4,0.2,406.2
2026-07-27 06:30:00+00:00,536.8,0.0,536.8
2026-07-27 06:40:00+00:00,410.8,1.8,409.0
2026-07-27 06:50:00+00:00,311.0,0.0,311.0
2026-07-27 07:00:00+00:00,177.6,8.4,169.2
2026-07-27 07:10:00+00:00,81.2,1.2,80.0
2026-07-27 07:20:00+00:00,33.2,0.0,33.2
2026-07-27 07:30:00+00:00,16.2,0.0,16.2
2026-07-27 07:40:00+00:00,43.2,0.0,43.2
2026-07-27 07:50:00+00:00,51.8,0.0,51.8
2026-07-27 08:00:00+00:00,29.0,0.0,29.0
2026-07-27 08:10:00+00:00,87.0,1.8,85.2
2026-07-27 08:20:00+00:00,43.2,0.0,43.2
2026-07-27 08:30:00+00:00,125.8,7.8,118.0
2026-07-27 08:40:00+00:00,97.0,0.0,97.0
2026-07-27 08:50:00+00:00,123.4,0.0,123.4
2026-07-27 09:00:00+00:00,67.2,0.0,67.2
2026-07-27 09:10:00+00:00,269.8,0.0,269.8
2026-07-27 09:20:00+00:00,153.4,0.0,153.4
2026-07-27 09:30:00+00:00,191.6,0.0,191.6
2026-07-27 09:40:00+00:00,203.4,0.2,203.2
2026-07-27 09:50:00+00:00,53.4,0.0,53.4
2026-07-27 10:00:00+00:00,61.2,0.0,61.2
2026-07-27 10:10:00+00:00,188.6,0.0,188.6
2026-07-27 10:20:00+00:00,260.6,0.0,260.6
2026-07-27 10:30:00+00:00,496.0,0.0,496.0
2026-07-27 10:40:00+00:00,226.4,0.0,226.4
2026-07-27 10:50:00+00:00,155.0,0.0,155.0
2026-07-27 11:00:00+00:00,33.0,0.0,33.0
2026-07-27 11:10:00+00:00,47.8,0.0,47.8
2026-07-27 11:20:00+00:00,222.4,0.0,222.4
2026-07-27 11:30:00+00:00,40.8,0.0,40.8
2026-07-27 11:40:00+00:00,11.4,0.0,11.4
2026-07-27 11:50:00+00:00,0.0,0.0,0.0
2026-07-27 12:00:00+00:00,59.4,0.0,59.4
2026-07-27 12:10:00+00:00,0.0,0.0,0.0
2026-07-27 12:20:00+00:00,0.0,0.0,0.0
2026-07-27 12:30:00+00:00,0.0,0.0,0.0
2026-07-27 12:40:00+00:00,0.0,0.0,0.0
2026-07-27 12:50:00+00:00,0.0,0.0,0.0
2026-07-27 13:00:00+00:00,0.0,0.0,0.0
2026-07-27 13:10:00+00:00,0.0,0.0,0.0
2026-07-27 13:20:00+00:00,0.0,0.0,0.0
2026-07-27 13:30:00+00:00,0.0,0.0,0.0
2026-07-27 13:40:00+00:00,0.0,0.0,0.0
2026-07-27 13:50:00+00:00,0.0,0.0,0.0
2026-07-27 14:00:00+00:00,0.0,0.0,0.0
2026-07-27 14:10:00+00:00,0.0,0.0,0.0
2026-07-27 14:20:00+00:00,0.0,0.0,0.0
2026-07-27 14:30:00+00:00,0.0,0.0,0.0
2026-07-27 14:40:00+00:00,0.0,0.0,0.0
2026-07-27 14:50:00+00:00,0.0,0.0,0.0
2026-07-27 15:00:00+00:00,0.2,0.2,0.0
2026-07-27 15:10:00+00:00,0.0,0.0,0.0
2026-07-27 15:20:00+00:00,0.0,0.0,0.0
2026-07-27 15:30:00+00:00,0.0,0.0,0.0
2026-07-27 15:40:00+00:00,0.0,0.0,0.0
2026-07-27 15:50:00+00:00,0.0,0.0,0.0
2026-07-27 16:00:00+00:00,0.0,0.0,0.0
2026-07-27 16:10:00+00:00,0.0,0.0,0.0
2026-07-27 16:20:00+00:00,0.0,0.0,0.0
2026-07-27 16:30:00+00:00,0.0,0.0,0.0
2026-07-27 16:40:00+00:00,0.0,0.0,0.0
2026-07-27 16:50:00+00:00,0.0,0.0,0.0
2026-07-27 17:00:00+00:00,0.0,0.0,0.0
2026-07-27 17:10:00+00:00,0.0,0.0,0.0
2026-07-27 17:20:00+00:00,0.0,0.0,0.0
2026-07-27 17:30:00+00:00,0.0,0.0,0.0
2026-07-27 17:40:00+00:00,0.0,0.0,0.0
2026-07-27 17:50:00+00:00,0.0,0.0,0.0
2026-07-27 18:00:00+00:00,0.0,0.0,0.0
2026-07-27 18:10:00+00:00,0.0,0.0,0.0
2026-07-27 18:20:00+00:00,0.0,0.0,0.0
2026-07-27 18:30:00+00:00,0.0,0.0,0.0
2026-07-27 18:40:00+00:00,0.0,0.0,0.0
2026-07-27 18:50:00+00:00,0.0,0.0,0.0
2026-07-27 19:00:00+00:00,0.0,0.0,0.0
2026-07-27 19:10:00+00:00,0.0,0.0,0.0
2026-07-27 19:20:00+00:00,0.0,0.0,0.0
2026-07-27 19:30:00+00:00,0.0,0.0,0.0
2026-07-27 19:40:00+00:00,0.0,0.0,0.0
2026-07-27 19:50:00+00:00,0.0,0.0,0.0
2026-07-27 20:00:00+00:00,0.0,0.0,0.0
2026-07-27 20:10:00+00:00,0.0,0.0,0.0
2026-07-27 20:20:00+00:00,0.0,0.0,0.0
2026-07-27 20:30:00+00:00,0.0,0.0,0.0
2026-07-27 20:40:00+00:00,0.0,0.0,0.0
2026-07-27 20:50:00+00:00,0.0,0.0,0.0
2026-07-27 21:00:00+00:00,0.0,0.0,0.0
2026-07-27 21:10:00+00:00,0.0,0.0,0.0
2026-07-27 21:20:00+00:00,0.0,0.0,0.0
2026-07-27 21:30:00+00:00,0.0,0.0,0.0
2026-07-27 21:40:00+00:00,0.0,0.0,0.0
2026-07-27 21:50:00+00:00,0.0,0.0,0.0
2026-07-27 22:00:00+00:00,0.0,0.0,0.0
2026-07-27 22:10:00+00:00,0.0,0.0,0.0
2026-07-27 22:20:00+00:00,0.0,0.0,0.0
2026-07-27 22:30:00+00:00,0.0,0.0,0.0
2026-07-27 22:40:00+00:00,0.0,0.0,0.0
2026-07-27 22:50:00+00:00,0.0,0.0,0.0
2026-07-27 23:00:00+00:00,0.0,0.0,0.0
2026-07-27 23:10:00+00:00,0.0,0.0,0.0
2026-07-27 23:20:00+00:00,0.0,0.0,0.0
2026-07-27 23:30:00+00:00,0.0,0.0,0.0
2026-07-27 23:40:00+00:00,0.0,0.0,0.0
2026-07-27 23:50:00+00:00,0.0,0.0,0.0
2026-07-28 00:00:00+00:00,0.0,0.0,0.0
2026-07-28 00:10:00+00:00,0.0,0.0,0.0
2026-07-28 00:20:00+00:00,0.2,0.2,0.0
2026-07-28 00:30:00+00:00,0.0,0.0,0.0
2026-07-28 00:40:00+00:00,0.0,0.0,0.0
2026-07-28 00:50:00+00:00,0.0,0.0,0.0
2026-07-28 01:00:00+00:00,0.0,0.0,0.0
2026-07-28 01:10:00+00:00,0.0,0.0,0.0
2026-07-28 01:20:00+00:00,0.0,0.0,0.0
2026-07-28 01:30:00+00:00,0.0,0.0,0.0
2026-07-28 01:40:00+00:00,0.0,0.0,0.0
2026-07-28 01:50:00+00:00,0.0,0.0,0.0
2026-07-28 02:00:00+00:00,0.0,0.0,0.0
2026-07-28 02:10:00+00:00,0.0,0.0,0.0
2026-07-28 02:20:00+00:00,0.0,0.0,0.0
2026-07-28 02:30:00+00:00,0.0,0.0,0.0
2026-07-28 02:40:00+00:00,0.0,0.0,0.0
2026-07-28 02:50:00+00:00,0.0,0.0,0.0
2026-07-28 03:00:00+00:00,0.0,0.0,0.0
2026-07-28 03:10:00+00:00,0.0,0.0,0.0
2026-07-28 03:20:00+00:00,0.0,0.0,0.0
2026-07-28 03:30:00+00:00,0.0,0.0,0.0
2026-07-28 03:40:00+00:00,0.0,0.0,0.0
2026-07-28 03:50:00+00:00,0.0,0.0,0.0
2026-07-28 04:00:00+00:00,0.0,0.0,0.0
2026-07-28 04:10:00+00:00,0.0,0.0,0.0
2026-07-28 04:20:00+00:00,0.0,0.0,0.0
2026-07-28 04:30:00+00:00,3.2,0.0,3.2
2026-07-28 04:40:00+00:00,0.2,0.2,0.0
2026-07-28 04:50:00+00:00,8.4,2.8,5.6
2026-07-28 05:00:00+00:00,0.6,0.6,0.0
2026-07-28 05:10:00+00:00,0.0,0.0,0.0
2026-07-28 05:20:00+00:00,20.4,20.4,0.0
2026-07-28 05:30:00+00:00,10.2,10.2,0.0
2026-07-28 05:40:00+00:00,13.2,7.8,5.4
2026-07-28 05:50:00+00:00,17.2,17.2,0.0
2026-07-28 06:00:00+00:00,0.0,0.0,0.0
2026-07-28 06:10:00+00:00,9.2,9.2,0.0
2026-07-28 06:20:00+00:00,19.6,4.4,15.2
2026-07-28 06:30:00+00:00,39.4,15.6,23.8
2026-07-28 06:40:00+00:00,1.6,0.0,1.6
2026-07-28 06:50:00+00:00,27.4,25.0,2.4
2026-07-28 07:00:00+00:00,19.0,0.0,19.0
2026-07-28 07:10:00+00:00,18.4,12.6,5.8
2026-07-28 07:20:00+00:00,6.6,6.2,0.4
2026-07-28 07:30:00+00:00,51.6,0.6,51.0
2026-07-28 07:40:00+00:00,1.0,0.0,1.0
2026-07-28 07:50:00+00:00,17.8,7.0,10.8
2026-07-28 08:00:00+00:00,4.6,0.0,4.6
2026-07-28 08:10:00+00:00,61.6,0.0,61.6
2026-07-28 08:20:00+00:00,63.8,3.2,60.6
2026-07-28 08:30:00+00:00,30.6,6.6,24.0
2026-07-28 08:40:00+00:00,3.0,0.0,3.0
2026-07-28 08:50:00+00:00,151.6,13.2,138.4
2026-07-28 09:00:00+00:00,103.4,0.0,103.4
2026-07-28 09:10:00+00:00,77.4,0.0,77.4
2026-07-28 09:20:00+00:00,127.0,2.2,124.8
2026-07-28 09:30:00+00:00,93.8,0.0,93.8
2026-07-28 09:40:00+00:00,138.6,0.0,138.6
2026-07-28 09:50:00+00:00,45.8,0.0,45.8
2026-07-28 10:00:00+00:00,198.0,0.0,198.0
2026-07-28 10:10:00+00:00,248.8,0.0,248.8
2026-07-28 10:20:00+00:00,178.4,0.0,178.4
2026-07-28 10:30:00+00:00,187.0,0.0,187.0
2026-07-28 10:40:00+00:00,222.8,0.0,222.8
2026-07-28 10:50:00+00:00,70.6,0.0,70.6
2026-07-28 11:00:00+00:00,86.0,0.0,86.0
2026-07-28 11:10:00+00:00,17.0,4.6,12.4
2026-07-28 11:20:00+00:00,41.6,18.4,23.2
2026-07-28 11:30:00+00:00,51.6,0.0,51.6
2026-07-28 11:40:00+00:00,14.2,0.0,14.2
2026-07-28 11:50:00+00:00,1.4,0.0,1.4
2026-07-28 12:00:00+00:00,7.0,0.0,7.0
2026-07-28 12:10:00+00:00,0.0,0.0,0.0
2026-07-28 12:20:00+00:00,0.0,0.0,0.0
2026-07-28 12:30:00+00:00,0.0,0.0,0.0
2026-07-28 12:40:00+00:00,0.0,0.0,0.0
2026-07-28 12:50:00+00:00,0.0,0.0,0.0
2026-07-28 13:00:00+00:00,0.0,0.0,0.0
2026-07-28 13:10:00+00:00,0.0,0.0,0.0
2026-07-28 13:20:00+00:00,0.0,0.0,0.0
2026-07-28 13:30:00+00:00,0.0,0.0,0.0
2026-07-28 13:40:00+00:00,0.0,0.0,0.0
2026-07-28 13:50:00+00:00,0.0,0.0,0.0
2026-07-28 14:00:00+00:00,0.0,0.0,0.0
2026-07-28 14:10:00+00:00,0.0,0.0,0.0
2026-07-28 14:20:00+00:00,0.0,0.0,0.0
2026-07-28 14:30:00+00:00,0.0,0.0,0.0
2026-07-28 14:40:00+00:00,0.0,0.0,0.0
2026-07-28 14:50:00+00:00,0.0,0.0,0.0
2026-07-28 15:00:00+00:00,0.0,0.0,0.0
2026-07-28 15:10:00+00:00,0.0,0.0,0.0
2026-07-28 15:20:00+00:00,0.0,0.0,0.0
2026-07-28 15:30:00+00:00,0.0,0.0,0.0
2026-07-28 15:40:00+00:00,0.0,0.0,0.0
2026-07-28 15:50:00+00:00,0.0,0.0,0.0
2026-07-28 16:00:00+00:00,0.0,0.0,0.0
2026-07-28 16:10:00+00:00,0.0,0.0,0.0
2026-07-28 16:20:00+00:00,0.0,0.0,0.0
2026-07-28 16:30:00+00:00,0.0,0.0,0.0
2026-07-28 16:40:00+00:00,0.0,0.0,0.0
2026-07-28 16:50:00+00:00,0.0,0.0,0.0
2026-07-28 17:00:00+00:00,0.0,0.0,0.0
2026-07-28 17:10:00+00:00,0.0,0.0,0.0
2026-07-28 17:20:00+00:00,0.0,0.0,0.0
2026-07-28 17:30:00+00:00,0.0,0.0,0.0
2026-07-28 17:40:00+00:00,0.0,0.0,0.0
2026-07-28 17:50:00+00:00,0.0,0.0,0.0
2026-07-28 18:00:00+00:00,0.0,0.0,0.0
2026-07-28 18:10:00+00:00,0.0,0.0,0.0
2026-07-28 18:20:00+00:00,0.0,0.0,0.0
2026-07-28 18:30:00+00:00,0.0,0.0,0.0
2026-07-28 18:40:00+00:00,0.0,0.0,0.0
2026-07-28 18:50:00+00:00,0.0,0.0,0.0
2026-07-28 19:00:00+00:00,0.0,0.0,0.0
2026-07-28 19:10:00+00:00,0.0,0.0,0.0
2026-07-28 19:20:00+00:00,0.0,0.0,0.0
2026-07-28 19:30:00+00:00,0.0,0.0,0.0
2026-07-28 19:40:00+00:00,0.0,0.0,0.0
2026-07-28 19:50:00+00:00,0.0,0.0,0.0
2026-07-28 20:00:00+00:00,0.0,0.0,0.0
2026-07-28 20:10:00+00:00,0.0,0.0,0.0
2026-07-28 20:20:00+00:00,0.0,0.0,0.0
2026-07-28 20:30:00+00:00,0.0,0.0,0.0
2026-07-28 20:40:00+00:00,0.0,0.0,0.0
2026-07-28 20:50:00+00:00,0.0,0.0,0.0
2026-07-28 21:00:00+00:00,0.0,0.0,0.0
2026-07-28 21:10:00+00:00,0.0,0.0,0.0
2026-07-28 21:20:00+00:00,0.0,0.0,0.0
2026-07-28 21:30:00+00:00,0.0,0.0,0.0
2026-07-28 21:40:00+00:00,0.0,0.0,0.0
2026-07-28 21:50:00+00:00,0.0,0.0,0.0
2026-07-28 22:00:00+00:00,0.0,0.0,0.0
2026-07-28 22:10:00+00:00,0.0,0.0,0.0
2026-07-28 22:20:00+00:00,0.0,0.0,0.0
2026-07-28 22:30:00+00:00,0.0,0.0,0.0
2026-07-28 22:40:00+00:00,0.0,0.0,0.0
2026-07-28 22:50:00+00:00,0.0,0.0,0.0
2026-07-28 23:00:00+00:00,0.0,0.0,0.0
2026-07-28 23:10:00+00:00,0.0,0.0,0.0
2026-07-28 23:20:00+00:00,0.0,0.0,0.0
2026-07-28 23:30:00+00:00,0.0,0.0,0.0
2026-07-28 23:40:00+00:00,0.0,0.0,0.0
2026-07-28 23:50:00+00:00,0.0,0.0,0.0
2026-07-29 00:00:00+00:00,0.0,0.0,0.0
2026-07-29 00:10:00+00:00,0.0,0.0,0.0
2026-07-29 00:20:00+00:00,0.0,0.0,0.0
2026-07-29 00:30:00+00:00,0.0,0.0,0.0
2026-07-29 00:40:00+00:00,0.0,0.0,0.0
2026-07-29 00:50:00+00:00,0.0,0.0,0.0
2026-07-29 01:00:00+00:00,0.0,0.0,0.0
2026-07-29 01:10:00+00:00,0.0,0.0,0.0
2026-07-29 01:20:00+00:00,0.0,0.0,0.0
2026-07-29 01:30:00+00:00,0.0,0.0,0.0
2026-07-29 01:40:00+00:00,0.2,0.2,0.0
2026-07-29 01:50:00+00:00,0.0,0.0,0.0
2026-07-29 02:00:00+00:00,0.0,0.0,0.0
2026-07-29 02:10:00+00:00,0.0,0.0,0.0
2026-07-29 02:20:00+00:00,0.0,0.0,0.0
2026-07-29 02:30:00+00:00,0.0,0.0,0.0
2026-07-29 02:40:00+00:00,0.0,0.0,0.0
2026-07-29 02:50:00+00:00,0.0,0.0,0.0
2026-07-29 03:00:00+00:00,0.0,0.0,0.0
2026-07-29 03:10:00+00:00,0.0,0.0,0.0
2026-07-29 03:20:00+00:00,0.0,0.0,0.0
2026-07-29 03:30:00+00:00,0.0,0.0,0.0
2026-07-29 03:40:00+00:00,0.0,0.0,0.0
2026-07-29 03:50:00+00:00,0.0,0.0,0.0
2026-07-29 04:00:00+00:00,0.0,0.0,0.0
2026-07-29 04:10:00+00:00,0.0,0.0,0.0
2026-07-29 04:20:00+00:00,12.6,0.0,12.6
2026-07-29 04:30:00+00:00,7.0,7.0,0.0
2026-07-29 04:40:00+00:00,6.2,0.0,6.2
2026-07-29 04:50:00+00:00,0.0,0.0,0.0
2026-07-29 05:00:00+00:00,0.2,0.2,0.0
2026-07-29 05:10:00+00:00,3.8,3.8,0.0
2026-07-29 05:20:00+00:00,5.4,5.4,0.0
2026-07-29 05:30:00+00:00,0.6,0.6,0.0
2026-07-29 05:40:00+00:00,17.8,13.8,4.0
2026-07-29 05:50:00+00:00,16.2,1.6,14.6
2026-07-29 06:00:00+00:00,6.8,6.8,0.0
2026-07-29 06:10:00+00:00,0.0,0.0,0.0
2026-07-29 06:20:00+00:00,0.0,0.0,0.0
2026-07-29 06:30:00+00:00,20.4,0.0,20.4
2026-07-29 06:40:00+00:00,0.0,0.0,0.0
2026-07-29 06:50:00+00:00,4.4,0.0,4.4
2026-07-29 07:00:00+00:00,7.0,0.2,6.8
2026-07-29 07:10:00+00:00,2.4,0.0,2.4
2026-07-29 07:20:00+00:00,10.6,0.0,10.6
2026-07-29 07:30:00+00:00,24.8,0.0,24.8
2026-07-29 07:40:00+00:00,15.2,0.0,15.2
2026-07-29 07:50:00+00:00,0.6,0.0,0.6
2026-07-29 08:00:00+00:00,0.0,0.0,0.0
2026-07-29 08:10:00+00:00,7.0,2.0,5.0
2026-07-29 08:20:00+00:00,0.2,0.0,0.2
2026-07-29 08:30:00+00:00,0.2,0.0,0.2
2026-07-29 08:40:00+00:00,0.0,0.0,0.0
2026-07-29 08:50:00+00:00,15.8,0.0,15.8
2026-07-29 09:00:00+00:00,0.0,0.0,0.0
2026-07-29 09:10:00+00:00,5.0,0.0,5.0
2026-07-29 09:20:00+00:00,0.2,0.0,0.2
2026-07-29 09:30:00+00:00,0.0,0.0,0.0
2026-07-29 09:40:00+00:00,11.0,0.0,11.0
2026-07-29 09:50:00+00:00,0.2,0.2,0.0
2026-07-29 10:00:00+00:00,1.0,0.0,1.0
2026-07-29 10:10:00+00:00,0.0,0.0,0.0
2026-07-29 10:20:00+00:00,0.0,0.0,0.0
2026-07-29 10:30:00+00:00,2.4,0.0,2.4
2026-07-29 10:40:00+00:00,0.6,0.0,0.6
2026-07-29 10:50:00+00:00,0.0,0.0,0.0
2026-07-29 11:00:00+00:00,0.0,0.0,0.0
2026-07-29 11:10:00+00:00,7.2,0.0,7.2
2026-07-29 11:20:00+00:00,15.2,0.0,15.2
2026-07-29 11:30:00+00:00,0.0,0.0,0.0
2026-07-29 11:40:00+00:00,1.6,0.0,1.6
2026-07-29 11:50:00+00:00,0.4,0.4,0.0
2026-07-29 12:00:00+00:00,6.0,0.0,6.0
2026-07-29 12:10:00+00:00,0.0,0.0,0.0
2026-07-29 12:20:00+00:00,0.0,0.0,0.0
2026-07-29 12:30:00+00:00,0.0,0.0,0.0
2026-07-29 12:40:00+00:00,0.0,0.0,0.0
2026-07-29 12:50:00+00:00,0.0,0.0,0.0
2026-07-29 13:00:00+00:00,0.0,0.0,0.0
2026-07-29 13:10:00+00:00,0.0,0.0,0.0
2026-07-29 13:20:00+00:00,0.6,0.6,0.0
2026-07-29 13:30:00+00:00,0.0,0.0,0.0
2026-07-29 13:40:00+00:00,0.0,0.0,0.0
2026-07-29 13:50:00+00:00,0.0,0.0,0.0
2026-07-29 14:00:00+00:00,0.2,0.2,0.0
2026-07-29 14:10:00+00:00,0.0,0.0,0.0
2026-07-29 14:20:00+00:00,0.0,0.0,0.0
2026-07-29 14:30:00+00:00,0.2,0.2,0.0
2026-07-29 14:40:00+00:00,0.0,0.0,0.0
2026-07-29 14:50:00+00:00,0.0,0.0,0.0
2026-07-29 15:00:00+00:00,0.0,0.0,0.0
2026-07-29 15:10:00+00:00,0.0,0.0,0.0
2026-07-29 15:20:00+00:00,0.0,0.0,0.0
2026-07-29 15:30:00+00:00,0.0,0.0,0.0
2026-07-29 15:40:00+00:00,0.0,0.0,0.0
2026-07-29 15:50:00+00:00,0.0,0.0,0.0
2026-07-29 16:00:00+00:00,0.0,0.0,0.0
2026-07-29 16:10:00+00:00,0.2,0.2,0.0
2026-07-29 16:20:00+00:00,0.0,0.0,0.0
2026-07-29 16:30:00+00:00,0.0,0.0,0.0
2026-07-29 16:40:00+00:00,0.0,0.0,0.0
2026-07-29 16:50:00+00:00,0.0,0.0,0.0
2026-07-29 17:00:00+00:00,0.0,0.0,0.0
2026-07-29 17:10:00+00:00,0.0,0.0,0.0
2026-07-29 17:20:00+00:00,0.0,0.0,0.0
2026-07-29 17:30:00+00:00,0.0,0.0,0.0
2026-07-29 17:40:00+00:00,0.0,0.0,0.0
2026-07-29 17:50:00+00:00,0.0,0.0,0.0
2026-07-29 18:00:00+00:00,0.4,0.4,0.0
2026-07-29 18:10:00+00:00,0.0,0.0,0.0
2026-07-29 18:20:00+00:00,0.0,0.0,0.0
2026-07-29 18:30:00+00:00,0.0,0.0,0.0
2026-07-29 18:40:00+00:00,0.0,0.0,0.0
2026-07-29 18:50:00+00:00,0.0,0.0,0.0
2026-07-29 19:00:00+00:00,0.0,0.0,0.0
2026-07-29 19:10:00+00:00,0.0,0.0,0.0
2026-07-29 19:20:00+00:00,0.0,0.0,0.0
2026-07-29 19:30:00+00:00,0.0,0.0,0.0
2026-07-29 19:40:00+00:00,0.0,0.0,0.0
2026-07-29 19:50:00+00:00,0.0,0.0,0.0
2026-07-29 20:00:00+00:00,0.0,0.0,0.0
2026-07-29 20:10:00+00:00,0.0,0.0,0.0
2026-07-29 20:20:00+00:00,0.0,0.0,0.0
2026-07-29 20:30:00+00:00,0.0,0.0,0.0
2026-07-29 20:40:00+00:00,0.0,0.0,0.0
2026-07-29 20:50:00+00:00,0.0,0.0,0.0
2026-07-29 21:00:00+00:00,0.0,0.0,0.0
2026-07-29 21:10:00+00:00,0.0,0.0,0.0
2026-07-29 21:20:00+00:00,0.0,0.0,0.0
2026-07-29 21:30:00+00:00,0.0,0.0,0.0
2026-07-29 21:40:00+00:00,0.2,0.2,0.0
2026-07-29 21:50:00+00:00,0.0,0.0,0.0
2026-07-29 22:00:00+00:00,0.0,0.0,0.0
2026-07-29 22:10:00+00:00,0.0,0.0,0.0
2026-07-29 22:20:00+00:00,0.0,0.0,0.0
2026-07-29 22:30:00+00:00,0.0,0.0,0.0
2026-07-29 22:40:00+00:00,0.0,0.0,0.0
2026-07-29 22:50:00+00:00,0.2,0.2,0.0
2026-07-29 23:00:00+00:00,0.0,0.0,0.0
2026-07-29 23:10:00+00:00,0.0,0.0,0.0
2026-07-29 23:20:00+00:00,0.0,0.0,0.0
2026-07-29 23:30:00+00:00,0.0,0.0,0.0
2026-07-29 23:40:00+00:00,0.0,0.0,0.0
2026-07-29 23:50:00+00:00,0.0,0.0,0.0
2026-07-30 00:00:00+00:00,0.0,0.0,0.0
2026-07-30 00:10:00+00:00,0.0,0.0,0.0
2026-07-30 00:20:00+00:00,0.0,0.0,0.0
2026-07-30 00:30:00+00:00,0.0,0.0,0.0
2026-07-30 00:40:00+00:00,0.0,0.0,0.0
2026-07-30 00:50:00+00:00,0.0,0.0,0.0
2026-07-30 01:00:00+00:00,0.0,0.0,0.0
2026-07-30 01:10:00+00:00,0.0,0.0,0.0
2026-07-30 01:20:00+00:00,0.0,0.0,0.0
2026-07-30 01:30:00+00:00,0.0,0.0,0.0
2026-07-30 01:40:00+00:00,0.0,0.0,0.0
2026-07-30 01:50:00+00:00,0.0,0.0,0.0
2026-07-30 02:00:00+00:00,0.0,0.0,0.0
2026-07-30 02:10:00+00:00,0.0,0.0,0.0
2026-07-30 02:20:00+00:00,0.0,0.0,0.0
2026-07-30 02:30:00+00:00,0.0,0.0,0.0
2026-07-30 02:40:00+00:00,0.0,0.0,0.0
2026-07-30 02:50:00+00:00,0.0,0.0,0.0
2026-07-30 03:00:00+00:00,0.2,0.2,0.0
2026-07-30 03:10:00+00:00,0.0,0.0,0.0
2026-07-30 03:20:00+00:00,0.0,0.0,0.0
2026-07-30 03:30:00+00:00,0.0,0.0,0.0
2026-07-30 03:40:00+00:00,0.0,0.0,0.0
2026-07-30 03:50:00+00:00,0.0,0.0,0.0
2026-07-30 04:00:00+00:00,0.0,0.0,0.0
2026-07-30 04:10:00+00:00,0.0,0.0,0.0
2026-07-30 04:20:00+00:00,14.4,0.0,14.4
2026-07-30 04:30:00+00:00,0.0,0.0,0.0
2026-07-30 04:40:00+00:00,0.0,0.0,0.0
2026-07-30 04:50:00+00:00,0.0,0.0,0.0
2026-07-30 05:00:00+00:00,0.0,0.0,0.0
2026-07-30 05:10:00+00:00,10.8,1.2,9.6
2026-07-30 05:20:00+00:00,14.4,14.4,0.0
2026-07-30 05:30:00+00:00,1.4,1.4,0.0
2026-07-30 05:40:00+00:00,0.4,0.4,0.0
2026-07-30 05:50:00+00:00,1.4,1.4,0.0
2026-07-30 06:00:00+00:00,2.8,0.0,2.8
2026-07-30 06:10:00+00:00,1.8,0.0,1.8
2026-07-30 06:20:00+00:00,1.0,0.0,1.0
2026-07-30 06:30:00+00:00,3.8,0.0,3.8
2026-07-30 06:40:00+00:00,5.2,0.0,5.2
2026-07-30 06:50:00+00:00,4.6,0.0,4.6
2026-07-30 07:00:00+00:00,0.0,0.0,0.0
2026-07-30 07:10:00+00:00,0.0,0.0,0.0
2026-07-30 07:20:00+00:00,25.8,0.0,25.8
2026-07-30 07:30:00+00:00,22.8,0.0,22.8
2026-07-30 07:40:00+00:00,35.0,0.0,35.0
2026-07-30 07:50:00+00:00,0.0,0.0,0.0
2026-07-30 08:00:00+00:00,1.4,0.0,1.4
2026-07-30 08:10:00+00:00,11.8,0.0,11.8
2026-07-30 08:20:00+00:00,35.0,0.0,35.0
2026-07-30 08:30:00+00:00,0.0,0.0,0.0
2026-07-30 08:40:00+00:00,0.0,0.0,0.0
2026-07-30 08:50:00+00:00,0.0,0.0,0.0
2026-07-30 09:00:00+00:00,0.0,0.0,0.0
2026-07-30 09:10:00+00:00,10.0,0.0,10.0
2026-07-30 09:20:00+00:00,6.4,0.0,6.4
2026-07-30 09:30:00+00:00,3.6,3.6,0.0
2026-07-30 09:40:00+00:00,12.2,0.0,12.2
2026-07-30 09:50:00+00:00,0.0,0.0,0.0
2026-07-30 10:00:00+00:00,1.6,0.0,1.6
2026-07-30 10:10:00+00:00,0.0,0.0,0.0
2026-07-30 10:20:00+00:00,0.0,0.0,0.0
2026-07-30 10:30:00+00:00,0.0,0.0,0.0
2026-07-30 10:40:00+00:00,0.0,0.0,0.0
2026-07-30 10:50:00+00:00,16.4,0.0,16.4
2026-07-30 11:00:00+00:00,0.0,0.0,0.0
2026-07-30 11:10:00+00:00,0.0,0.0,0.0
2026-07-30 11:20:00+00:00,0.0,0.0,0.0
2026-07-30 11:30:00+00:00,0.0,0.0,0.0
2026-07-30 11:40:00+00:00,0.0,0.0,0.0
2026-07-30 11:50:00+00:00,0.0,0.0,0.0
2026-07-30 12:00:00+00:00,0.0,0.0,0.0
2026-07-30 12:10:00+00:00,0.0,0.0,0.0
2026-07-30 12:20:00+00:00,0.0,0.0,0.0
2026-07-30 12:30:00+00:00,0.0,0.0,0.0
2026-07-30 12:40:00+00:00,0.0,0.0,0.0
2026-07-30 12:50:00+00:00,0.0,0.0,0.0
2026-07-30 13:00:00+00:00,0.0,0.0,0.0
2026-07-30 13:10:00+00:00,0.0,0.0,0.0
2026-07-30 13:20:00+00:00,0.2,0.2,0.0
2026-07-30 13:30:00+00:00,0.0,0.0,0.0
2026-07-30 13:40:00+00:00,0.0,0.0,0.0
2026-07-30 13:50:00+00:00,0.0,0.0,0.0
2026-07-30 14:00:00+00:00,0.0,0.0,0.0
2026-07-30 14:10:00+00:00,0.0,0.0,0.0
2026-07-30 14:20:00+00:00,0.0,0.0,0.0
2026-07-30 14:30:00+00:00,0.0,0.0,0.0
2026-07-30 14:40:00+00:00,0.0,0.0,0.0
2026-07-30 14:50:00+00:00,0.0,0.0,0.0
2026-07-30 15:00:00+00:00,0.0,0.0,0.0
2026-07-30 15:10:00+00:00,0.0,0.0,0.0
2026-07-30 15:20:00+00:00,0.0,0.0,0.0
2026-07-30 15:30:00+00:00,0.0,0.0,0.0
2026-07-30 15:40:00+00:00,0.0,0.0,0.0
2026-07-30 15:50:00+00:00,0.0,0.0,0.0
2026-07-30 16:00:00+00:00,0.0,0.0,0.0
2026-07-30 16:10:00+00:00,0.0,0.0,0.0
2026-07-30 16:20:00+00:00,0.0,0.0,0.0
2026-07-30 16:30:00+00:00,0.0,0.0,0.0
2026-07-30 16:40:00+00:00,0.0,0.0,0.0
2026-07-30 16:50:00+00:00,0.0,0.0,0.0
2026-07-30 17:00:00+00:00,0.0,0.0,0.0
2026-07-30 17:10:00+00:00,0.0,0.0,0.0
2026-07-30 17:20:00+00:00,0.0,0.0,0.0
2026-07-30 17:30:00+00:00,0.0,0.0,0.0
2026-07-30 17:40:00+00:00,0.0,0.0,0.0
2026-07-30 17:50:00+00:00,0.0,0.0,0.0
2026-07-30 18:00:00+00:00,0.0,0.0,0.0
2026-07-30 18:10:00+00:00,0.0,0.0,0.0
2026-07-30 18:20:00+00:00,0.0,0.0,0.0
2026-07-30 18:30:00+00:00,0.0,0.0,0.0
2026-07-30 18:40:00+00:00,0.0,0.0,0.0
2026-07-30 18:50:00+00:00,0.2,0.2,0.0
2026-07-30 19:00:00+00:00,0.0,0.0,0.0
2026-07-30 19:10:00+00:00,0.0,0.0,0.0
2026-07-30 19:20:00+00:00,0.4,0.4,0.0
2026-07-30 19:30:00+00:00,0.0,0.0,0.0
2026-07-30 19:40:00+00:00,0.0,0.0,0.0
2026-07-30 19:50:00+00:00,0.0,0.0,0.0
2026-07-30 20:00:00+00:00,0.0,0.0,0.0
2026-07-30 20:10:00+00:00,0.0,0.0,0.0
2026-07-30 20:20:00+00:00,0.0,0.0,0.0
2026-07-30 20:30:00+00:00,0.0,0.0,0.0
2026-07-30 20:40:00+00:00,0.0,0.0,0.0
2026-07-30 20:50:00+00:00,0.2,0.2,0.0
2026-07-30 21:00:00+00:00,0.0,0.0,0.0
2026-07-30 21:10:00+00:00,0.0,0.0,0.0
2026-07-30 21:20:00+00:00,0.0,0.0,0.0
2026-07-30 21:30:00+00:00,0.0,0.0,0.0
2026-07-30 21:40:00+00:00,0.0,0.0,0.0
2026-07-30 21:50:00+00:00,0.0,0.0,0.0
2026-07-30 22:00:00+00:00,0.0,0.0,0.0
2026-07-30 22:10:00+00:00,0.0,0.0,0.0
2026-07-30 22:20:00+00:00,0.0,0.0,0.0
2026-07-30 22:30:00+00:00,0.0,0.0,0.0
2026-07-30 22:40:00+00:00,0.0,0.0,0.0
2026-07-30 22:50:00+00:00,0.0,0.0,0.0
2026-07-30 23:00:00+00:00,0.0,0.0,0.0
2026-07-30 23:10:00+00:00,0.0,0.0,0.0
2026-07-30 23:20:00+00:00,0.0,0.0,0.0
2026-07-30 23:30:00+00:00,0.0,0.0,0.0
2026-07-30 23:40:00+00:00,0.0,0.0,0.0
2026-07-30 23:50:00+00:00,0.0,0.0,0.0
2026-07-31 00:00:00+00:00,0.0,0.0,0.0
2026-07-31 00:10:00+00:00,0.0,0.0,0.0
2026-07-31 00:20:00+00:00,0.0,0.0,0.0
2026-07-31 00:30:00+00:00,0.0,0.0,0.0
2026-07-31 00:40:00+00:00,0.0,0.0,0.0
2026-07-31 00:50:00+00:00,0.0,0.0,0.0
2026-07-31 01:00:00+00:00,0.0,0.0,0.0
2026-07-31 01:10:00+00:00,0.0,0.0,0.0
2026-07-31 01:20:00+00:00,0.0,0.0,0.0
2026-07-31 01:30:00+00:00,0.0,0.0,0.0
2026-07-31 01:40:00+00:00,0.0,0.0,0.0
2026-07-31 01:50:00+00:00,0.0,0.0,0.0
2026-07-31 02:00:00+00:00,0.0,0.0,0.0
2026-07-31 02:10:00+00:00,0.0,0.0,0.0
2026-07-31 02:20:00+00:00,0.0,0.0,0.0
2026-07-31 02:30:00+00:00,0.0,0.0,0.0
2026-07-31 02:40:00+00:00,0.0,0.0,0.0
2026-07-31 02:50:00+00:00,0.0,0.0,0.0
2026-07-31 03:00:00+00:00,0.0,0.0,0.0
2026-07-31 03:10:00+00:00,0.0,0.0,0.0
2026-07-31 03:20:00+00:00,0.0,0.0,0.0
2026-07-31 03:30:00+00:00,0.0,0.0,0.0
2026-07-31 03:40:00+00:00,0.0,0.0,0.0
2026-07-31 03:50:00+00:00,0.0,0.0,0.0
2026-07-31 04:00:00+00:00,0.0,0.0,0.0
2026-07-31 04:10:00+00:00,0.0,0.0,0.0
2026-07-31 04:20:00+00:00,13.4,0.0,13.4
2026-07-31 04:30:00+00:00,8.0,0.0,8.0
2026-07-31 04:40:00+00:00,0.0,0.0,0.0
2026-07-31 04:50:00+00:00,6.6,6.4,0.2
2026-07-31 05:00:00+00:00,0.4,0.4,0.0
2026-07-31 05:10:00+00:00,0.2,0.2,0.0
2026-07-31 05:20:00+00:00,14.0,14.0,0.0
2026-07-31 05:30:00+00:00,0.0,0.0,0.0
2026-07-31 05:40:00+00:00,0.0,0.0,0.0
2026-07-31 05:50:00+00:00,0.8,0.0,0.8
2026-07-31 06:00:00+00:00,5.4,0.0,5.4
2026-07-31 06:10:00+00:00,3.0,0.0,3.0
2026-07-31 06:20:00+00:00,0.0,0.0,0.0
2026-07-31 06:30:00+00:00,61.6,0.0,61.6
2026-07-31 06:40:00+00:00,27.2,1.6,25.6
2026-07-31 06:50:00+00:00,22.0,2.8,19.2
2026-07-31 07:00:00+00:00,19.2,0.0,19.2
2026-07-31 07:10:00+00:00,3.4,0.0,3.4
2026-07-31 07:20:00+00:00,37.2,4.6,32.6
2026-07-31 07:30:00+00:00,63.4,0.0,63.4
2026-07-31 07:40:00+00:00,8.8,0.0,8.8
2026-07-31 07:50:00+00:00,7.6,0.0,7.6
2026-07-31 08:00:00+00:00,0.0,0.0,0.0
2026-07-31 08:10:00+00:00,0.0,0.0,0.0
2026-07-31 08:20:00+00:00,6.6,0.0,6.6
2026-07-31 08:30:00+00:00,14.0,0.0,14.0
2026-07-31 08:40:00+00:00,0.0,0.0,0.0
2026-07-31 08:50:00+00:00,0.0,0.0,0.0
2026-07-31 09:00:00+00:00,0.0,0.0,0.0
2026-07-31 09:10:00+00:00,0.8,0.0,0.8
2026-07-31 09:20:00+00:00,0.0,0.0,0.0
2026-07-31 09:30:00+00:00,0.8,0.8,0.0
2026-07-31 09:40:00+00:00,0.0,0.0,0.0
2026-07-31 09:50:00+00:00,10.8,0.0,10.8
2026-07-31 10:00:00+00:00,0.0,0.0,0.0
2026-07-31 10:10:00+00:00,0.0,0.0,0.0
2026-07-31 10:20:00+00:00,0.0,0.0,0.0
2026-07-31 10:30:00+00:00,0.0,0.0,0.0
2026-07-31 10:40:00+00:00,0.0,0.0,0.0
2026-07-31 10:50:00+00:00,0.0,0.0,0.0
2026-07-31 11:00:00+00:00,0.2,0.2,0.0
2026-07-31 11:10:00+00:00,0.0,0.0,0.0
2026-07-31 11:20:00+00:00,0.0,0.0,0.0
2026-07-31 11:30:00+00:00,1.6,0.0,1.6
2026-07-31 11:40:00+00:00,0.0,0.0,0.0
2026-07-31 11:50:00+00:00,0.0,0.0,0.0
2026-07-31 12:00:00+00:00,0.0,0.0,0.0
2026-07-31 12:10:00+00:00,0.0,0.0,0.0
2026-07-31 12:20:00+00:00,0.0,0.0,0.0
2026-07-31 12:30:00+00:00,0.0,0.0,0.0
2026-07-31 12:40:00+00:00,0.0,0.0,0.0
2026-07-31 12:50:00+00:00,0.0,0.0,0.0
2026-07-31 13:00:00+00:00,0.0,0.0,0.0
2026-07-31 13:10:00+00:00,0.0,0.0,0.0
2026-07-31 13:20:00+00:00,0.0,0.0,0.0
2026-07-31 13:30:00+00:00,0.0,0.0,0.0
2026-07-31 13:40:00+00:00,0.0,0.0,0.0
2026-07-31 13:50:00+00:00,0.0,0.0,0.0
2026-07-31 14:00:00+00:00,0.0,0.0,0.0
2026-07-31 14:10:00+00:00,0.0,0.0,0.0
2026-07-31 14:20:00+00:00,0.0,0.0,0.0
2026-07-31 14:30:00+00:00,0.0,0.0,0.0
2026-07-31 14:40:00+00:00,0.0,0.0,0.0
2026-07-31 14:50:00+00:00,0.0,0.0,0.0
2026-07-31 15:00:00+00:00,0.0,0.0,0.0
2026-07-31 15:10:00+00:00,0.0,0.0,0.0
2026-07-31 15:20:00+00:00,0.0,0.0,0.0
2026-07-31 15:30:00+00:00,0.0,0.0,0.0
2026-07-31 15:40:00+00:00,0.0,0.0,0.0
2026-07-31 15:50:00+00:00,0.0,0.0,0.0
2026-07-31 16:00:00+00:00,0.0,0.0,0.0
2026-07-31 16:10:00+00:00,0.0,0.0,0.0
2026-07-31 16:20:00+00:00,0.0,0.0,0.0
2026-07-31 16:30:00+00:00,0.0,0.0,0.0
2026-07-31 16:40:00+00:00,0.0,0.0,0.0
2026-07-31 16:50:00+00:00,0.0,0.0,0.0
2026-07-31 17:00:00+00:00,0.0,0.0,0.0
2026-07-31 17:10:00+00:00,0.0,0.0,0.0
2026-07-31 17:20:00+00:00,0.0,0.0,0.0
2026-07-31 17:30:00+00:00,0.0,0.0,0.0
2026-07-31 17:40:00+00:00,0.0,0.0,0.0
2026-07-31 17:50:00+00:00,0.0,0.0,0.0
2026-07-31 18:00:00+00:00,0.0,0.0,0.0
2026-07-31 18:10:00+00:00,0.0,0.0,0.0
2026-07-31 18:20:00+00:00,0.0,0.0,0.0
2026-07-31 18:30:00+00:00,0.0,0.0,0.0
2026-07-31 18:40:00+00:00,0.0,0.0,0.0
2026-07-31 18:50:00+00:00,0.0,0.0,0.0
2026-07-31 19:00:00+00:00,0.0,0.0,0.0
2026-07-31 19:10:00+00:00,0.0,0.0,0.0
2026-07-31 19:20:00+00:00,0.0,0.0,0.0
2026-07-31 19:30:00+00:00,0.0,0.0,0.0
2026-07-31 19:40:00+00:00,0.0,0.0,0.0
2026-07-31 19:50:00+00:00,0.0,0.0,0.0
2026-07-31 20:00:00+00:00,0.0,0.0,0.0
2026-07-31 20:10:00+00:00,0.0,0.0,0.0
2026-07-31 20:20:00+00:00,0.0,0.0,0.0
2026-07-31 20:30:00+00:00,1.2,1.2,0.0
2026-07-31 20:40:00+00:00,0.2,0.2,0.0
2026-07-31 20:50:00+00:00,0.0,0.0,0.0
2026-07-31 21:00:00+00:00,0.0,0.0,0.0
2026-07-31 21:10:00+00:00,0.0,0.0,0.0
2026-07-31 21:20:00+00:00,0.0,0.0,0.0
2026-07-31 21:30:00+00:00,0.0,0.0,0.0
2026-07-31 21:40:00+00:00,0.0,0.0,0.0
2026-07-31 21:50:00+00:00,0.0,0.0,0.0
2026-07-31 22:00:00+00:00,0.0,0.0,0.0
2026-07-31 22:10:00+00:00,0.0,0.0,0.0
2026-07-31 22:20:00+00:00,0.0,0.0,0.0
2026-07-31 22:30:00+00:00,0.0,0.0,0.0
2026-07-31 22:40:00+00:00,0.0,0.0,0.0
2026-07-31 22:50:00+00:00,0.0,0.0,0.0
2026-07-31 23:00:00+00:00,0.0,0.0,0.0
2026-07-31 23:10:00+00:00,0.0,0.0,0.0
2026-07-31 23:20:00+00:00,0.0,0.0,0.0
2026-07-31 23:30:00+00:00,0.0,0.0,0.0
2026-07-31 23:40:00+00:00,0.0,0.0,0.0
2026-07-31 23:50:00+00:00,0.0,0.0,0.0
2026-08-01 00:00:00+00:00,0.0,0.0,0.0
2026-08-01 00:10:00+00:00,0.0,0.0,0.0
2026-08-01 00:20:00+00:00,0.0,0.0,0.0
2026-08-01 00:30:00+00:00,0.0,0.0,0.0
2026-08-01 00:40:00+00:00,0.0,0.0,0.0
2026-08-01 00:50:00+00:00,0.0,0.0,0.0
2026-08-01 01:00:00+00:00,0.0,0.0,0.0
2026-08-01 01:10:00+00:00,0.0,0.0,0.0
2026-08-01 01:20:00+00:00,0.0,0.0,0.0
2026-08-01 01:30:00+00:00,0.0,0.0,0.0
2026-08-01 01:40:00+00:00,0.0,0.0,0.0
2026-08-01 01:50:00+00:00,0.0,0.0,0.0
2026-08-01 02:00:00+00:00,0.0,0.0,0.0
2026-08-01 02:10:00+00:00,0.0,0.0,0.0
2026-08-01 02:20:00+00:00,0.0,0.0,0.0
2026-08-01 02:30:00+00:00,0.0,0.0,0.0
2026-08-01 02:40:00+00:00,0.0,0.0,0.0
2026-08-01 02:50:00+00:00,0.0,0.0,0.0
2026-08-01 03:00:00+00:00,0.0,0.0,0.0
2026-08-01 03:10:00+00:00,0.0,0.0,0.0
2026-08-01 03:20:00+00:00,1.6,1.6,0.0
2026-08-01 03:30:00+00:00,0.0,0.0,0.0
2026-08-01 03:40:00+00:00,0.0,0.0,0.0
2026-08-01 03:50:00+00:00,0.0,0.0,0.0
2026-08-01 04:00:00+00:00,0.0,0.0,0.0
2026-08-01 04:10:00+00:00,0.0,0.0,0.0
2026-08-01 04:20:00+00:00,11.6,0.0,11.6
2026-08-01 04:30:00+00:00,0.0,0.0,0.0
2026-08-01 04:40:00+00:00,0.0,0.0,0.0
2026-08-01 04:50:00+00:00,6.4,6.4,0.0
2026-08-01 05:00:00+00:00,0.2,0.2,0.0
2026-08-01 05:10:00+00:00,3.6,3.6,0.0
2026-08-01 05:20:00+00:00,0.0,0.0,0.0
2026-08-01 05:30:00+00:00,8.8,0.4,8.4
2026-08-01 05:40:00+00:00,15.4,15.4,0.0
2026-08-01 05:50:00+00:00,8.2,8.2,0.0
2026-08-01 06:00:00+00:00,14.2,7.2,7.0
2026-08-01 06:10:00+00:00,12.4,12.4,0.0
2026-08-01 06:20:00+00:00,8.6,7.4,1.2
2026-08-01 06:30:00+00:00,2.0,2.0,0.0
2026-08-01 06:40:00+00:00,20.6,0.0,20.6
2026-08-01 06:50:00+00:00,0.0,0.0,0.0
2026-08-01 07:00:00+00:00,12.2,11.0,1.2
2026-08-01 07:10:00+00:00,20.0,1.8,18.2
2026-08-01 07:20:00+00:00,22.6,19.2,3.4
2026-08-01 07:30:00+00:00,7.2,0.0,7.2
2026-08-01 07:40:00+00:00,7.8,0.0,7.8
2026-08-01 07:50:00+00:00,15.2,9.2,6.0
2026-08-01 08:00:00+00:00,0.2,0.0,0.2
2026-08-01 08:10:00+00:00,164.4,3.4,161.0
2026-08-01 08:20:00+00:00,383.6,0.0,383.6
2026-08-01 08:30:00+00:00,158.8,0.0,158.8
2026-08-01 08:40:00+00:00,23.2,9.8,13.4
2026-08-01 08:50:00+00:00,11.2,6.6,4.6
2026-08-01 09:00:00+00:00,330.8,4.8,326.0
2026-08-01 09:10:00+00:00,187.0,1.8,185.2
2026-08-01 09:20:00+00:00,230.2,0.0,230.2
2026-08-01 09:30:00+00:00,217.2,0.2,217.0
2026-08-01 09:40:00+00:00,155.0,0.0,155.0
2026-08-01 09:50:00+00:00,110.8,0.0,110.8
2026-08-01 10:00:00+00:00,82.0,4.2,77.8
2026-08-01 10:10:00+00:00,129.4,0.0,129.4
2026-08-01 10:20:00+00:00,153.4,0.0,153.4
2026-08-01 10:30:00+00:00,119.2,0.0,119.2
2026-08-01 10:40:00+00:00,172.6,0.0,172.6
2026-08-01 10:50:00+00:00,36.8,0.0,36.8
2026-08-01 11:00:00+00:00,65.8,0.0,65.8
2026-08-01 11:10:00+00:00,130.0,0.0,130.0
2026-08-01 11:20:00+00:00,97.6,0.0,97.6
2026-08-01 11:30:00+00:00,18.6,1.2,17.4
2026-08-01 11:40:00+00:00,77.2,0.0,77.2
2026-08-01 11:50:00+00:00,7.6,0.0,7.6
2026-08-01 12:00:00+00:00,0.0,0.0,0.0
2026-08-01 12:10:00+00:00,0.0,0.0,0.0
2026-08-01 12:20:00+00:00,0.2,0.2,0.0
2026-08-01 12:30:00+00:00,0.0,0.0,0.0
2026-08-01 12:40:00+00:00,0.0,0.0,0.0
2026-08-01 12:50:00+00:00,0.0,0.0,0.0
2026-08-01 13:00:00+00:00,0.0,0.0,0.0
2026-08-01 13:10:00+00:00,0.2,0.2,0.0
2026-08-01 13:20:00+00:00,0.0,0.0,0.0
2026-08-01 13:30:00+00:00,0.0,0.0,0.0
2026-08-01 13:40:00+00:00,0.0,0.0,0.0
2026-08-01 13:50:00+00:00,0.0,0.0,0.0
2026-08-01 14:00:00+00:00,0.0,0.0,0.0
2026-08-01 14:10:00+00:00,0.0,0.0,0.0
2026-08-01 14:20:00+00:00,0.0,0.0,0.0
2026-08-01 14:30:00+00:00,0.0,0.0,0.0
2026-08-01 14:40:00+00:00,0.0,0.0,0.0
2026-08-01 14:50:00+00:00,0.0,0.0,0.0
2026-08-01 15:00:00+00:00,0.0,0.0,0.0
2026-08-01 15:10:00+00:00,0.0,0.0,0.0
2026-08-01 15:20:00+00:00,0.0,0.0,0.0
2026-08-01 15:30:00+00:00,0.0,0.0,0.0
2026-08-01 15:40:00+00:00,0.0,0.0,0.0
2026-08-01 15:50:00+00:00,0.0,0.0,0.0
2026-08-01 16:00:00+00:00,0.2,0.2,0.0
2026-08-01 16:10:00+00:00,0.0,0.0,0.0
2026-08-01 16:20:00+00:00,0.0,0.0,0.0
2026-08-01 16:30:00+00:00,0.0,0.0,0.0
2026-08-01 16:40:00+00:00,0.2,0.2,0.0
2026-08-01 16:50:00+00:00,0.2,0.2,0.0
2026-08-01 17:00:00+00:00,0.0,0.0,0.0
2026-08-01 17:10:00+00:00,0.0,0.0,0.0
2026-08-01 17:20:00+00:00,0.0,0.0,0.0
2026-08-01 17:30:00+00:00,0.0,0.0,0.0
2026-08-01 17:40:00+00:00,0.2,0.2,0.0
2026-08-01 17:50:00+00:00,0.0,0.0,0.0
2026-08-01 18:00:00+00:00,0.0,0.0,0.0
2026-08-01 18:10:00+00:00,0.2,0.2,0.0
2026-08-01 18:20:00+00:00,0.0,0.0,0.0
2026-08-01 18:30:00+00:00,0.0,0.0,0.0
2026-08-01 18:40:00+00:00,0.0,0.0,0.0
2026-08-01 18:50:00+00:00,0.0,0.0,0.0
2026-08-01 19:00:00+00:00,0.0,0.0,0.0
2026-08-01 19:10:00+00:00,0.0,0.0,0.0
2026-08-01 19:20:00+00:00,0.0,0.0,0.0
2026-08-01 19:30:00+00:00,0.0,0.0,0.0
2026-08-01 19:40:00+00:00,0.0,0.0,0.0
2026-08-01 19:50:00+00:00,0.0,0.0,0.0
2026-08-01 20:00:00+00:00,0.0,0.0,0.0
2026-08-01 20:10:00+00:00,0.0,0.0,0.0
2026-08-01 20:20:00+00:00,0.0,0.0,0.0
2026-08-01 20:30:00+00:00,0.0,0.0,0.0
2026-08-01 20:40:00+00:00,0.0,0.0,0.0
2026-08-01 20:50:00+00:00,0.0,0.0,0.0
2026-08-01 21:00:00+00:00,0.0,0.0,0.0
2026-08-01 21:10:00+00:00,0.0,0.0,0.0
2026-08-01 21:20:00+00:00,0.0,0.0,0.0
2026-08-01 21:30:00+00:00,0.0,0.0,0.0
2026-08-01 21:40:00+00:00,0.0,0.0,0.0
2026-08-01 21:50:00+00:00,0.0,0.0,0.0
2026-08-01 22:00:00+00:00,0.0,0.0,0.0
2026-08-01 22:10:00+00:00,0.0,0.0,0.0
2026-08-01 22:20:00+00:00,0.0,0.0,0.0
2026-08-01 22:30:00+00:00,0.0,0.0,0.0
2026-08-01 22:40:00+00:00,0.0,0.0,0.0
2026-08-01 22:50:00+00:00,0.0,0.0,0.0
2026-08-01 23:00:00+00:00,0.0,0.0,0.0
2026-08-01 23:10:00+00:00,0.0,0.0,0.0
2026-08-01 23:20:00+00:00,0.0,0.0,0.0
2026-08-01 23:30:00+00:00,0.0,0.0,0.0
2026-08-01 23:40:00+00:00,0.0,0.0,0.0
2026-08-01 23:50:00+00:00,0.0,0.0,0.0
2026-08-02 00:00:00+00:00,0.0,0.0,0.0
2026-08-02 00:10:00+00:00,0.0,0.0,0.0
2026-08-02 00:20:00+00:00,0.0,0.0,0.0
2026-08-02 00:30:00+00:00,0.0,0.0,0.0
2026-08-02 00:40:00+00:00,0.0,0.0,0.0
2026-08-02 00:50:00+00:00,0.0,0.0,0.0
2026-08-02 01:00:00+00:00,0.0,0.0,0.0
2026-08-02 01:10:00+00:00,0.0,0.0,0.0
2026-08-02 01:20:00+00:00,0.0,0.0,0.0
2026-08-02 01:30:00+00:00,0.0,0.0,0.0
2026-08-02 01:40:00+00:00,0.0,0.0,0.0
2026-08-02 01:50:00+00:00,0.0,0.0,0.0
2026-08-02 02:00:00+00:00,0.0,0.0,0.0
2026-08-02 02:10:00+00:00,4.2,4.2,0.0
2026-08-02 02:20:00+00:00,0.0,0.0,0.0
2026-08-02 02:30:00+00:00,0.0,0.0,0.0
2026-08-02 02:40:00+00:00,0.0,0.0,0.0
2026-08-02 02:50:00+00:00,0.2,0.2,0.0
2026-08-02 03:00:00+00:00,0.0,0.0,0.0
2026-08-02 03:10:00+00:00,0.0,0.0,0.0
2026-08-02 03:20:00+00:00,0.0,0.0,0.0
2026-08-02 03:30:00+00:00,0.0,0.0,0.0
2026-08-02 03:40:00+00:00,0.2,0.2,0.0
2026-08-02 03:50:00+00:00,0.0,0.0,0.0
2026-08-02 04:00:00+00:00,0.0,0.0,0.0
2026-08-02 04:10:00+00:00,0.0,0.0,0.0
2026-08-02 04:20:00+00:00,8.4,0.0,8.4
2026-08-02 04:30:00+00:00,1.6,0.0,1.6
2026-08-02 04:40:00+00:00,8.6,8.6,0.0
2026-08-02 04:50:00+00:00,0.0,0.0,0.0
2026-08-02 05:00:00+00:00,0.0,0.0,0.0
2026-08-02 05:10:00+00:00,10.0,0.0,10.0
2026-08-02 05:20:00+00:00,2.6,2.4,0.2
2026-08-02 05:30:00+00:00,3.4,3.4,0.0
2026-08-02 05:40:00+00:00,43.4,1.8,41.6
2026-08-02 05:50:00+00:00,12.4,2.6,9.8
2026-08-02 06:00:00+00:00,0.0,0.0,0.0
2026-08-02 06:10:00+00:00,33.8,0.0,33.8
2026-08-02 06:20:00+00:00,47.0,17.4,29.6
2026-08-02 06:30:00+00:00,28.8,0.0,28.8
2026-08-02 06:40:00+00:00,13.4,2.0,11.4
2026-08-02 06:50:00+00:00,0.0,0.0,0.0
2026-08-02 07:00:00+00:00,14.8,8.6,6.2
2026-08-02 07:10:00+00:00,7.2,0.0,7.2
2026-08-02 07:20:00+00:00,2.4,0.0,2.4
2026-08-02 07:30:00+00:00,4.6,0.0,4.6
2026-08-02 07:40:00+00:00,58.4,0.0,58.4
2026-08-02 07:50:00+00:00,24.6,0.6,24.0
2026-08-02 08:00:00+00:00,25.2,0.0,25.2
2026-08-02 08:10:00+00:00,21.2,0.0,21.2
2026-08-02 08:20:00+00:00,12.8,2.2,10.6
2026-08-02 08:30:00+00:00,19.6,0.0,19.6
2026-08-02 08:40:00+00:00,2.6,0.0,2.6
2026-08-02 08:50:00+00:00,42.6,0.0,42.6
2026-08-02 09:00:00+00:00,87.4,0.0,87.4
2026-08-02 09:10:00+00:00,44.4,0.0,44.4
2026-08-02 09:20:00+00:00,59.8,0.0,59.8
2026-08-02 09:30:00+00:00,70.6,0.0,70.6
2026-08-02 09:40:00+00:00,0.0,0.0,0.0
2026-08-02 09:50:00+00:00,0.2,0.0,0.2
2026-08-02 10:00:00+00:00,19.8,0.0,19.8
2026-08-02 10:10:00+00:00,30.2,0.0,30.2
2026-08-02 10:20:00+00:00,22.0,0.0,22.0
2026-08-02 10:30:00+00:00,8.2,0.0,8.2
2026-08-02 10:40:00+00:00,47.6,0.0,47.6
2026-08-02 10:50:00+00:00,9.2,0.0,9.2
2026-08-02 11:00:00+00:00,16.2,0.0,16.2
2026-08-02 11:10:00+00:00,56.0,0.0,56.0
2026-08-02 11:20:00+00:00,7.0,0.0,7.0
2026-08-02 11:30:00+00:00,42.0,0.0,42.0
2026-08-02 11:40:00+00:00,217.2,0.0,217.2
2026-08-02 11:50:00+00:00,115.2,0.0,115.2
2026-08-02 12:00:00+00:00,19.8,0.0,19.8
2026-08-02 12:10:00+00:00,0.6,0.0,0.6
2026-08-02 12:20:00+00:00,0.0,0.0,0.0
2026-08-02 12:30:00+00:00,0.0,0.0,0.0
2026-08-02 12:40:00+00:00,0.0,0.0,0.0
2026-08-02 12:50:00+00:00,0.0,0.0,0.0
2026-08-02 13:00:00+00:00,0.0,0.0,0.0
2026-08-02 13:10:00+00:00,0.0,0.0,0.0
2026-08-02 13:20:00+00:00,0.0,0.0,0.0
2026-08-02 13:30:00+00:00,0.0,0.0,0.0
2026-08-02 13:40:00+00:00,0.0,0.0,0.0
2026-08-02 13:50:00+00:00,0.0,0.0,0.0
2026-08-02 14:00:00+00:00,0.0,0.0,0.0
2026-08-02 14:10:00+00:00,0.0,0.0,0.0
2026-08-02 14:20:00+00:00,0.0,0.0,0.0
2026-08-02 14:30:00+00:00,0.0,0.0,0.0
2026-08-02 14:40:00+00:00,0.0,0.0,0.0
2026-08-02 14:50:00+00:00,0.0,0.0,0.0
2026-08-02 15:00:00+00:00,0.0,0.0,0.0
2026-08-02 15:10:00+00:00,0.0,0.0,0.0
2026-08-02 15:20:00+00:00,0.0,0.0,0.0
2026-08-02 15:30:00+00:00,0.0,0.0,0.0
2026-08-02 15:40:00+00:00,0.2,0.2,0.0
2026-08-02 15:50:00+00:00,0.0,0.0,0.0
2026-08-02 16:00:00+00:00,0.0,0.0,0.0
2026-08-02 16:10:00+00:00,0.0,0.0,0.0
2026-08-02 16:20:00+00:00,0.0,0.0,0.0
2026-08-02 16:30:00+00:00,0.0,0.0,0.0
2026-08-02 16:40:00+00:00,0.0,0.0,0.0
2026-08-02 16:50:00+00:00,0.0,0.0,0.0
2026-08-02 17:00:00+00:00,0.0,0.0,0.0
2026-08-02 17:10:00+00:00,0.0,0.0,0.0
2026-08-02 17:20:00+00:00,0.0,0.0,0.0
2026-08-02 17:30:00+00:00,0.0,0.0,0.0
2026-08-02 17:40:00+00:00,0.0,0.0,0.0
2026-08-02 17:50:00+00:00,0.0,0.0,0.0
2026-08-02 18:00:00+00:00,0.0,0.0,0.0
2026-08-02 18:10:00+00:00,0.0,0.0,0.0
2026-08-02 18:20:00+00:00,0.0,0.0,0.0
2026-08-02 18:30:00+00:00,0.0,0.0,0.0
2026-08-02 18:40:00+00:00,0.0,0.0,0.0
2026-08-02 18:50:00+00:00,0.0,0.0,0.0
2026-08-02 19:00:00+00:00,0.0,0.0,0.0
2026-08-02 19:10:00+00:00,0.0,0.0,0.0
2026-08-02 19:20:00+00:00,0.0,0.0,0.0
2026-08-02 19:30:00+00:00,0.0,0.0,0.0
2026-08-02 19:40:00+00:00,0.0,0.0,0.0
2026-08-02 19:50:00+00:00,0.0,0.0,0.0
2026-08-02 20:00:00+00:00,0.0,0.0,0.0
2026-08-02 20:10:00+00:00,0.0,0.0,0.0
2026-08-02 20:20:00+00:00,0.0,0.0,0.0
2026-08-02 20:30:00+00:00,0.0,0.0,0.0
2026-08-02 20:40:00+00:00,0.0,0.0,0.0
2026-08-02 20:50:00+00:00,0.0,0.0,0.0
2026-08-02 21:00:00+00:00,0.0,0.0,0.0
2026-08-02 21:10:00+00:00,0.0,0.0,0.0
2026-08-02 21:20:00+00:00,0.0,0.0,0.0
2026-08-02 21:30:00+00:00,0.0,0.0,0.0
2026-08-02 21:40:00+00:00,0.0,0.0,0.0
2026-08-02 21:50:00+00:00,0.0,0.0,0.0
2026-08-02 22:00:00+00:00,0.0,0.0,0.0
2026-08-02 22:10:00+00:00,0.0,0.0,0.0
2026-08-02 22:20:00+00:00,0.0,0.0,0.0
2026-08-02 22:30:00+00:00,0.0,0.0,0.0
2026-08-02 22:40:00+00:00,0.0,0.0,0.0
2026-08-02 22:50:00+00:00,0.0,0.0,0.0
2026-08-02 23:00:00+00:00,0.0,0.0,0.0
2026-08-02 23:10:00+00:00,0.0,0.0,0.0
2026-08-02 23:20:00+00:00,0.0,0.0,0.0
2026-08-02 23:30:00+00:00,0.0,0.0,0.0
2026-08-02 23:40:00+00:00,0.0,0.0,0.0
2026-08-02 23:50:00+00:00,0.0,0.0,0.0
2026-08-03 00:00:00+00:00,0.2,0.2,0.0
2026-08-03 00:10:00+00:00,0.0,0.0,0.0
2026-08-03 00:20:00+00:00,0.0,0.0,0.0
2026-08-03 00:30:00+00:00,0.0,0.0,0.0
2026-08-03 00:40:00+00:00,0.0,0.0,0.0
2026-08-03 00:50:00+00:00,0.0,0.0,0.0
2026-08-03 01:00:00+00:00,0.0,0.0,0.0
2026-08-03 01:10:00+00:00,0.0,0.0,0.0
2026-08-03 01:20:00+00:00,0.0,0.0,0.0
2026-08-03 01:30:00+00:00,0.0,0.0,0.0
2026-08-03 01:40:00+00:00,0.0,0.0,0.0
2026-08-03 01:50:00+00:00,0.0,0.0,0.0
2026-08-03 02:00:00+00:00,0.0,0.0,0.0
2026-08-03 02:10:00+00:00,0.0,0.0,0.0
2026-08-03 02:20:00+00:00,0.0,0.0,0.0
2026-08-03 02:30:00+00:00,0.0,0.0,0.0
2026-08-03 02:40:00+00:00,0.0,0.0,0.0
2026-08-03 02:50:00+00:00,0.0,0.0,0.0
2026-08-03 03:00:00+00:00,0.0,0.0,0.0
2026-08-03 03:10:00+00:00,0.0,0.0,0.0
2026-08-03 03:20:00+00:00,0.0,0.0,0.0
2026-08-03 03:30:00+00:00,0.0,0.0,0.0
2026-08-03 03:40:00+00:00,0.0,0.0,0.0
2026-08-03 03:50:00+00:00,0.0,0.0,0.0
2026-08-03 04:00:00+00:00,0.0,0.0,0.0
2026-08-03 04:10:00+00:00,0.0,0.0,0.0
2026-08-03 04:20:00+00:00,4.8,0.0,4.8
2026-08-03 04:30:00+00:00,18.6,0.0,18.6
2026-08-03 04:40:00+00:00,0.0,0.0,0.0
2026-08-03 04:50:00+00:00,0.0,0.0,0.0
2026-08-03 05:00:00+00:00,4.8,0.2,4.6
2026-08-03 05:10:00+00:00,1.2,1.2,0.0
2026-08-03 05:20:00+00:00,10.6,0.0,10.6
2026-08-03 05:30:00+00:00,0.0,0.0,0.0
2026-08-03 05:40:00+00:00,0.0,0.0,0.0
2026-08-03 05:50:00+00:00,0.2,0.0,0.2
2026-08-03 06:00:00+00:00,0.2,0.0,0.2
2026-08-03 06:10:00+00:00,9.8,0.0,9.8
2026-08-03 06:20:00+00:00,0.2,0.0,0.2
2026-08-03 06:30:00+00:00,0.0,0.0,0.0
2026-08-03 06:40:00+00:00,0.0,0.0,0.0
2026-08-03 06:50:00+00:00,7.2,0.0,7.2
2026-08-03 07:00:00+00:00,0.2,0.0,0.2
2026-08-03 07:10:00+00:00,11.0,0.0,11.0
2026-08-03 07:20:00+00:00,14.8,0.0,14.8
2026-08-03 07:30:00+00:00,13.0,0.0,13.0
2026-08-03 07:40:00+00:00,11.8,4.0,7.8
2026-08-03 07:50:00+00:00,6.2,0.0,6.2
2026-08-03 08:00:00+00:00,0.0,0.0,0.0
2026-08-03 08:10:00+00:00,6.0,6.0,0.0
2026-08-03 08:20:00+00:00,0.0,0.0,0.0
2026-08-03 08:30:00+00:00,6.0,0.0,6.0
2026-08-03 08:40:00+00:00,0.0,0.0,0.0
2026-08-03 08:50:00+00:00,0.0,0.0,0.0
2026-08-03 09:00:00+00:00,0.0,0.0,0.0
2026-08-03 09:10:00+00:00,0.0,0.0,0.0
2026-08-03 09:20:00+00:00,0.0,0.0,0.0
2026-08-03 09:30:00+00:00,8.8,4.2,4.6
2026-08-03 09:40:00+00:00,0.0,0.0,0.0
2026-08-03 09:50:00+00:00,0.2,0.2,0.0
2026-08-03 10:00:00+00:00,0.0,0.0,0.0
2026-08-03 10:10:00+00:00,0.0,0.0,0.0
2026-08-03 10:20:00+00:00,0.0,0.0,0.0
2026-08-03 10:30:00+00:00,0.0,0.0,0.0
2026-08-03 10:40:00+00:00,0.0,0.0,0.0
2026-08-03 10:50:00+00:00,0.0,0.0,0.0
2026-08-03 11:00:00+00:00,0.0,0.0,0.0
2026-08-03 11:10:00+00:00,0.0,0.0,0.0
2026-08-03 11:20:00+00:00,0.0,0.0,0.0
2026-08-03 11:30:00+00:00,0.0,0.0,0.0
2026-08-03 11:40:00+00:00,0.0,0.0,0.0
2026-08-03 11:50:00+00:00,0.0,0.0,0.0
2026-08-03 12:00:00+00:00,0.0,0.0,0.0
2026-08-03 12:10:00+00:00,0.0,0.0,0.0
2026-08-03 12:20:00+00:00,0.0,0.0,0.0
2026-08-03 12:30:00+00:00,0.0,0.0,0.0
2026-08-03 12:40:00+00:00,0.0,0.0,0.0
2026-08-03 12:50:00+00:00,0.0,0.0,0.0
2026-08-03 13:00:00+00:00,0.0,0.0,0.0
2026-08-03 13:10:00+00:00,0.0,0.0,0.0
2026-08-03 13:20:00+00:00,0.0,0.0,0.0
2026-08-03 13:30:00+00:00,0.0,0.0,0.0
2026-08-03 13:40:00+00:00,0.0,0.0,0.0
2026-08-03 13:50:00+00:00,0.0,0.0,0.0
2026-08-03 14:00:00+00:00,0.0,0.0,0.0
2026-08-03 14:10:00+00:00,0.0,0.0,0.0
2026-08-03 14:20:00+00:00,0.2,0.2,0.0
2026-08-03 14:30:00+00:00,0.0,0.0,0.0
2026-08-03 14:40:00+00:00,0.0,0.0,0.0
2026-08-03 14:50:00+00:00,0.0,0.0,0.0
2026-08-03 15:00:00+00:00,0.0,0.0,0.0
2026-08-03 15:10:00+00:00,0.0,0.0,0.0
2026-08-03 15:20:00+00:00,0.0,0.0,0.0
2026-08-03 15:30:00+00:00,0.0,0.0,0.0
2026-08-03 15:40:00+00:00,0.0,0.0,0.0
2026-08-03 15:50:00+00:00,0.0,0.0,0.0
2026-08-03 16:00:00+00:00,0.0,0.0,0.0
2026-08-03 16:10:00+00:00,0.0,0.0,0.0
2026-08-03 16:20:00+00:00,0.0,0.0,0.0
2026-08-03 16:30:00+00:00,0.0,0.0,0.0
2026-08-03 16:40:00+00:00,0.0,0.0,0.0
2026-08-03 16:50:00+00:00,0.0,0.0,0.0
2026-08-03 17:00:00+00:00,0.0,0.0,0.0
2026-08-03 17:10:00+00:00,0.0,0.0,0.0
2026-08-03 17:20:00+00:00,0.0,0.0,0.0
2026-08-03 17:30:00+00:00,0.0,0.0,0.0
2026-08-03 17:40:00+00:00,0.0,0.0,0.0
2026-08-03 17:50:00+00:00,0.0,0.0,0.0
2026-08-03 18:00:00+00:00,0.0,0.0,0.0
2026-08-03 18:10:00+00:00,0.0,0.0,0.0
2026-08-03 18:20:00+00:00,0.0,0.0,0.0
2026-08-03 18:30:00+00:00,0.0,0.0,0.0
2026-08-03 18:40:00+00:00,0.0,0.0,0.0
2026-08-03 18:50:00+00:00,0.0,0.0,0.0
2026-08-03 19:00:00+00:00,0.0,0.0,0.0
2026-08-03 19:10:00+00:00,0.0,0.0,0.0
2026-08-03 19:20:00+00:00,0.0,0.0,0.0
2026-08-03 19:30:00+00:00,0.0,0.0,0.0
2026-08-03 19:40:00+00:00,0.0,0.0,0.0
2026-08-03 19:50:00+00:00,0.0,0.0,0.0
2026-08-03 20:00:00+00:00,0.0,0.0,0.0
2026-08-03 20:10:00+00:00,0.0,0.0,0.0
2026-08-03 20:20:00+00:00,0.0,0.0,0.0
2026-08-03 20:30:00+00:00,0.0,0.0,0.0
2026-08-03 20:40:00+00:00,0.0,0.0,0.0
2026-08-03 20:50:00+00:00,0.0,0.0,0.0
2026-08-03 21:00:00+00:00,0.0,0.0,0.0
2026-08-03 21:10:00+00:00,0.0,0.0,0.0
2026-08-03 21:20:00+00:00,0.0,0.0,0.0
2026-08-03 21:30:00+00:00,0.0,0.0,0.0
2026-08-03 21:40:00+00:00,0.0,0.0,0.0
2026-08-03 21:50:00+00:00,0.0,0.0,0.0
2026-08-03 22:00:00+00:00,0.0,0.0,0.0
2026-08-03 22:10:00+00:00,0.0,0.0,0.0
2026-08-03 22:20:00+00:00,0.0,0.0,0.0
2026-08-03 22:30:00+00:00,0.0,0.0,0.0
2026-08-03 22:40:00+00:00,0.0,0.0,0.0
2026-08-03 22:50:00+00:00,0.0,0.0,0.0
2026-08-03 23:00:00+00:00,0.0,0.0,0.0
2026-08-03 23:10:00+00:00,0.0,0.0,0.0
2026-08-03 23:20:00+00:00,0.0,0.0,0.0
2026-08-03 23:30:00+00:00,0.0,0.0,0.0
2026-08-03 23:40:00+00:00,0.0,0.0,0.0
2026-08-03 23:50:00+00:00,0.0,0.0,0.0
2026-08-04 00:00:00+00:00,0.0,0.0,0.0
2026-08-04 00:10:00+00:00,0.0,0.0,0.0
2026-08-04 00:20:00+00:00,0.0,0.0,0.0
2026-08-04 00:30:00+00:00,0.0,0.0,0.0
2026-08-04 00:40:00+00:00,0.0,0.0,0.0
2026-08-04 00:50:00+00:00,0.0,0.0,0.0
2026-08-04 01:00:00+00:00,0.0,0.0,0.0
2026-08-04 01:10:00+00:00,0.0,0.0,0.0
2026-08-04 01:20:00+00:00,0.2,0.2,0.0
2026-08-04 01:30:00+00:00,0.0,0.0,0.0
2026-08-04 01:40:00+00:00,0.0,0.0,0.0
2026-08-04 01:50:00+00:00,0.0,0.0,0.0
2026-08-04 02:00:00+00:00,0.0,0.0,0.0
2026-08-04 02:10:00+00:00,0.0,0.0,0.0
2026-08-04 02:20:00+00:00,0.0,0.0,0.0
2026-08-04 02:30:00+00:00,0.2,0.2,0.0
2026-08-04 02:40:00+00:00,0.0,0.0,0.0
2026-08-04 02:50:00+00:00,0.0,0.0,0.0
2026-08-04 03:00:00+00:00,0.0,0.0,0.0
2026-08-04 03:10:00+00:00,0.0,0.0,0.0
2026-08-04 03:20:00+00:00,0.0,0.0,0.0
2026-08-04 03:30:00+00:00,0.0,0.0,0.0
2026-08-04 03:40:00+00:00,0.0,0.0,0.0
2026-08-04 03:50:00+00:00,0.0,0.0,0.0
2026-08-04 04:00:00+00:00,0.0,0.0,0.0
2026-08-04 04:10:00+00:00,0.0,0.0,0.0
2026-08-04 04:20:00+00:00,0.0,0.0,0.0
2026-08-04 04:30:00+00:00,0.0,0.0,0.0
2026-08-04 04:40:00+00:00,0.0,0.0,0.0
2026-08-04 04:50:00+00:00,6.2,6.2,0.0
2026-08-04 05:00:00+00:00,0.6,0.6,0.0
2026-08-04 05:10:00+00:00,3.6,0.0,3.6
2026-08-04 05:20:00+00:00,7.8,0.0,7.8
2026-08-04 05:30:00+00:00,0.0,0.0,0.0
2026-08-04 05:40:00+00:00,0.0,0.0,0.0
2026-08-04 05:50:00+00:00,0.0,0.0,0.0
2026-08-04 06:00:00+00:00,13.4,6.8,6.6
2026-08-04 06:10:00+00:00,1.4,0.0,1.4
2026-08-04 06:20:00+00:00,0.4,0.4,0.0
2026-08-04 06:30:00+00:00,0.0,0.0,0.0
2026-08-04 06:40:00+00:00,0.0,0.0,0.0
2026-08-04 06:50:00+00:00,0.0,0.0,0.0
2026-08-04 07:00:00+00:00,0.0,0.0,0.0
2026-08-04 07:10:00+00:00,4.4,0.0,4.4
2026-08-04 07:20:00+00:00,0.0,0.0,0.0
2026-08-04 07:30:00+00:00,0.2,0.2,0.0
2026-08-04 07:40:00+00:00,5.8,0.2,5.6
2026-08-04 07:50:00+00:00,0.0,0.0,0.0
2026-08-04 08:00:00+00:00,0.0,0.0,0.0
2026-08-04 08:10:00+00:00,2.6,0.0,2.6
2026-08-04 08:20:00+00:00,0.0,0.0,0.0
2026-08-04 08:30:00+00:00,0.0,0.0,0.0
2026-08-04 08:40:00+00:00,0.0,0.0,0.0
2026-08-04 08:50:00+00:00,0.0,0.0,0.0
2026-08-04 09:00:00+00:00,0.0,0.0,0.0
2026-08-04 09:10:00+00:00,0.0,0.0,0.0
2026-08-04 09:20:00+00:00,0.0,0.0,0.0
2026-08-04 09:30:00+00:00,0.0,0.0,0.0
2026-08-04 09:40:00+00:00,0.0,0.0,0.0
2026-08-04 09:50:00+00:00,4.6,4.6,0.0
2026-08-04 10:00:00+00:00,0.0,0.0,0.0
2026-08-04 10:10:00+00:00,0.0,0.0,0.0
2026-08-04 10:20:00+00:00,0.0,0.0,0.0
2026-08-04 10:30:00+00:00,0.0,0.0,0.0
2026-08-04 10:40:00+00:00,0.0,0.0,0.0
2026-08-04 10:50:00+00:00,0.2,0.2,0.0
2026-08-04 11:00:00+00:00,0.0,0.0,0.0
2026-08-04 11:10:00+00:00,0.0,0.0,0.0
2026-08-04 11:20:00+00:00,0.0,0.0,0.0
2026-08-04 11:30:00+00:00,0.0,0.0,0.0
2026-08-04 11:40:00+00:00,0.0,0.0,0.0
2026-08-04 11:50:00+00:00,0.0,0.0,0.0
2026-08-04 12:00:00+00:00,2.2,0.0,2.2
2026-08-04 12:10:00+00:00,0.0,0.0,0.0
2026-08-04 12:20:00+00:00,0.0,0.0,0.0
2026-08-04 12:30:00+00:00,0.0,0.0,0.0
2026-08-04 12:40:00+00:00,0.0,0.0,0.0
2026-08-04 12:50:00+00:00,0.0,0.0,0.0
2026-08-04 13:00:00+00:00,0.0,0.0,0.0
2026-08-04 13:10:00+00:00,0.0,0.0,0.0
2026-08-04 13:20:00+00:00,0.0,0.0,0.0
2026-08-04 13:30:00+00:00,0.0,0.0,0.0
2026-08-04 13:40:00+00:00,0.0,0.0,0.0
2026-08-04 13:50:00+00:00,0.0,0.0,0.0
2026-08-04 14:00:00+00:00,0.0,0.0,0.0
2026-08-04 14:10:00+00:00,0.0,0.0,0.0
2026-08-04 14:20:00+00:00,0.0,0.0,0.0
2026-08-04 14:30:00+00:00,0.0,0.0,0.0
2026-08-04 14:40:00+00:00,0.0,0.0,0.0
2026-08-04 14:50:00+00:00,0.2,0.2,0.0
2026-08-04 15:00:00+00:00,0.0,0.0,0.0
2026-08-04 15:10:00+00:00,0.0,0.0,0.0
2026-08-04 15:20:00+00:00,0.2,0.2,0.0
2026-08-04 15:30:00+00:00,0.0,0.0,0.0
2026-08-04 15:40:00+00:00,0.0,0.0,0.0
2026-08-04 15:50:00+00:00,0.0,0.0,0.0
2026-08-04 16:00:00+00:00,0.0,0.0,0.0
2026-08-04 16:10:00+00:00,0.0,0.0,0.0
2026-08-04 16:20:00+00:00,0.0,0.0,0.0
2026-08-04 16:30:00+00:00,0.0,0.0,0.0
2026-08-04 16:40:00+00:00,0.0,0.0,0.0
2026-08-04 16:50:00+00:00,0.0,0.0,0.0
2026-08-04 17:00:00+00:00,0.0,0.0,0.0
2026-08-04 17:10:00+00:00,0.0,0.0,0.0
2026-08-04 17:20:00+00:00,0.0,0.0,0.0
2026-08-04 17:30:00+00:00,0.0,0.0,0.0
2026-08-04 17:40:00+00:00,0.0,0.0,0.0
2026-08-04 17:50:00+00:00,0.0,0.0,0.0
2026-08-04 18:00:00+00:00,0.0,0.0,0.0
2026-08-04 18:10:00+00:00,0.0,0.0,0.0
2026-08-04 18:20:00+00:00,0.0,0.0,0.0
2026-08-04 18:30:00+00:00,0.0,0.0,0.0
2026-08-04 18:40:00+00:00,0.0,0.0,0.0
2026-08-04 18:50:00+00:00,0.0,0.0,0.0
2026-08-04 19:00:00+00:00,0.0,0.0,0.0
2026-08-04 19:10:00+00:00,0.0,0.0,0.0
2026-08-04 19:20:00+00:00,0.0,0.0,0.0
2026-08-04 19:30:00+00:00,0.0,0.0,0.0
2026-08-04 19:40:00+00:00,0.2,0.2,0.0
2026-08-04 19:50:00+00:00,0.0,0.0,0.0
2026-08-04 20:00:00+00:00,0.0,0.0,0.0
2026-08-04 20:10:00+00:00,0.0,0.0,0.0
2026-08-04 20:20:00+00:00,0.0,0.0,0.0
2026-08-04 20:30:00+00:00,0.0,0.0,0.0
2026-08-04 20:40:00+00:00,0.0,0.0,0.0
2026-08-04 20:50:00+00:00,0.0,0.0,0.0
2026-08-04 21:00:00+00:00,0.0,0.0,0.0
2026-08-04 21:10:00+00:00,0.0,0.0,0.0
2026-08-04 21:20:00+00:00,0.0,0.0,0.0
2026-08-04 21:30:00+00:00,0.0,0.0,0.0
2026-08-04 21:40:00+00:00,0.0,0.0,0.0
2026-08-04 21:50:00+00:00,0.0,0.0,0.0
2026-08-04 22:00:00+00:00,0.2,0.2,0.0
2026-08-04 22:10:00+00:00,0.0,0.0,0.0
2026-08-04 22:20:00+00:00,0.0,0.0,0.0
2026-08-04 22:30:00+00:00,0.0,0.0,0.0
2026-08-04 22:40:00+00:00,0.0,0.0,0.0
2026-08-04 22:50:00+00:00,0.0,0.0,0.0
2026-08-04 23:00:00+00:00,0.0,0.0,0.0
2026-08-04 23:10:00+00:00,0.0,0.0,0.0
2026-08-04 23:20:00+00:00,0.2,0.2,0.0
2026-08-04 23:30:00+00:00,0.0,0.0,0.0
2026-08-04 23:40:00+00:00,0.0,0.0,0.0
2026-08-04 23:50:00+00:00,0.0,0.0,0.0
2026-08-05 00:00:00+00:00,0.0,0.0,0.0
2026-08-05 00:10:00+00:00,0.0,0.0,0.0
2026-08-05 00:20:00+00:00,0.4,0.4,0.0
2026-08-05 00:30:00+00:00,0.0,0.0,0.0
2026-08-05 00:40:00+00:00,0.0,0.0,0.0
2026-08-05 00:50:00+00:00,0.0,0.0,0.0
2026-08-05 01:00:00+00:00,0.0,0.0,0.0
2026-08-05 01:10:00+00:00,0.0,0.0,0.0
2026-08-05 01:20:00+00:00,0.0,0.0,0.0
2026-08-05 01:30:00+00:00,0.0,0.0,0.0
2026-08-05 01:40:00+00:00,0.0,0.0,0.0
2026-08-05 01:50:00+00:00,0.0,0.0,0.0
2026-08-05 02:00:00+00:00,0.0,0.0,0.0
2026-08-05 02:10:00+00:00,0.0,0.0,0.0
2026-08-05 02:20:00+00:00,0.2,0.2,0.0
2026-08-05 02:30:00+00:00,0.0,0.0,0.0
2026-08-05 02:40:00+00:00,0.0,0.0,0.0
2026-08-05 02:50:00+00:00,0.2,0.2,0.0
2026-08-05 03:00:00+00:00,0.0,0.0,0.0
2026-08-05 03:10:00+00:00,0.0,0.0,0.0
2026-08-05 03:20:00+00:00,0.0,0.0,0.0
2026-08-05 03:30:00+00:00,0.0,0.0,0.0
2026-08-05 03:40:00+00:00,0.0,0.0,0.0
2026-08-05 03:50:00+00:00,0.0,0.0,0.0
2026-08-05 04:00:00+00:00,0.0,0.0,0.0
2026-08-05 04:10:00+00:00,0.0,0.0,0.0
2026-08-05 04:20:00+00:00,0.0,0.0,0.0
2026-08-05 04:30:00+00:00,0.0,0.0,0.0
2026-08-05 04:40:00+00:00,0.0,0.0,0.0
2026-08-05 04:50:00+00:00,2.4,2.4,0.0
2026-08-05 05:00:00+00:00,6.6,0.4,6.2
2026-08-05 05:10:00+00:00,4.6,0.4,4.2
2026-08-05 05:20:00+00:00,0.6,0.6,0.0
2026-08-05 05:30:00+00:00,7.2,0.0,7.2
2026-08-05 05:40:00+00:00,1.6,1.6,0.0
2026-08-05 05:50:00+00:00,7.2,7.2,0.0
2026-08-05 06:00:00+00:00,0.0,0.0,0.0
2026-08-05 06:10:00+00:00,1.0,1.0,0.0
2026-08-05 06:20:00+00:00,0.2,0.2,0.0
2026-08-05 06:30:00+00:00,0.0,0.0,0.0
2026-08-05 06:40:00+00:00,0.0,0.0,0.0
2026-08-05 06:50:00+00:00,21.4,0.0,21.4
2026-08-05 07:00:00+00:00,5.4,0.0,5.4
2026-08-05 07:10:00+00:00,22.6,0.0,22.6
2026-08-05 07:20:00+00:00,5.2,5.2,0.0
2026-08-05 07:30:00+00:00,10.8,0.8,10.0
2026-08-05 07:40:00+00:00,0.0,0.0,0.0
2026-08-05 07:50:00+00:00,8.2,0.0,8.2
2026-08-05 08:00:00+00:00,0.6,0.0,0.6
2026-08-05 08:10:00+00:00,8.0,8.0,0.0
2026-08-05 08:20:00+00:00,0.0,0.0,0.0
2026-08-05 08:30:00+00:00,0.0,0.0,0.0
2026-08-05 08:40:00+00:00,0.6,0.0,0.6
2026-08-05 08:50:00+00:00,0.0,0.0,0.0
2026-08-05 09:00:00+00:00,0.0,0.0,0.0
2026-08-05 09:10:00+00:00,6.6,6.6,0.0
2026-08-05 09:20:00+00:00,0.0,0.0,0.0
2026-08-05 09:30:00+00:00,0.0,0.0,0.0
2026-08-05 09:40:00+00:00,0.0,0.0,0.0
2026-08-05 09:50:00+00:00,0.2,0.2,0.0
2026-08-05 10:00:00+00:00,0.0,0.0,0.0
2026-08-05 10:10:00+00:00,0.2,0.2,0.0
2026-08-05 10:20:00+00:00,0.0,0.0,0.0
2026-08-05 10:30:00+00:00,0.0,0.0,0.0
2026-08-05 10:40:00+00:00,1.4,0.0,1.4
2026-08-05 10:50:00+00:00,0.0,0.0,0.0
2026-08-05 11:00:00+00:00,1.6,0.0,1.6
2026-08-05 11:10:00+00:00,1.0,0.0,1.0
2026-08-05 11:20:00+00:00,7.6,7.6,0.0
2026-08-05 11:30:00+00:00,0.0,0.0,0.0
2026-08-05 11:40:00+00:00,0.0,0.0,0.0
2026-08-05 11:50:00+00:00,0.0,0.0,0.0
2026-08-05 12:00:00+00:00,0.2,0.2,0.0
2026-08-05 12:10:00+00:00,0.0,0.0,0.0
2026-08-05 12:20:00+00:00,0.0,0.0,0.0
2026-08-05 12:30:00+00:00,0.0,0.0,0.0
2026-08-05 12:40:00+00:00,0.0,0.0,0.0
2026-08-05 12:50:00+00:00,0.0,0.0,0.0
2026-08-05 13:00:00+00:00,0.0,0.0,0.0
2026-08-05 13:10:00+00:00,0.0,0.0,0.0
2026-08-05 13:20:00+00:00,0.0,0.0,0.0
2026-08-05 13:30:00+00:00,0.0,0.0,0.0
2026-08-05 13:40:00+00:00,0.2,0.2,0.0
2026-08-05 13:50:00+00:00,0.0,0.0,0.0
2026-08-05 14:00:00+00:00,0.0,0.0,0.0
2026-08-05 14:10:00+00:00,0.0,0.0,0.0
2026-08-05 14:20:00+00:00,0.0,0.0,0.0
2026-08-05 14:30:00+00:00,0.2,0.2,0.0
2026-08-05 14:40:00+00:00,0.0,0.0,0.0
2026-08-05 14:50:00+00:00,0.0,0.0,0.0
2026-08-05 15:00:00+00:00,0.0,0.0,0.0
2026-08-05 15:10:00+00:00,0.0,0.0,0.0
2026-08-05 15:20:00+00:00,0.2,0.2,0.0
2026-08-05 15:30:00+00:00,0.0,0.0,0.0
2026-08-05 15:40:00+00:00,0.0,0.0,0.0
2026-08-05 15:50:00+00:00,0.0,0.0,0.0
2026-08-05 16:00:00+00:00,0.0,0.0,0.0
2026-08-05 16:10:00+00:00,0.0,0.0,0.0
2026-08-05 16:20:00+00:00,0.0,0.0,0.0
2026-08-05 16:30:00+00:00,0.0,0.0,0.0
2026-08-05 16:40:00+00:00,0.0,0.0,0.0
2026-08-05 16:50:00+00:00,0.0,0.0,0.0
2026-08-05 17:00:00+00:00,0.0,0.0,0.0
2026-08-05 17:10:00+00:00,0.0,0.0,0.0
2026-08-05 17:20:00+00:00,0.0,0.0,0.0
2026-08-05 17:30:00+00:00,0.0,0.0,0.0
2026-08-05 17:40:00+00:00,0.0,0.0,0.0
2026-08-05 17:50:00+00:00,0.0,0.0,0.0
2026-08-05 18:00:00+00:00,0.0,0.0,0.0
2026-08-05 18:10:00+00:00,0.0,0.0,0.0
2026-08-05 18:20:00+00:00,0.0,0.0,0.0
2026-08-05 18:30:00+00:00,0.0,0.0,0.0
2026-08-05 18:40:00+00:00,0.0,0.0,0.0
2026-08-05 18:50:00+00:00,0.0,0.0,0.0
2026-08-05 19:00:00+00:00,0.0,0.0,0.0
2026-08-05 19:10:00+00:00,0.0,0.0,0.0
2026-08-05 19:20:00+00:00,0.0,0.0,0.0
2026-08-05 19:30:00+00:00,0.0,0.0,0.0
2026-08-05 19:40:00+00:00,0.0,0.0,0.0
2026-08-05 19:50:00+00:00,,,
